"idCpu";"registro";"hora"
1;34.6;"2022-10-24 21:45:42"
2;23.2;"2022-10-24 21:45:43"
3;23.9;"2022-10-24 21:45:44"
4;35.8;"2022-10-24 21:45:45"
5;18.9;"2022-10-24 21:45:46"
6;32.4;"2022-10-24 21:45:47"
7;32.2;"2022-10-24 21:45:48"
8;27.6;"2022-10-24 21:45:49"
9;28.2;"2022-10-24 21:45:50"
10;30.0;"2022-10-24 21:45:51"
11;42.6;"2022-10-24 21:45:52"
12;36.3;"2022-10-24 21:45:54"
13;46.4;"2022-10-24 21:45:55"
14;45.2;"2022-10-24 21:45:56"
15;38.9;"2022-10-24 21:45:57"
16;56.2;"2022-10-24 21:45:58"
17;30.2;"2022-10-24 21:45:59"
18;55.5;"2022-10-24 21:46:00"
19;20.3;"2022-10-24 21:46:01"
20;24.9;"2022-10-24 21:46:02"
21;33.3;"2022-10-24 21:46:03"
22;20.8;"2022-10-24 21:46:04"
23;45.2;"2022-10-24 21:46:06"
24;42.3;"2022-10-24 21:46:07"
25;26.5;"2022-10-24 21:46:08"
26;27.0;"2022-10-24 21:46:09"
27;34.2;"2022-10-24 21:46:10"
28;29.1;"2022-10-24 21:46:11"
29;22.3;"2022-10-24 21:46:12"
30;85.9;"2022-10-24 21:46:13"
31;79.0;"2022-10-24 21:46:14"
32;55.5;"2022-10-24 21:46:15"
33;73.2;"2022-10-24 21:46:16"
34;87.4;"2022-10-24 21:46:17"
35;34.9;"2022-10-24 21:46:19"
36;22.2;"2022-10-24 21:46:20"
37;42.2;"2022-10-24 21:46:21"
38;38.4;"2022-10-24 21:46:22"
39;54.4;"2022-10-24 21:46:23"
40;50.8;"2022-10-24 21:46:24"
41;57.5;"2022-10-24 21:46:25"
42;34.4;"2022-10-24 21:46:26"
43;49.6;"2022-10-24 21:46:28"
44;59.5;"2022-10-24 21:46:29"
45;52.5;"2022-10-24 21:46:30"
46;46.7;"2022-10-24 21:46:31"
47;34.2;"2022-10-24 21:46:34"
48;17.2;"2022-10-24 21:46:35"
49;36.4;"2022-10-24 21:46:36"
50;29.5;"2022-10-24 21:46:38"
51;25.8;"2022-10-24 21:46:39"
52;36.0;"2022-10-24 21:46:40"
53;18.4;"2022-10-24 21:46:41"
54;17.2;"2022-10-24 21:46:42"
55;20.0;"2022-10-24 21:46:43"
56;17.2;"2022-10-24 21:46:44"
57;26.1;"2022-10-24 21:46:45"
58;17.4;"2022-10-24 21:46:46"
59;17.2;"2022-10-24 21:46:47"
60;26.5;"2022-10-24 21:46:48"
61;27.8;"2022-10-24 21:46:49"
62;21.8;"2022-10-24 21:46:50"
63;12.8;"2022-10-24 21:46:52"
64;9.8;"2022-10-24 21:46:53"
65;16.9;"2022-10-24 21:46:54"
66;18.5;"2022-10-24 21:46:55"
67;14.3;"2022-10-24 21:46:56"
68;24.1;"2022-10-24 21:46:57"
69;17.4;"2022-10-24 21:46:58"
70;11.0;"2022-10-24 21:46:59"
71;21.5;"2022-10-24 21:47:00"
72;14.6;"2022-10-24 21:47:02"
73;12.5;"2022-10-24 21:47:03"
74;26.0;"2022-10-24 21:47:04"
75;26.4;"2022-10-24 21:47:05"
76;18.3;"2022-10-24 21:47:06"
77;19.2;"2022-10-24 21:47:07"
78;28.0;"2022-10-24 21:47:09"
79;11.5;"2022-10-24 21:47:10"
80;18.6;"2022-10-24 21:47:11"
81;33.6;"2022-10-24 21:47:12"
82;79.6;"2022-10-24 21:47:13"
83;72.3;"2022-10-24 21:47:15"
84;38.8;"2022-10-24 21:47:16"
85;51.3;"2022-10-24 21:47:17"
86;57.4;"2022-10-24 21:47:18"
87;41.6;"2022-10-24 21:47:19"
88;33.7;"2022-10-24 21:47:20"
89;25.6;"2022-10-24 21:47:21"
90;19.5;"2022-10-24 21:47:22"
91;23.4;"2022-10-24 21:47:23"
92;17.8;"2022-10-24 21:47:25"
93;15.8;"2022-10-24 21:47:26"
94;30.5;"2022-10-24 21:47:27"
95;25.8;"2022-10-24 21:47:28"
96;20.6;"2022-10-24 21:47:29"
97;25.3;"2022-10-24 21:47:30"
98;3.8;"2022-10-24 21:47:31"
99;6.9;"2022-10-24 21:47:32"
100;13.9;"2022-10-24 21:47:33"
101;9.5;"2022-10-24 21:47:34"
102;16.7;"2022-10-24 21:47:35"
103;7.7;"2022-10-24 21:47:37"
104;9.2;"2022-10-24 21:47:38"
105;5.1;"2022-10-24 21:47:39"
106;14.8;"2022-10-24 21:47:40"
107;9.6;"2022-10-24 21:47:41"
108;8.1;"2022-10-24 21:47:42"
109;4.2;"2022-10-24 21:47:43"
110;12.7;"2022-10-24 21:47:44"
111;14.9;"2022-10-24 21:47:46"
112;6.9;"2022-10-24 21:47:47"
113;12.8;"2022-10-24 21:47:48"
114;14.6;"2022-10-24 21:47:49"
115;7.4;"2022-10-24 21:47:50"
116;8.0;"2022-10-24 21:47:51"
117;9.5;"2022-10-24 21:47:52"
118;3.9;"2022-10-24 21:47:53"
119;15.4;"2022-10-24 21:47:54"
120;9.6;"2022-10-24 21:47:55"
121;16.4;"2022-10-24 21:47:56"
122;8.8;"2022-10-24 21:47:57"
123;6.8;"2022-10-24 21:47:58"
124;10.5;"2022-10-24 21:48:00"
125;9.7;"2022-10-24 21:48:01"
126;12.9;"2022-10-24 21:48:02"
127;10.6;"2022-10-24 21:48:03"
128;5.0;"2022-10-24 21:48:04"
129;5.8;"2022-10-24 21:48:05"
130;8.1;"2022-10-24 21:48:06"
131;5.0;"2022-10-24 21:48:07"
132;13.6;"2022-10-24 21:48:08"
133;18.8;"2022-10-24 21:48:09"
134;9.1;"2022-10-24 21:48:11"
135;12.1;"2022-10-24 21:48:12"
136;3.5;"2022-10-24 21:48:13"
137;6.6;"2022-10-24 21:48:14"
138;8.9;"2022-10-24 21:48:15"
139;5.4;"2022-10-24 21:48:16"
140;19.1;"2022-10-24 21:48:17"
141;18.2;"2022-10-24 21:48:18"
142;15.8;"2022-10-24 21:48:19"
143;22.6;"2022-10-24 21:48:21"
144;11.9;"2022-10-24 21:48:22"
145;17.9;"2022-10-24 21:48:23"
146;22.8;"2022-10-24 21:48:24"
147;23.8;"2022-10-24 21:48:25"
148;15.3;"2022-10-24 21:48:26"
149;10.9;"2022-10-24 21:48:27"
150;18.5;"2022-10-24 21:48:28"
151;8.6;"2022-10-24 21:48:29"
152;14.4;"2022-10-24 21:48:30"
153;11.7;"2022-10-24 21:48:31"
154;11.5;"2022-10-24 21:48:32"
155;20.8;"2022-10-24 21:48:33"
156;64.5;"2022-10-24 21:48:34"
157;47.3;"2022-10-24 21:48:35"
158;27.6;"2022-10-24 21:48:37"
159;32.5;"2022-10-24 21:48:38"
160;23.3;"2022-10-24 21:48:39"
161;40.3;"2022-10-24 21:48:40"
162;25.3;"2022-10-24 21:48:41"
163;32.8;"2022-10-24 21:48:42"
164;29.5;"2022-10-24 21:48:43"
165;36.7;"2022-10-24 21:48:44"
166;19.2;"2022-10-24 21:48:45"
167;49.6;"2022-10-24 21:48:47"
168;27.8;"2022-10-24 21:48:48"
169;29.3;"2022-10-24 21:48:49"
170;22.6;"2022-10-24 21:48:50"
171;12.4;"2022-10-24 21:48:51"
172;10.2;"2022-10-24 21:48:52"
173;8.5;"2022-10-24 21:48:53"
174;7.4;"2022-10-24 21:48:54"
175;3.9;"2022-10-24 21:48:55"
176;22.8;"2022-10-24 21:48:56"
177;18.7;"2022-10-24 21:48:57"
178;10.7;"2022-10-24 21:48:58"
179;7.7;"2022-10-24 21:49:00"
180;16.7;"2022-10-24 21:49:01"
181;12.4;"2022-10-24 21:49:02"
182;14.0;"2022-10-24 21:49:03"
183;8.0;"2022-10-24 21:49:04"
184;12.5;"2022-10-24 21:49:06"
185;8.8;"2022-10-24 21:49:07"
186;12.0;"2022-10-24 21:49:08"
187;6.1;"2022-10-24 21:49:09"
188;8.4;"2022-10-24 21:49:10"
189;6.2;"2022-10-24 21:49:11"
190;20.6;"2022-10-24 21:49:12"
191;15.5;"2022-10-24 21:49:13"
192;53.1;"2022-10-24 21:49:14"
193;28.7;"2022-10-24 21:49:15"
194;48.5;"2022-10-24 21:49:16"
195;19.6;"2022-10-24 21:49:17"
196;29.2;"2022-10-24 21:49:19"
197;24.7;"2022-10-24 21:49:20"
198;32.6;"2022-10-24 21:49:21"
199;29.8;"2022-10-24 21:49:22"
200;29.3;"2022-10-24 21:49:23"
201;23.4;"2022-10-24 21:49:24"
202;26.5;"2022-10-24 21:49:25"
203;32.0;"2022-10-24 21:49:26"
204;37.9;"2022-10-24 21:49:27"
205;33.5;"2022-10-24 21:49:29"
206;20.9;"2022-10-24 21:49:30"
207;71.4;"2022-10-24 21:49:31"
208;35.0;"2022-10-24 21:49:32"
209;30.8;"2022-10-24 21:49:33"
210;31.0;"2022-10-24 21:49:34"
211;24.8;"2022-10-24 21:49:35"
212;19.2;"2022-10-24 21:49:36"
213;24.1;"2022-10-24 21:49:37"
214;39.8;"2022-10-24 21:49:38"
215;35.8;"2022-10-24 21:49:39"
216;50.4;"2022-10-24 21:49:41"
217;47.0;"2022-10-24 21:49:42"
218;26.6;"2022-10-24 21:49:43"
219;76.3;"2022-10-24 21:49:44"
220;34.9;"2022-10-24 21:49:45"
221;36.0;"2022-10-24 21:49:46"
222;27.1;"2022-10-24 21:49:47"
223;21.1;"2022-10-24 21:49:48"
224;17.1;"2022-10-24 21:49:49"
225;17.0;"2022-10-24 21:49:50"
226;19.9;"2022-10-24 21:49:52"
227;8.4;"2022-10-24 21:49:53"
228;11.8;"2022-10-24 21:49:54"
229;26.4;"2022-10-24 21:49:55"
230;32.4;"2022-10-24 21:49:56"
231;50.8;"2022-10-24 21:49:57"
232;45.0;"2022-10-24 21:49:58"
233;18.6;"2022-10-24 21:49:59"
234;13.7;"2022-10-24 21:50:00"
235;12.7;"2022-10-24 21:50:01"
236;4.7;"2022-10-24 21:50:02"
237;10.7;"2022-10-24 21:50:03"
238;11.9;"2022-10-24 21:50:04"
239;19.6;"2022-10-24 21:50:05"
240;11.5;"2022-10-24 21:50:07"
241;15.4;"2022-10-24 21:50:08"
242;13.6;"2022-10-24 21:50:09"
243;10.0;"2022-10-24 21:50:10"
244;15.4;"2022-10-24 21:50:11"
245;14.0;"2022-10-24 21:50:12"
246;11.5;"2022-10-24 21:50:13"
247;20.1;"2022-10-24 21:50:14"
248;18.9;"2022-10-24 21:50:15"
249;32.4;"2022-10-24 21:50:16"
250;25.4;"2022-10-24 21:50:17"
251;29.2;"2022-10-24 21:50:19"
252;16.2;"2022-10-24 21:50:20"
253;23.1;"2022-10-24 21:50:21"
254;19.5;"2022-10-24 21:50:22"
255;13.4;"2022-10-24 21:50:23"
256;7.6;"2022-10-24 21:50:24"
257;4.6;"2022-10-24 21:50:25"
258;5.4;"2022-10-24 21:50:26"
259;8.8;"2022-10-24 21:50:27"
260;17.3;"2022-10-24 21:50:28"
261;20.2;"2022-10-24 21:50:29"
262;26.6;"2022-10-24 21:50:30"
263;14.9;"2022-10-24 21:50:31"
264;10.3;"2022-10-24 21:50:32"
265;7.3;"2022-10-24 21:50:33"
266;3.1;"2022-10-24 21:50:35"
267;2.7;"2022-10-24 21:50:36"
268;5.8;"2022-10-24 21:50:37"
269;7.3;"2022-10-24 21:50:38"
270;10.5;"2022-10-24 21:50:39"
271;7.3;"2022-10-24 21:50:40"
272;9.5;"2022-10-24 21:50:42"
273;4.3;"2022-10-24 21:50:43"
274;7.7;"2022-10-24 21:50:44"
275;3.9;"2022-10-24 21:50:45"
276;2.3;"2022-10-24 21:50:46"
277;6.9;"2022-10-24 21:50:47"
278;5.0;"2022-10-24 21:50:48"
279;15.6;"2022-10-24 21:50:49"
280;8.8;"2022-10-24 21:50:50"
281;2.7;"2022-10-24 21:50:51"
282;6.9;"2022-10-24 21:50:52"
283;3.1;"2022-10-24 21:50:53"
284;4.2;"2022-10-24 21:50:55"
285;3.5;"2022-10-24 21:50:56"
286;4.7;"2022-10-24 21:50:57"
287;40.4;"2022-10-24 21:50:58"
288;17.4;"2022-10-24 21:50:59"
289;35.3;"2022-10-24 21:51:00"
290;70.6;"2022-10-24 21:51:01"
291;34.1;"2022-10-24 21:51:03"
292;26.8;"2022-10-24 21:51:04"
293;63.9;"2022-10-24 21:51:05"
294;22.0;"2022-10-24 21:51:06"
295;88.3;"2022-10-24 21:51:07"
296;83.2;"2022-10-24 21:51:08"
297;55.9;"2022-10-24 21:51:10"
298;34.2;"2022-10-24 21:51:11"
299;54.9;"2022-10-24 21:51:12"
300;87.9;"2022-10-24 21:51:13"
301;98.8;"2022-10-24 21:51:14"
302;63.0;"2022-10-24 21:51:15"
303;16.2;"2022-10-24 21:51:16"
304;21.3;"2022-10-24 21:51:17"
305;48.3;"2022-10-24 21:51:18"
306;71.2;"2022-10-24 21:51:20"
307;77.9;"2022-10-24 21:51:21"
308;64.6;"2022-10-24 21:51:22"
309;48.5;"2022-10-24 21:51:23"
310;33.6;"2022-10-24 21:51:25"
311;17.0;"2022-10-24 21:51:26"
312;41.6;"2022-10-24 21:51:27"
313;22.0;"2022-10-24 21:51:28"
314;23.6;"2022-10-24 21:51:29"
315;25.2;"2022-10-24 21:51:30"
316;34.0;"2022-10-24 21:51:31"
317;77.1;"2022-10-24 21:51:33"
318;34.9;"2022-10-24 21:51:34"
319;23.3;"2022-10-24 21:51:35"
320;34.6;"2022-10-24 21:51:36"
321;25.3;"2022-10-24 21:51:37"
322;65.0;"2022-10-24 21:51:38"
323;49.8;"2022-10-24 21:51:39"
324;49.3;"2022-10-24 21:51:40"
325;31.1;"2022-10-24 21:51:41"
326;29.3;"2022-10-24 21:51:42"
327;35.5;"2022-10-24 21:51:43"
328;24.1;"2022-10-24 21:51:44"
329;37.6;"2022-10-24 21:51:45"
330;51.9;"2022-10-24 21:51:47"
331;53.3;"2022-10-24 21:51:49"
332;20.9;"2022-10-24 21:51:51"
333;19.8;"2022-10-24 21:51:52"
334;23.1;"2022-10-24 21:51:53"
335;34.4;"2022-10-24 21:51:54"
336;14.1;"2022-10-24 21:51:55"
337;47.3;"2022-10-24 21:51:56"
338;35.1;"2022-10-24 21:51:57"
339;45.7;"2022-10-24 21:51:58"
340;29.5;"2022-10-24 21:51:59"
341;20.5;"2022-10-24 21:52:01"
342;21.8;"2022-10-24 21:52:02"
343;6.9;"2022-10-24 21:52:03"
344;12.6;"2022-10-24 21:52:04"
345;20.9;"2022-10-24 21:52:05"
346;18.0;"2022-10-24 21:52:06"
347;9.5;"2022-10-24 21:52:07"
348;13.6;"2022-10-24 21:52:09"
349;16.3;"2022-10-24 21:52:10"
350;13.7;"2022-10-24 21:52:11"
351;15.9;"2022-10-24 21:52:12"
352;5.3;"2022-10-24 21:52:13"
353;14.0;"2022-10-24 21:52:14"
354;12.4;"2022-10-24 21:52:15"
355;14.7;"2022-10-24 21:52:16"
356;25.4;"2022-10-24 21:52:17"
357;13.6;"2022-10-24 21:52:18"
358;23.6;"2022-10-24 21:52:19"
359;11.9;"2022-10-24 21:52:20"
360;17.2;"2022-10-24 21:52:21"
361;19.5;"2022-10-24 21:52:23"
362;19.6;"2022-10-24 21:52:24"
363;9.5;"2022-10-24 21:52:25"
364;6.2;"2022-10-24 21:52:26"
365;7.3;"2022-10-24 21:52:27"
366;3.9;"2022-10-24 21:52:28"
367;6.6;"2022-10-24 21:52:29"
368;4.6;"2022-10-24 21:52:30"
369;3.4;"2022-10-24 21:52:31"
370;5.5;"2022-10-24 21:52:32"
371;7.8;"2022-10-24 21:52:33"
372;9.7;"2022-10-24 21:52:34"
373;4.6;"2022-10-24 21:52:35"
374;8.0;"2022-10-24 21:52:37"
375;8.5;"2022-10-24 21:52:38"
376;16.9;"2022-10-24 21:52:39"
377;14.6;"2022-10-24 21:52:40"
378;8.2;"2022-10-24 21:52:41"
379;6.2;"2022-10-24 21:52:42"
380;29.0;"2022-10-24 21:52:43"
381;17.8;"2022-10-24 21:52:44"
382;13.2;"2022-10-24 21:52:45"
383;23.9;"2022-10-24 21:52:46"
384;22.6;"2022-10-24 21:52:47"
385;22.9;"2022-10-24 21:52:48"
386;18.8;"2022-10-24 21:52:49"
387;23.6;"2022-10-24 21:52:51"
388;34.5;"2022-10-24 21:52:52"
389;26.1;"2022-10-24 21:52:53"
390;21.6;"2022-10-24 21:52:54"
391;20.8;"2022-10-24 21:52:55"
392;27.6;"2022-10-24 21:52:56"
393;21.2;"2022-10-24 21:52:57"
394;31.0;"2022-10-24 21:52:58"
395;26.8;"2022-10-24 21:52:59"
396;23.8;"2022-10-24 21:53:01"
397;24.8;"2022-10-24 21:53:02"
398;22.3;"2022-10-24 21:53:03"
399;21.6;"2022-10-24 21:53:04"
400;26.7;"2022-10-24 21:53:05"
401;24.9;"2022-10-24 21:53:06"
402;23.8;"2022-10-24 21:53:07"
403;31.0;"2022-10-24 21:53:08"
404;26.3;"2022-10-24 21:53:09"
405;30.2;"2022-10-24 21:53:11"
406;47.3;"2022-10-24 21:53:12"
407;39.6;"2022-10-24 21:53:13"
408;39.7;"2022-10-24 21:53:14"
409;57.6;"2022-10-24 21:53:15"
410;35.8;"2022-10-24 21:53:16"
411;33.2;"2022-10-24 21:53:17"
412;22.4;"2022-10-24 21:53:18"
413;20.7;"2022-10-24 21:53:19"
414;22.6;"2022-10-24 21:53:20"
415;27.1;"2022-10-24 21:53:21"
416;30.9;"2022-10-24 21:53:22"
417;26.4;"2022-10-24 21:53:23"
418;21.5;"2022-10-24 21:53:25"
419;20.0;"2022-10-24 21:53:26"
420;21.8;"2022-10-24 21:53:27"
421;18.6;"2022-10-24 21:53:28"
422;23.4;"2022-10-24 21:53:29"
423;28.9;"2022-10-24 21:53:30"
424;24.6;"2022-10-24 21:53:31"
425;23.0;"2022-10-24 21:53:32"
426;15.0;"2022-10-24 21:53:34"
427;23.7;"2022-10-24 21:53:35"
428;15.9;"2022-10-24 21:53:36"
429;16.0;"2022-10-24 21:53:37"
430;21.9;"2022-10-24 21:53:38"
431;25.0;"2022-10-24 21:53:39"
432;19.1;"2022-10-24 21:53:40"
433;19.5;"2022-10-24 21:53:41"
434;20.3;"2022-10-24 21:53:42"
435;25.1;"2022-10-24 21:53:43"
436;22.3;"2022-10-24 21:53:45"
437;18.4;"2022-10-24 21:53:46"
438;22.1;"2022-10-24 21:53:47"
439;22.5;"2022-10-24 21:53:48"
440;22.1;"2022-10-24 21:53:49"
441;21.1;"2022-10-24 21:53:50"
442;16.7;"2022-10-24 21:53:51"
443;33.0;"2022-10-24 21:53:52"
444;19.5;"2022-10-24 21:53:53"
445;20.5;"2022-10-24 21:53:54"
446;21.0;"2022-10-24 21:53:55"
447;26.5;"2022-10-24 21:53:57"
448;16.9;"2022-10-24 21:53:58"
449;27.3;"2022-10-24 21:53:59"
450;34.5;"2022-10-24 21:54:00"
451;28.4;"2022-10-24 21:54:01"
452;18.3;"2022-10-24 21:54:02"
453;8.0;"2022-10-24 21:54:03"
454;11.1;"2022-10-24 21:54:04"
455;12.5;"2022-10-24 21:54:05"
456;12.3;"2022-10-24 21:54:06"
457;5.8;"2022-10-24 21:54:07"
458;9.7;"2022-10-24 21:54:08"
459;11.7;"2022-10-24 21:54:10"
460;16.3;"2022-10-24 21:54:11"
461;8.6;"2022-10-24 21:54:12"
462;14.0;"2022-10-24 21:54:13"
463;16.1;"2022-10-24 21:54:14"
464;10.4;"2022-10-24 21:54:15"
465;11.0;"2022-10-24 21:54:16"
466;13.4;"2022-10-24 21:54:17"
467;18.0;"2022-10-24 21:54:18"
468;9.8;"2022-10-24 21:54:19"
469;8.6;"2022-10-24 21:54:20"
470;10.9;"2022-10-24 21:54:21"
471;17.3;"2022-10-24 21:54:23"
472;8.8;"2022-10-24 21:54:24"
473;21.4;"2022-10-24 21:54:25"
474;20.1;"2022-10-24 21:54:26"
475;41.9;"2022-10-24 21:54:27"
476;14.4;"2022-10-24 21:54:28"
477;21.2;"2022-10-24 21:54:29"
478;16.7;"2022-10-24 21:54:30"
479;41.2;"2022-10-24 21:54:31"
480;82.0;"2022-10-24 21:54:33"
481;68.5;"2022-10-24 21:54:34"
482;28.2;"2022-10-24 21:54:35"
483;10.5;"2022-10-24 21:54:36"
484;5.4;"2022-10-24 21:54:37"
485;10.0;"2022-10-24 21:54:38"
486;19.8;"2022-10-24 21:54:39"
487;4.3;"2022-10-24 21:54:40"
488;55.4;"2022-10-24 21:54:41"
489;67.8;"2022-10-24 21:54:42"
490;87.1;"2022-10-24 21:54:44"
491;65.5;"2022-10-24 21:54:45"
492;80.1;"2022-10-24 21:54:46"
493;94.6;"2022-10-24 21:54:47"
494;70.7;"2022-10-24 21:54:48"
495;36.5;"2022-10-24 21:54:49"
496;25.3;"2022-10-24 21:54:51"
497;59.2;"2022-10-24 21:54:52"
498;25.0;"2022-10-24 21:54:53"
499;19.7;"2022-10-24 21:54:54"
500;25.3;"2022-10-24 21:54:55"
501;21.3;"2022-10-24 21:54:56"
502;45.2;"2022-10-24 21:54:57"
503;17.4;"2022-10-24 21:54:58"
504;27.2;"2022-10-24 21:54:59"
505;20.3;"2022-10-24 21:55:01"
506;23.7;"2022-10-24 21:55:02"
507;32.6;"2022-10-24 21:55:03"
508;42.6;"2022-10-24 21:55:04"
509;8.1;"2022-10-24 21:55:05"
510;12.3;"2022-10-24 21:55:06"
511;10.5;"2022-10-24 21:55:07"
512;10.2;"2022-10-24 21:55:08"
513;10.1;"2022-10-24 21:55:10"
514;8.8;"2022-10-24 21:55:11"
515;11.8;"2022-10-24 21:55:12"
516;10.0;"2022-10-24 21:55:13"
517;10.5;"2022-10-24 21:55:14"
518;13.2;"2022-10-24 21:55:15"
519;15.9;"2022-10-24 21:55:16"
520;23.3;"2022-10-24 21:55:17"
521;25.4;"2022-10-24 21:55:18"
522;55.1;"2022-10-24 21:55:19"
523;36.8;"2022-10-24 21:55:20"
524;34.8;"2022-10-24 21:55:21"
525;10.5;"2022-10-24 21:55:23"
526;8.6;"2022-10-24 21:55:24"
527;11.2;"2022-10-24 21:55:25"
528;8.0;"2022-10-24 21:55:26"
529;11.9;"2022-10-24 21:55:27"
530;8.1;"2022-10-24 21:55:28"
531;21.3;"2022-10-24 21:55:29"
532;18.7;"2022-10-24 21:55:30"
533;7.7;"2022-10-24 21:55:31"
534;16.5;"2022-10-24 21:55:33"
535;10.5;"2022-10-24 21:55:34"
536;10.5;"2022-10-24 21:55:35"
537;19.3;"2022-10-24 21:55:36"
538;33.1;"2022-10-24 21:55:37"
539;17.8;"2022-10-24 21:55:38"
540;28.7;"2022-10-24 21:55:39"
541;19.8;"2022-10-24 21:55:40"
542;23.6;"2022-10-24 21:55:41"
543;21.4;"2022-10-24 21:55:42"
544;19.7;"2022-10-24 21:55:43"
545;12.6;"2022-10-24 21:55:44"
546;17.2;"2022-10-24 21:55:45"
547;45.3;"2022-10-24 21:55:47"
548;27.3;"2022-10-24 21:55:48"
549;23.3;"2022-10-24 21:55:49"
550;20.3;"2022-10-24 21:55:50"
551;26.6;"2022-10-24 21:55:51"
552;17.1;"2022-10-24 21:55:53"
553;20.2;"2022-10-24 21:55:54"
554;16.3;"2022-10-24 21:55:55"
555;21.1;"2022-10-24 21:55:56"
556;26.5;"2022-10-24 21:55:57"
557;16.0;"2022-10-24 21:55:58"
558;26.4;"2022-10-24 21:55:59"
559;18.1;"2022-10-24 21:56:01"
560;22.5;"2022-10-24 21:56:02"
561;26.5;"2022-10-24 21:56:03"
562;30.9;"2022-10-24 21:56:04"
563;31.4;"2022-10-24 21:56:05"
564;51.4;"2022-10-24 21:56:07"
565;33.3;"2022-10-24 21:56:08"
566;17.4;"2022-10-24 21:56:09"
567;35.4;"2022-10-24 21:56:10"
568;37.2;"2022-10-24 21:56:11"
569;27.8;"2022-10-24 21:56:12"
570;30.7;"2022-10-24 21:56:14"
571;6.2;"2022-10-24 21:56:15"
572;8.0;"2022-10-24 21:56:16"
573;10.5;"2022-10-24 21:56:17"
574;13.0;"2022-10-24 21:56:18"
575;12.4;"2022-10-24 21:56:19"
576;19.8;"2022-10-24 21:56:20"
577;18.8;"2022-10-24 21:56:21"
578;24.2;"2022-10-24 21:56:23"
579;14.2;"2022-10-24 21:56:24"
580;15.3;"2022-10-24 21:56:25"
581;20.4;"2022-10-24 21:56:26"
582;9.2;"2022-10-24 21:56:27"
583;5.4;"2022-10-24 21:56:28"
584;11.5;"2022-10-24 21:56:29"
585;15.0;"2022-10-24 21:56:30"
586;14.6;"2022-10-24 21:56:31"
587;22.5;"2022-10-24 21:56:32"
588;25.1;"2022-10-24 21:56:34"
589;32.3;"2022-10-24 21:56:35"
590;44.3;"2022-10-24 21:56:36"
591;34.3;"2022-10-24 21:56:37"
592;21.8;"2022-10-24 21:56:38"
593;22.1;"2022-10-24 21:56:39"
594;31.9;"2022-10-24 21:56:40"
595;17.2;"2022-10-24 21:56:41"
596;18.8;"2022-10-24 21:56:42"
597;5.0;"2022-10-24 21:56:43"
598;6.6;"2022-10-24 21:56:45"
599;12.3;"2022-10-24 21:56:46"
600;13.9;"2022-10-24 21:56:47"
601;12.5;"2022-10-24 21:56:48"
602;20.8;"2022-10-24 21:56:49"
603;26.2;"2022-10-24 21:56:50"
604;19.7;"2022-10-24 21:56:52"
605;36.9;"2022-10-24 21:56:53"
606;19.8;"2022-10-24 21:56:54"
607;12.8;"2022-10-24 21:56:55"
608;21.4;"2022-10-24 21:56:56"
609;17.9;"2022-10-24 21:56:57"
610;11.2;"2022-10-24 21:56:58"
611;10.3;"2022-10-24 21:56:59"
612;13.5;"2022-10-24 21:57:00"
613;9.3;"2022-10-24 21:57:01"
614;11.1;"2022-10-24 21:57:02"
615;12.1;"2022-10-24 21:57:03"
616;12.5;"2022-10-24 21:57:05"
617;12.3;"2022-10-24 21:57:06"
618;18.1;"2022-10-24 21:57:07"
619;18.4;"2022-10-24 21:57:08"
620;9.5;"2022-10-24 21:57:09"
621;15.8;"2022-10-24 21:57:10"
622;8.8;"2022-10-24 21:57:11"
623;22.6;"2022-10-24 21:57:12"
624;15.1;"2022-10-24 21:57:13"
625;12.2;"2022-10-24 21:57:15"
626;15.4;"2022-10-24 21:57:16"
627;25.1;"2022-10-24 21:57:17"
628;24.3;"2022-10-24 21:57:18"
629;28.0;"2022-10-24 21:57:19"
630;38.8;"2022-10-24 21:57:29"
631;21.2;"2022-10-24 21:57:30"
632;32.6;"2022-10-24 21:57:31"
633;17.8;"2022-10-24 21:57:32"
634;12.1;"2022-10-24 21:57:33"
635;18.3;"2022-10-24 21:57:34"
636;28.0;"2022-10-24 21:57:36"
637;27.0;"2022-10-24 21:57:37"
638;20.8;"2022-10-24 21:57:38"
639;21.6;"2022-10-24 21:57:39"
640;20.8;"2022-10-24 21:57:40"
641;30.8;"2022-10-24 21:57:41"
642;12.4;"2022-10-24 21:57:42"
643;22.4;"2022-10-24 21:57:43"
644;10.3;"2022-10-24 21:57:44"
645;16.9;"2022-10-24 21:57:46"
646;20.9;"2022-10-24 21:57:47"
647;20.6;"2022-10-24 21:57:48"
648;25.1;"2022-10-24 21:57:49"
649;11.7;"2022-10-24 21:57:50"
650;13.5;"2022-10-24 21:57:51"
651;30.3;"2022-10-24 21:57:52"
652;15.9;"2022-10-24 21:57:53"
653;15.1;"2022-10-24 21:57:54"
654;23.5;"2022-10-24 21:57:55"
655;5.3;"2022-10-24 21:57:56"
656;16.8;"2022-10-24 21:57:57"
657;15.6;"2022-10-24 21:57:58"
658;10.4;"2022-10-24 21:57:59"
659;11.9;"2022-10-24 21:58:00"
660;7.4;"2022-10-24 21:58:01"
661;14.1;"2022-10-24 21:58:03"
662;6.6;"2022-10-24 21:58:04"
663;12.6;"2022-10-24 21:58:05"
664;13.4;"2022-10-24 21:58:06"
665;10.9;"2022-10-24 21:58:07"
666;15.2;"2022-10-24 21:58:08"
667;11.9;"2022-10-24 21:58:09"
668;16.1;"2022-10-24 21:58:10"
669;10.5;"2022-10-24 21:58:11"
670;11.7;"2022-10-24 21:58:12"
671;12.0;"2022-10-24 21:58:13"
672;7.0;"2022-10-24 21:58:15"
673;20.9;"2022-10-24 21:58:16"
674;15.6;"2022-10-24 21:58:17"
675;26.7;"2022-10-24 21:58:18"
676;8.1;"2022-10-24 21:58:19"
677;19.1;"2022-10-24 21:58:20"
678;7.0;"2022-10-24 21:58:21"
679;12.6;"2022-10-24 21:58:22"
680;5.4;"2022-10-24 21:58:23"
681;7.4;"2022-10-24 21:58:24"
682;7.3;"2022-10-24 21:58:25"
683;14.7;"2022-10-24 21:58:26"
684;16.3;"2022-10-24 21:58:28"
685;18.0;"2022-10-24 21:58:29"
686;16.4;"2022-10-24 21:58:30"
687;6.9;"2022-10-24 21:58:31"
688;10.9;"2022-10-24 21:58:32"
689;13.8;"2022-10-24 21:58:33"
690;7.3;"2022-10-24 21:58:34"
691;22.9;"2022-10-24 21:58:35"
692;16.0;"2022-10-24 21:58:36"
693;21.7;"2022-10-24 21:58:37"
694;24.4;"2022-10-24 21:58:38"
695;26.5;"2022-10-24 21:58:40"
696;20.5;"2022-10-24 21:58:41"
697;34.5;"2022-10-24 21:58:42"
698;35.0;"2022-10-24 21:58:43"
699;22.6;"2022-10-24 21:58:44"
700;24.3;"2022-10-24 21:58:45"
701;22.8;"2022-10-24 21:58:46"
702;8.6;"2022-10-24 21:58:47"
703;14.9;"2022-10-24 21:58:48"
704;16.7;"2022-10-24 21:58:49"
705;25.6;"2022-10-24 21:58:51"
706;12.1;"2022-10-24 21:58:52"
707;30.4;"2022-10-24 21:58:53"
708;20.6;"2022-10-24 21:58:54"
709;52.9;"2022-10-24 21:58:55"
710;21.8;"2022-10-24 21:58:56"
711;29.6;"2022-10-24 21:58:57"
712;25.3;"2022-10-24 21:58:59"
713;22.6;"2022-10-24 21:59:00"
714;27.8;"2022-10-24 21:59:01"
715;12.2;"2022-10-24 21:59:02"
716;23.8;"2022-10-24 21:59:03"
717;42.1;"2022-10-24 21:59:04"
718;12.7;"2022-10-24 21:59:05"
719;21.4;"2022-10-24 21:59:06"
720;20.2;"2022-10-24 21:59:07"
721;30.2;"2022-10-24 21:59:08"
722;38.6;"2022-10-24 21:59:09"
723;24.5;"2022-10-24 21:59:11"
724;23.6;"2022-10-24 21:59:12"
725;17.9;"2022-10-24 21:59:13"
726;12.8;"2022-10-24 21:59:14"
727;9.7;"2022-10-24 21:59:15"
728;27.2;"2022-10-24 21:59:16"
729;24.2;"2022-10-24 21:59:17"
730;19.8;"2022-10-24 21:59:18"
731;21.2;"2022-10-24 21:59:19"
732;18.7;"2022-10-24 21:59:20"
733;9.6;"2022-10-24 21:59:22"
734;10.1;"2022-10-24 21:59:23"
735;13.0;"2022-10-24 21:59:24"
736;7.7;"2022-10-24 21:59:25"
737;35.9;"2022-10-24 21:59:26"
738;22.1;"2022-10-24 21:59:27"
739;8.9;"2022-10-24 21:59:28"
740;9.0;"2022-10-24 21:59:29"
741;13.8;"2022-10-24 21:59:30"
742;15.1;"2022-10-24 21:59:31"
743;27.7;"2022-10-24 21:59:32"
744;47.7;"2022-10-24 21:59:34"
745;35.2;"2022-10-24 21:59:35"
746;27.6;"2022-10-24 21:59:36"
747;21.6;"2022-10-24 21:59:37"
748;24.3;"2022-10-24 21:59:38"
749;19.4;"2022-10-24 21:59:39"
750;22.0;"2022-10-24 21:59:40"
751;19.2;"2022-10-24 21:59:41"
752;9.4;"2022-10-24 21:59:42"
753;19.8;"2022-10-24 21:59:43"
754;7.3;"2022-10-24 21:59:45"
755;17.2;"2022-10-24 21:59:46"
756;10.3;"2022-10-24 21:59:47"
757;19.2;"2022-10-24 21:59:48"
758;20.3;"2022-10-24 21:59:49"
759;22.2;"2022-10-24 21:59:50"
760;12.0;"2022-10-24 21:59:51"
761;10.5;"2022-10-24 21:59:52"
762;8.4;"2022-10-24 21:59:53"
763;8.9;"2022-10-24 21:59:55"
764;10.2;"2022-10-24 21:59:56"
765;18.3;"2022-10-24 21:59:57"
766;10.0;"2022-10-24 21:59:58"
767;21.5;"2022-10-24 21:59:59"
768;24.3;"2022-10-24 22:00:00"
769;19.5;"2022-10-24 22:00:01"
770;13.1;"2022-10-24 22:00:02"
771;23.6;"2022-10-24 22:00:03"
772;24.9;"2022-10-24 22:00:04"
773;84.8;"2022-10-24 22:00:06"
774;43.3;"2022-10-24 22:00:07"
775;37.0;"2022-10-24 22:00:08"
776;35.7;"2022-10-24 22:00:09"
777;31.0;"2022-10-24 22:00:10"
778;39.5;"2022-10-24 22:00:11"
779;69.7;"2022-10-24 22:00:12"
780;68.5;"2022-10-24 22:00:13"
781;31.6;"2022-10-24 22:00:15"
782;33.8;"2022-10-24 22:00:16"
783;13.6;"2022-10-24 22:00:17"
784;10.7;"2022-10-24 22:00:18"
785;14.1;"2022-10-24 22:00:19"
786;7.8;"2022-10-24 22:00:20"
787;21.1;"2022-10-24 22:00:21"
788;25.0;"2022-10-24 22:00:22"
789;8.7;"2022-10-24 22:00:23"
790;16.7;"2022-10-24 22:00:25"
791;28.9;"2022-10-24 22:00:26"
792;28.1;"2022-10-24 22:00:27"
793;25.0;"2022-10-24 22:00:28"
794;19.7;"2022-10-24 22:00:29"
795;14.6;"2022-10-24 22:00:30"
796;21.3;"2022-10-24 22:00:31"
797;19.5;"2022-10-24 22:00:32"
798;30.4;"2022-10-24 22:00:33"
799;16.2;"2022-10-24 22:00:34"
800;10.3;"2022-10-24 22:00:35"
801;6.5;"2022-10-24 22:00:36"
802;17.4;"2022-10-24 22:00:37"
803;17.5;"2022-10-24 22:00:38"
804;26.7;"2022-10-24 22:00:39"
805;25.6;"2022-10-24 22:00:41"
806;27.1;"2022-10-24 22:00:42"
807;49.0;"2022-10-24 22:00:43"
808;58.2;"2022-10-24 22:00:44"
809;57.8;"2022-10-24 22:00:45"
810;74.1;"2022-10-24 22:00:46"
811;42.9;"2022-10-24 22:00:47"
812;26.1;"2022-10-24 22:00:48"
813;32.3;"2022-10-24 22:00:49"
814;33.2;"2022-10-24 22:00:50"
815;26.2;"2022-10-24 22:00:51"
816;27.3;"2022-10-24 22:00:52"
817;30.5;"2022-10-24 22:00:54"
818;30.2;"2022-10-24 22:00:55"
819;47.7;"2022-10-24 22:00:56"
820;57.6;"2022-10-24 22:00:57"
821;94.3;"2022-10-24 22:00:58"
822;36.6;"2022-10-24 22:00:59"
823;38.7;"2022-10-24 22:01:00"
824;28.6;"2022-10-24 22:01:01"
825;24.0;"2022-10-24 22:01:02"
826;27.9;"2022-10-24 22:01:03"
827;45.9;"2022-10-24 22:01:05"
828;39.5;"2022-10-24 22:01:06"
829;49.6;"2022-10-24 22:01:07"
830;26.2;"2022-10-24 22:01:08"
831;21.1;"2022-10-24 22:01:09"
832;22.6;"2022-10-24 22:01:10"
833;16.4;"2022-10-24 22:01:11"
834;18.1;"2022-10-24 22:01:12"
835;17.8;"2022-10-24 22:01:13"
836;18.1;"2022-10-24 22:01:14"
837;25.2;"2022-10-24 22:01:15"
838;18.7;"2022-10-24 22:01:17"
839;24.9;"2022-10-24 22:01:18"
840;73.5;"2022-10-24 22:01:19"
841;70.2;"2022-10-24 22:01:20"
842;99.6;"2022-10-24 22:01:21"
843;80.1;"2022-10-24 22:01:22"
844;66.8;"2022-10-24 22:01:23"
845;63.2;"2022-10-24 22:01:25"
846;68.6;"2022-10-24 22:01:27"
847;54.8;"2022-10-24 22:01:28"
848;47.7;"2022-10-24 22:01:30"
849;38.1;"2022-10-24 22:01:32"
850;41.3;"2022-10-24 22:01:34"
851;36.9;"2022-10-24 22:01:36"
852;62.1;"2022-10-24 22:01:38"
853;73.7;"2022-10-24 22:01:41"
854;58.3;"2022-10-24 22:01:43"
855;55.9;"2022-10-24 22:01:46"
856;32.2;"2022-10-24 22:01:48"
857;33.6;"2022-10-24 22:01:51"
858;34.9;"2022-10-24 22:01:53"
859;34.1;"2022-10-24 22:01:54"
860;41.7;"2022-10-24 22:01:56"
861;22.7;"2022-10-24 22:01:58"
862;32.2;"2022-10-24 22:02:01"
863;53.5;"2022-10-24 22:02:02"
864;31.2;"2022-10-24 22:02:05"
865;28.4;"2022-10-24 22:02:07"
866;30.3;"2022-10-24 22:02:09"
867;32.3;"2022-10-24 22:02:11"
868;30.4;"2022-10-24 22:02:12"
869;26.9;"2022-10-24 22:02:14"
870;28.0;"2022-10-24 22:02:15"
871;100.0;"2022-10-24 22:02:18"
872;81.1;"2022-10-24 22:02:19"
873;42.7;"2022-10-24 22:02:21"
874;42.2;"2022-10-24 22:02:24"
875;29.1;"2022-10-24 22:02:26"
876;21.1;"2022-10-24 22:02:29"
877;41.2;"2022-10-24 22:02:30"
878;42.1;"2022-10-24 22:02:32"
879;30.9;"2022-10-24 22:02:34"
880;29.4;"2022-10-24 22:02:35"
881;28.8;"2022-10-24 22:02:36"
882;20.6;"2022-10-24 22:02:37"
883;42.8;"2022-10-24 22:02:38"
884;25.9;"2022-10-24 22:02:39"
885;30.2;"2022-10-24 22:02:40"
886;18.8;"2022-10-24 22:02:41"
887;27.1;"2022-10-24 22:02:43"
888;34.4;"2022-10-24 22:02:44"
889;26.9;"2022-10-24 22:02:45"
890;32.2;"2022-10-24 22:02:46"
891;36.0;"2022-10-24 22:02:47"
892;36.6;"2022-10-24 22:02:48"
893;23.2;"2022-10-24 22:02:49"
894;47.2;"2022-10-24 22:02:50"
895;61.3;"2022-10-24 22:02:51"
896;32.6;"2022-10-24 22:02:52"
897;20.3;"2022-10-24 22:02:54"
898;15.6;"2022-10-24 22:02:55"
899;21.5;"2022-10-24 22:02:56"
900;24.5;"2022-10-24 22:02:57"
901;19.6;"2022-10-24 22:02:58"
902;16.1;"2022-10-24 22:02:59"
903;29.6;"2022-10-24 22:03:00"
904;25.3;"2022-10-24 22:03:01"
905;19.5;"2022-10-24 22:03:02"
906;17.6;"2022-10-24 22:03:03"
907;17.4;"2022-10-24 22:03:05"
908;19.4;"2022-10-24 22:03:06"
909;23.7;"2022-10-24 22:03:07"
910;21.3;"2022-10-24 22:03:08"
911;14.8;"2022-10-24 22:03:09"
912;17.6;"2022-10-24 22:03:10"
913;15.0;"2022-10-24 22:03:11"
914;28.4;"2022-10-24 22:03:12"
915;18.1;"2022-10-24 22:03:13"
916;14.6;"2022-10-24 22:03:14"
917;23.7;"2022-10-24 22:03:16"
918;30.7;"2022-10-24 22:03:17"
919;34.6;"2022-10-24 22:03:18"
920;17.5;"2022-10-24 22:03:19"
921;23.3;"2022-10-24 22:03:20"
922;26.8;"2022-10-24 22:03:21"
923;17.3;"2022-10-24 22:03:22"
924;26.2;"2022-10-24 22:03:23"
925;26.8;"2022-10-24 22:03:24"
926;19.5;"2022-10-24 22:03:25"
927;21.8;"2022-10-24 22:03:26"
928;17.6;"2022-10-24 22:03:27"
929;20.2;"2022-10-24 22:03:28"
930;21.4;"2022-10-24 22:03:29"
931;16.5;"2022-10-24 22:03:30"
932;21.2;"2022-10-24 22:03:32"
933;17.1;"2022-10-24 22:03:33"
934;20.7;"2022-10-24 22:03:34"
935;17.6;"2022-10-24 22:03:35"
936;26.5;"2022-10-24 22:03:36"
937;16.5;"2022-10-24 22:03:37"
938;26.0;"2022-10-24 22:03:38"
939;33.2;"2022-10-24 22:03:39"
940;67.3;"2022-10-24 22:03:40"
941;32.2;"2022-10-24 22:03:41"
942;35.0;"2022-10-24 22:03:43"
943;44.5;"2022-10-24 22:03:44"
944;22.5;"2022-10-24 22:03:45"
945;21.8;"2022-10-24 22:03:46"
946;32.2;"2022-10-24 22:03:47"
947;27.7;"2022-10-24 22:03:48"
948;17.9;"2022-10-24 22:03:49"
949;44.4;"2022-10-24 22:03:50"
950;28.6;"2022-10-24 22:03:51"
951;25.3;"2022-10-24 22:03:52"
952;19.4;"2022-10-24 22:03:53"
953;23.2;"2022-10-24 22:03:54"
954;24.2;"2022-10-24 22:03:56"
955;25.1;"2022-10-24 22:03:57"
956;23.6;"2022-10-24 22:03:58"
957;20.2;"2022-10-24 22:03:59"
958;28.3;"2022-10-24 22:04:00"
959;23.3;"2022-10-24 22:04:01"
960;33.0;"2022-10-24 22:04:02"
961;32.7;"2022-10-24 22:04:04"
962;15.8;"2022-10-24 22:04:05"
963;21.0;"2022-10-24 22:04:07"
964;14.9;"2022-10-24 22:04:08"
965;39.0;"2022-10-24 22:04:09"
966;26.1;"2022-10-24 22:04:10"
967;25.2;"2022-10-24 22:04:11"
968;17.1;"2022-10-24 22:04:12"
969;16.9;"2022-10-24 22:04:13"
970;19.5;"2022-10-24 22:04:14"
971;18.7;"2022-10-24 22:04:15"
972;27.1;"2022-10-24 22:04:17"
973;17.5;"2022-10-24 22:04:18"
974;20.5;"2022-10-24 22:04:19"
975;42.7;"2022-10-24 22:04:20"
976;32.1;"2022-10-24 22:04:21"
977;20.5;"2022-10-24 22:04:22"
978;33.2;"2022-10-24 22:04:23"
979;21.5;"2022-10-24 22:04:24"
980;23.3;"2022-10-24 22:04:26"
981;32.2;"2022-10-24 22:04:27"
982;31.8;"2022-10-24 22:04:28"
983;25.2;"2022-10-24 22:04:29"
984;20.9;"2022-10-24 22:04:30"
985;31.9;"2022-10-24 22:04:31"
986;24.5;"2022-10-24 22:04:32"
987;18.4;"2022-10-24 22:04:33"
988;23.3;"2022-10-24 22:04:34"
989;17.7;"2022-10-24 22:04:35"
990;27.6;"2022-10-24 22:04:37"
991;23.8;"2022-10-24 22:04:38"
992;26.3;"2022-10-24 22:04:39"
993;46.7;"2022-10-24 22:04:40"
994;23.0;"2022-10-24 22:04:41"
995;27.5;"2022-10-24 22:04:42"
996;22.5;"2022-10-24 22:04:43"
997;26.3;"2022-10-24 22:04:44"
998;31.5;"2022-10-24 22:04:45"
999;28.0;"2022-10-24 22:04:46"
1000;30.3;"2022-10-24 22:04:47"
1001;39.1;"2022-10-24 22:04:48"
1002;21.0;"2022-10-24 22:04:50"
1003;36.3;"2022-10-24 22:04:51"
1004;14.2;"2022-10-24 22:04:52"
1005;19.5;"2022-10-24 22:04:53"
1006;24.6;"2022-10-24 22:04:54"
1007;34.7;"2022-10-24 22:04:55"
1008;17.8;"2022-10-24 22:04:56"
1009;20.9;"2022-10-24 22:04:57"
1010;31.2;"2022-10-24 22:04:58"
1011;15.1;"2022-10-24 22:05:00"
1012;23.2;"2022-10-24 22:05:01"
1013;33.6;"2022-10-24 22:05:02"
1014;28.4;"2022-10-24 22:05:03"
1015;27.9;"2022-10-24 22:05:04"
1016;15.6;"2022-10-24 22:05:05"
1017;14.7;"2022-10-24 22:05:06"
1018;14.4;"2022-10-24 22:05:07"
1019;31.2;"2022-10-24 22:05:09"
1020;32.1;"2022-10-24 22:05:10"
1021;27.3;"2022-10-24 22:05:11"
1022;45.9;"2022-10-24 22:05:12"
1023;37.8;"2022-10-24 22:05:13"
1024;26.2;"2022-10-24 22:05:14"
1025;36.7;"2022-10-24 22:05:15"
1026;21.3;"2022-10-24 22:05:16"
1027;30.5;"2022-10-24 22:05:17"
1028;22.1;"2022-10-24 22:05:18"
1029;25.6;"2022-10-24 22:05:19"
1030;26.0;"2022-10-24 22:05:21"
1031;26.5;"2022-10-24 22:05:22"
1032;25.3;"2022-10-24 22:05:23"
1033;27.4;"2022-10-24 22:05:24"
1034;23.3;"2022-10-24 22:05:25"
1035;37.7;"2022-10-24 22:05:27"
1036;25.1;"2022-10-24 22:05:28"
1037;25.4;"2022-10-24 22:05:29"
1038;27.0;"2022-10-24 22:05:30"
1039;19.6;"2022-10-24 22:05:31"
1040;21.7;"2022-10-24 22:05:32"
1041;34.0;"2022-10-24 22:05:33"
1042;36.6;"2022-10-24 22:05:34"
1043;46.4;"2022-10-24 22:05:35"
1044;68.4;"2022-10-24 22:05:38"
1045;53.0;"2022-10-24 22:05:39"
1046;30.7;"2022-10-24 22:05:40"
1047;53.2;"2022-10-24 22:05:41"
1048;87.4;"2022-10-24 22:05:42"
1049;58.2;"2022-10-24 22:05:43"
1050;50.8;"2022-10-24 22:05:44"
1051;40.2;"2022-10-24 22:05:45"
1052;23.8;"2022-10-24 22:05:46"
1053;48.1;"2022-10-24 22:05:48"
1054;53.6;"2022-10-24 22:05:49"
1055;43.9;"2022-10-24 22:05:50"
1056;48.9;"2022-10-24 22:05:51"
1057;37.8;"2022-10-24 22:05:52"
1058;44.6;"2022-10-24 22:05:54"
1059;20.6;"2022-10-24 22:05:55"
1060;25.5;"2022-10-24 22:05:56"
1061;27.2;"2022-10-24 22:05:57"
1062;33.9;"2022-10-24 22:05:58"
1063;25.5;"2022-10-24 22:05:59"
1064;47.7;"2022-10-24 22:06:00"
1065;37.0;"2022-10-24 22:06:01"
1066;35.1;"2022-10-24 22:06:02"
1067;33.5;"2022-10-24 22:06:04"
1068;21.5;"2022-10-24 22:06:05"
1069;20.0;"2022-10-24 22:06:06"
1070;23.8;"2022-10-24 22:06:07"
1071;34.4;"2022-10-24 22:06:08"
1072;19.8;"2022-10-24 22:06:09"
1073;24.3;"2022-10-24 22:06:10"
1074;20.2;"2022-10-24 22:06:11"
1075;21.6;"2022-10-24 22:06:12"
1076;24.2;"2022-10-24 22:06:13"
1077;27.5;"2022-10-24 22:06:15"
1078;19.1;"2022-10-24 22:06:16"
1079;30.2;"2022-10-24 22:06:17"
1080;16.9;"2022-10-24 22:06:18"
1081;16.2;"2022-10-24 22:06:19"
1082;16.1;"2022-10-24 22:06:20"
1083;20.2;"2022-10-24 22:06:21"
1084;17.7;"2022-10-24 22:06:22"
1085;19.4;"2022-10-24 22:06:23"
1086;19.1;"2022-10-24 22:06:24"
1087;30.2;"2022-10-24 22:06:26"
1088;50.4;"2022-10-24 22:06:27"
1089;69.5;"2022-10-24 22:06:28"
1090;52.9;"2022-10-24 22:06:30"
1091;45.3;"2022-10-24 22:06:31"
1092;47.9;"2022-10-24 22:06:32"
1093;76.2;"2022-10-24 22:06:33"
1094;51.9;"2022-10-24 22:06:34"
1095;40.3;"2022-10-24 22:06:36"
1096;33.0;"2022-10-24 22:06:37"
1097;55.3;"2022-10-24 22:06:38"
1098;40.9;"2022-10-24 22:06:39"
1099;46.1;"2022-10-24 22:06:40"
1100;40.9;"2022-10-24 22:06:41"
1101;47.9;"2022-10-24 22:06:42"
1102;38.7;"2022-10-24 22:06:43"
1103;34.6;"2022-10-24 22:06:45"
1104;44.2;"2022-10-24 22:06:46"
1105;37.2;"2022-10-24 22:06:47"
1106;31.2;"2022-10-24 22:06:48"
1107;30.5;"2022-10-24 22:06:49"
1108;23.9;"2022-10-24 22:06:50"
1109;56.3;"2022-10-24 22:06:51"
1110;64.4;"2022-10-24 22:06:52"
1111;21.3;"2022-10-24 22:06:54"
1112;32.8;"2022-10-24 22:06:55"
1113;18.8;"2022-10-24 22:06:56"
1114;20.9;"2022-10-24 22:06:57"
1115;21.4;"2022-10-24 22:06:58"
1116;30.0;"2022-10-24 22:07:00"
1117;33.1;"2022-10-24 22:07:01"
1118;31.0;"2022-10-24 22:07:02"
1119;32.0;"2022-10-24 22:07:03"
1120;24.9;"2022-10-24 22:07:04"
1121;39.6;"2022-10-24 22:07:06"
1122;27.6;"2022-10-24 22:07:07"
1123;28.4;"2022-10-24 22:07:09"
1124;23.8;"2022-10-24 22:07:10"
1125;30.3;"2022-10-24 22:07:11"
1126;17.4;"2022-10-24 22:07:12"
1127;20.4;"2022-10-24 22:07:13"
1128;20.8;"2022-10-24 22:07:14"
1129;24.9;"2022-10-24 22:07:15"
1130;40.5;"2022-10-24 22:07:16"
1131;44.7;"2022-10-24 22:07:17"
1132;37.2;"2022-10-24 22:07:18"
1133;19.8;"2022-10-24 22:07:19"
1134;46.0;"2022-10-24 22:07:20"
1135;33.1;"2022-10-24 22:07:22"
1136;40.2;"2022-10-24 22:07:23"
1137;34.2;"2022-10-24 22:07:24"
1138;17.2;"2022-10-24 22:07:25"
1139;25.2;"2022-10-24 22:07:26"
1140;18.2;"2022-10-24 22:07:27"
1141;36.1;"2022-10-24 22:07:28"
1142;32.4;"2022-10-24 22:07:29"
1143;24.9;"2022-10-24 22:07:30"
1144;33.5;"2022-10-24 22:07:32"
1145;55.5;"2022-10-24 22:07:33"
1146;46.3;"2022-10-24 22:07:34"
1147;68.6;"2022-10-24 22:07:35"
1148;37.0;"2022-10-24 22:07:36"
1149;25.2;"2022-10-24 22:07:37"
1150;26.1;"2022-10-24 22:07:38"
1151;17.8;"2022-10-24 22:07:39"
1152;20.5;"2022-10-24 22:07:40"
1153;18.7;"2022-10-24 22:07:41"
1154;33.5;"2022-10-24 22:07:43"
1155;32.2;"2022-10-24 22:07:44"
1156;29.6;"2022-10-24 22:07:45"
1157;21.0;"2022-10-24 22:07:46"
1158;19.1;"2022-10-24 22:07:47"
1159;26.9;"2022-10-24 22:07:48"
1160;71.0;"2022-10-24 22:07:49"
1161;31.7;"2022-10-24 22:07:50"
1162;65.3;"2022-10-24 22:07:51"
1163;67.9;"2022-10-24 22:07:52"
1164;33.8;"2022-10-24 22:07:54"
1165;21.3;"2022-10-24 22:07:55"
1166;45.9;"2022-10-24 22:07:56"
1167;51.3;"2022-10-24 22:07:57"
1168;32.5;"2022-10-24 22:07:58"
1169;59.2;"2022-10-24 22:07:59"
1170;36.5;"2022-10-24 22:08:00"
1171;23.4;"2022-10-24 22:08:01"
1172;26.8;"2022-10-24 22:08:02"
1173;27.3;"2022-10-24 22:08:03"
1174;29.5;"2022-10-24 22:08:05"
1175;24.0;"2022-10-24 22:08:06"
1176;30.2;"2022-10-24 22:08:07"
1177;31.2;"2022-10-24 22:08:08"
1178;33.0;"2022-10-24 22:08:09"
1179;52.5;"2022-10-24 22:08:10"
1180;29.2;"2022-10-24 22:08:11"
1181;25.2;"2022-10-24 22:08:12"
1182;20.9;"2022-10-24 22:08:13"
1183;38.8;"2022-10-24 22:08:14"
1184;22.5;"2022-10-24 22:08:15"
1185;27.4;"2022-10-24 22:08:17"
1186;29.5;"2022-10-24 22:08:18"
1187;35.2;"2022-10-24 22:08:19"
1188;41.2;"2022-10-24 22:08:20"
1189;29.7;"2022-10-24 22:08:21"
1190;23.2;"2022-10-24 22:08:22"
1191;53.1;"2022-10-24 22:08:23"
1192;27.6;"2022-10-24 22:08:24"
1193;38.4;"2022-10-24 22:08:26"
1194;31.9;"2022-10-24 22:08:27"
1195;28.1;"2022-10-24 22:08:28"
1196;26.0;"2022-10-24 22:08:29"
1197;26.3;"2022-10-24 22:08:30"
1198;37.2;"2022-10-24 22:08:31"
1199;29.9;"2022-10-24 22:08:32"
1200;34.0;"2022-10-24 22:08:33"
1201;68.5;"2022-10-24 22:08:34"
1202;29.9;"2022-10-24 22:08:35"
1203;29.0;"2022-10-24 22:08:36"
1204;31.1;"2022-10-24 22:08:38"
1205;21.6;"2022-10-24 22:08:39"
1206;26.8;"2022-10-24 22:08:40"
1207;31.8;"2022-10-24 22:08:41"
1208;28.1;"2022-10-24 22:08:42"
1209;21.8;"2022-10-24 22:08:43"
1210;24.3;"2022-10-24 22:08:44"
1211;23.1;"2022-10-24 22:08:45"
1212;52.1;"2022-10-24 22:08:46"
1213;29.7;"2022-10-24 22:08:47"
1214;34.4;"2022-10-24 22:08:48"
1215;28.6;"2022-10-24 22:08:49"
1216;48.3;"2022-10-24 22:08:50"
1217;97.7;"2022-10-24 22:08:51"
1218;81.2;"2022-10-24 22:08:53"
1219;65.5;"2022-10-24 22:08:54"
1220;80.6;"2022-10-24 22:08:55"
1221;92.2;"2022-10-24 22:08:56"
1222;79.6;"2022-10-24 22:08:57"
1223;81.9;"2022-10-24 22:08:59"
1224;83.2;"2022-10-24 22:09:00"
1225;72.8;"2022-10-24 22:09:01"
1226;59.5;"2022-10-24 22:09:02"
1227;44.3;"2022-10-24 22:09:03"
1228;41.2;"2022-10-24 22:09:04"
1229;85.3;"2022-10-24 22:09:05"
1230;76.2;"2022-10-24 22:09:06"
1231;76.7;"2022-10-24 22:09:07"
1232;76.7;"2022-10-24 22:09:08"
1233;55.6;"2022-10-24 22:09:09"
1234;94.3;"2022-10-24 22:09:10"
1235;100.0;"2022-10-24 22:09:12"
1236;86.7;"2022-10-24 22:09:13"
1237;89.3;"2022-10-24 22:09:14"
1238;79.4;"2022-10-24 22:09:15"
1239;45.4;"2022-10-24 22:09:17"
1240;34.4;"2022-10-24 22:09:18"
1241;36.5;"2022-10-24 22:09:19"
1242;31.1;"2022-10-24 22:09:20"
1243;48.1;"2022-10-24 22:09:21"
1244;88.3;"2022-10-24 22:09:22"
1245;82.9;"2022-10-24 22:09:23"
1246;29.4;"2022-10-24 22:09:25"
1247;19.1;"2022-10-24 22:09:26"
1248;17.0;"2022-10-24 22:09:27"
1249;23.3;"2022-10-24 22:09:28"
1250;30.9;"2022-10-24 22:09:29"
1251;23.2;"2022-10-24 22:09:30"
1252;19.5;"2022-10-24 22:09:31"
1253;24.5;"2022-10-24 22:09:32"
1254;35.1;"2022-10-24 22:09:34"
1255;31.4;"2022-10-24 22:09:35"
1256;57.0;"2022-10-24 22:09:36"
1257;65.5;"2022-10-24 22:09:37"
1258;27.8;"2022-10-24 22:09:38"
1259;40.5;"2022-10-24 22:09:39"
1260;39.6;"2022-10-24 22:09:40"
1261;45.9;"2022-10-24 22:09:42"
1262;29.4;"2022-10-24 22:09:43"
1263;30.3;"2022-10-24 22:09:44"
1264;30.3;"2022-10-24 22:09:45"
1265;37.6;"2022-10-24 22:09:46"
1266;33.8;"2022-10-24 22:09:47"
1267;35.6;"2022-10-24 22:09:48"
1268;74.1;"2022-10-24 22:09:49"
1269;45.5;"2022-10-24 22:09:51"
1270;37.2;"2022-10-24 22:09:52"
1271;63.0;"2022-10-24 22:09:53"
1272;45.6;"2022-10-24 22:09:54"
1273;91.5;"2022-10-24 22:09:55"
1274;42.1;"2022-10-24 22:09:57"
1275;52.2;"2022-10-24 22:09:58"
1276;41.6;"2022-10-24 22:09:59"
1277;30.5;"2022-10-24 22:10:01"
1278;42.5;"2022-10-24 22:10:02"
1279;38.9;"2022-10-24 22:10:03"
1280;24.1;"2022-10-24 22:10:04"
1281;35.2;"2022-10-24 22:10:05"
1282;30.9;"2022-10-24 22:10:06"
1283;46.4;"2022-10-24 22:10:07"
1284;33.8;"2022-10-24 22:10:09"
1285;20.2;"2022-10-24 22:10:10"
1286;14.6;"2022-10-24 22:10:11"
1287;22.4;"2022-10-24 22:10:12"
1288;19.4;"2022-10-24 22:10:13"
1289;16.3;"2022-10-24 22:10:14"
1290;29.2;"2022-10-24 22:10:15"
1291;64.7;"2022-10-24 22:10:16"
1292;32.9;"2022-10-24 22:10:17"
1293;78.9;"2022-10-24 22:10:18"
1294;49.4;"2022-10-24 22:10:20"
1295;48.5;"2022-10-24 22:10:21"
1296;28.4;"2022-10-24 22:10:22"
1297;33.2;"2022-10-24 22:10:23"
1298;31.7;"2022-10-24 22:10:24"
1299;33.2;"2022-10-24 22:10:25"
1300;20.3;"2022-10-24 22:10:26"
1301;21.8;"2022-10-24 22:10:27"
1302;39.3;"2022-10-24 22:10:28"
1303;35.0;"2022-10-24 22:10:29"
1304;28.7;"2022-10-24 22:10:31"
1305;24.0;"2022-10-24 22:10:32"
1306;41.1;"2022-10-24 22:10:33"
1307;33.2;"2022-10-24 22:10:34"
1308;64.0;"2022-10-24 22:10:35"
1309;72.3;"2022-10-24 22:10:36"
1310;39.4;"2022-10-24 22:10:37"
1311;21.5;"2022-10-24 22:10:38"
1312;30.4;"2022-10-24 22:10:39"
1313;44.7;"2022-10-24 22:10:41"
1314;45.2;"2022-10-24 22:10:42"
1315;25.2;"2022-10-24 22:10:43"
1316;28.8;"2022-10-24 22:10:44"
1317;25.9;"2022-10-24 22:10:45"
1318;27.6;"2022-10-24 22:10:46"
1319;23.0;"2022-10-24 22:10:47"
1320;21.8;"2022-10-24 22:10:48"
1321;17.6;"2022-10-24 22:10:49"
1322;19.7;"2022-10-24 22:10:50"
1323;19.7;"2022-10-24 22:10:51"
1324;27.6;"2022-10-24 22:10:52"
1325;17.5;"2022-10-24 22:10:53"
1326;32.8;"2022-10-24 22:10:55"
1327;33.5;"2022-10-24 22:10:56"
1328;25.1;"2022-10-24 22:10:57"
1329;51.4;"2022-10-24 22:10:58"
1330;48.5;"2022-10-24 22:10:59"
1331;25.9;"2022-10-24 22:11:00"
1332;20.4;"2022-10-24 22:11:01"
1333;23.3;"2022-10-24 22:11:02"
1334;27.9;"2022-10-24 22:11:03"
1335;41.7;"2022-10-24 22:11:04"
1336;24.2;"2022-10-24 22:11:05"
1337;32.8;"2022-10-24 22:11:06"
1338;24.5;"2022-10-24 22:11:07"
1339;24.3;"2022-10-24 22:11:08"
1340;17.2;"2022-10-24 22:11:10"
1341;15.6;"2022-10-24 22:11:11"
1342;16.9;"2022-10-24 22:11:12"
1343;25.2;"2022-10-24 22:11:13"
1344;26.0;"2022-10-24 22:11:14"
1345;49.4;"2022-10-24 22:11:15"
1346;58.9;"2022-10-24 22:11:16"
1347;63.4;"2022-10-24 22:11:18"
1348;26.7;"2022-10-24 22:11:19"
1349;39.4;"2022-10-24 22:11:20"
1350;43.2;"2022-10-24 22:11:21"
1351;36.7;"2022-10-24 22:11:22"
1352;35.2;"2022-10-24 22:11:23"
1353;24.2;"2022-10-24 22:11:24"
1354;24.0;"2022-10-24 22:11:25"
1355;25.2;"2022-10-24 22:11:26"
1356;31.7;"2022-10-24 22:11:27"
1357;27.4;"2022-10-24 22:11:29"
1358;32.4;"2022-10-24 22:11:30"
1359;20.5;"2022-10-24 22:11:31"
1360;30.2;"2022-10-24 22:11:32"
1361;30.7;"2022-10-24 22:11:33"
1362;28.1;"2022-10-24 22:11:34"
1363;31.5;"2022-10-24 22:11:36"
1364;19.5;"2022-10-24 22:11:37"
1365;17.6;"2022-10-24 22:11:38"
1366;18.2;"2022-10-24 22:11:39"
1367;29.4;"2022-10-24 22:11:40"
1368;17.6;"2022-10-24 22:11:41"
1369;23.1;"2022-10-24 22:11:42"
1370;41.3;"2022-10-24 22:11:43"
1371;28.2;"2022-10-24 22:11:44"
1372;11.5;"2022-10-24 22:11:45"
1373;25.0;"2022-10-24 22:11:46"
1374;24.0;"2022-10-24 22:11:48"
1375;24.3;"2022-10-24 22:11:49"
1376;24.4;"2022-10-24 22:11:50"
1377;29.2;"2022-10-24 22:11:51"
1378;32.8;"2022-10-24 22:11:52"
1379;34.3;"2022-10-24 22:11:53"
1380;19.5;"2022-10-24 22:11:54"
1381;22.8;"2022-10-24 22:11:55"
1382;19.8;"2022-10-24 22:11:56"
1383;29.5;"2022-10-24 22:11:57"
1384;19.8;"2022-10-24 22:11:58"
1385;22.0;"2022-10-24 22:11:59"
1386;21.3;"2022-10-24 22:12:00"
1387;21.0;"2022-10-24 22:12:01"
1388;20.5;"2022-10-24 22:12:02"
1389;16.8;"2022-10-24 22:12:04"
1390;22.9;"2022-10-24 22:12:05"
1391;58.6;"2022-10-24 22:12:06"
1392;26.7;"2022-10-24 22:12:07"
1393;19.5;"2022-10-24 22:12:08"
1394;26.2;"2022-10-24 22:12:09"
1395;18.4;"2022-10-24 22:12:10"
1396;17.1;"2022-10-24 22:12:11"
1397;21.4;"2022-10-24 22:12:12"
1398;16.8;"2022-10-24 22:12:13"
1399;25.5;"2022-10-24 22:12:14"
1400;22.8;"2022-10-24 22:12:15"
1401;28.6;"2022-10-24 22:12:16"
1402;21.8;"2022-10-24 22:12:18"
1403;30.9;"2022-10-24 22:12:19"
1404;20.2;"2022-10-24 22:12:20"
1405;17.8;"2022-10-24 22:12:21"
1406;25.0;"2022-10-24 22:12:22"
1407;51.6;"2022-10-24 22:12:23"
1408;41.1;"2022-10-24 22:12:24"
1409;21.5;"2022-10-24 22:12:25"
1410;31.2;"2022-10-24 22:12:26"
1411;30.8;"2022-10-24 22:12:27"
1412;21.9;"2022-10-24 22:12:28"
1413;25.6;"2022-10-24 22:12:30"
1414;27.7;"2022-10-24 22:12:31"
1415;26.4;"2022-10-24 22:12:32"
1416;29.2;"2022-10-24 22:12:33"
1417;18.1;"2022-10-24 22:12:34"
1418;33.2;"2022-10-24 22:12:35"
1419;62.3;"2022-10-24 22:12:36"
1420;81.6;"2022-10-24 22:12:37"
1421;64.7;"2022-10-24 22:12:38"
1422;55.5;"2022-10-24 22:12:39"
1423;28.5;"2022-10-24 22:12:40"
1424;38.7;"2022-10-24 22:12:41"
1425;26.4;"2022-10-24 22:12:42"
1426;52.9;"2022-10-24 22:12:43"
1427;35.0;"2022-10-24 22:12:44"
1428;51.2;"2022-10-24 22:12:46"
1429;31.4;"2022-10-24 22:12:47"
1430;42.0;"2022-10-24 22:12:48"
1431;41.3;"2022-10-24 22:12:49"
1432;27.8;"2022-10-24 22:12:50"
1433;35.5;"2022-10-24 22:12:51"
1434;24.7;"2022-10-24 22:12:52"
1435;43.5;"2022-10-24 22:12:53"
1436;47.5;"2022-10-24 22:12:55"
1437;78.8;"2022-10-24 22:12:56"
1438;46.0;"2022-10-24 22:12:57"
1439;25.2;"2022-10-24 22:12:58"
1440;24.5;"2022-10-24 22:13:00"
1441;27.1;"2022-10-24 22:13:01"
1442;36.6;"2022-10-24 22:13:02"
1443;52.1;"2022-10-24 22:13:03"
1444;45.8;"2022-10-24 22:13:04"
1445;39.2;"2022-10-24 22:13:05"
1446;31.6;"2022-10-24 22:13:07"
1447;26.3;"2022-10-24 22:13:08"
1448;38.3;"2022-10-24 22:13:09"
1449;24.2;"2022-10-24 22:13:10"
1450;19.8;"2022-10-24 22:13:11"
1451;42.7;"2022-10-24 22:13:12"
1452;47.7;"2022-10-24 22:13:14"
1453;59.5;"2022-10-24 22:13:15"
1454;38.2;"2022-10-24 22:13:16"
1455;21.8;"2022-10-24 22:13:17"
1456;19.8;"2022-10-24 22:13:18"
1457;25.6;"2022-10-24 22:13:19"
1458;21.3;"2022-10-24 22:13:20"
1459;22.9;"2022-10-24 22:13:21"
1460;26.2;"2022-10-24 22:13:22"
1461;27.0;"2022-10-24 22:13:24"
1462;16.3;"2022-10-24 22:13:25"
1463;33.3;"2022-10-24 22:13:26"
1464;40.2;"2022-10-24 22:13:27"
1465;91.5;"2022-10-24 22:13:28"
1466;58.3;"2022-10-24 22:13:29"
1467;35.4;"2022-10-24 22:13:30"
1468;53.4;"2022-10-24 22:13:31"
1469;61.6;"2022-10-24 22:13:33"
1470;85.8;"2022-10-24 22:13:34"
1471;38.7;"2022-10-24 22:13:35"
1472;47.7;"2022-10-24 22:13:36"
1473;54.2;"2022-10-24 22:13:37"
1474;29.7;"2022-10-24 22:13:38"
1475;29.6;"2022-10-24 22:13:39"
1476;38.4;"2022-10-24 22:13:40"
1477;26.1;"2022-10-24 22:13:42"
1478;53.5;"2022-10-24 22:13:43"
1479;49.8;"2022-10-24 22:13:44"
1480;41.1;"2022-10-24 22:13:45"
1481;22.5;"2022-10-24 22:13:46"
1482;27.1;"2022-10-24 22:13:47"
1483;22.6;"2022-10-24 22:13:48"
1484;37.9;"2022-10-24 22:13:49"
1485;45.0;"2022-10-24 22:13:50"
1486;50.6;"2022-10-24 22:13:52"
1487;22.3;"2022-10-24 22:13:53"
1488;22.9;"2022-10-24 22:13:54"
1489;24.4;"2022-10-24 22:13:55"
1490;39.7;"2022-10-24 22:13:56"
1491;46.5;"2022-10-24 22:13:58"
1492;53.4;"2022-10-24 22:13:59"
1493;41.6;"2022-10-24 22:14:00"
1494;13.5;"2022-10-24 22:14:01"
1495;24.2;"2022-10-24 22:14:02"
1496;24.8;"2022-10-24 22:14:03"
1497;29.6;"2022-10-24 22:14:04"
1498;25.1;"2022-10-24 22:14:05"
1499;30.4;"2022-10-24 22:14:07"
1500;36.3;"2022-10-24 22:14:09"
1501;41.5;"2022-10-24 22:14:10"
1502;17.2;"2022-10-24 22:14:11"
1503;27.2;"2022-10-24 22:14:12"
1504;32.5;"2022-10-24 22:14:13"
1505;28.6;"2022-10-24 22:14:15"
1506;18.0;"2022-10-24 22:14:16"
1507;25.6;"2022-10-24 22:14:17"
1508;38.3;"2022-10-24 22:14:18"
1509;24.5;"2022-10-24 22:14:19"
1510;47.8;"2022-10-24 22:14:20"
1511;49.2;"2022-10-24 22:14:21"
1512;21.8;"2022-10-24 22:14:22"
1513;39.4;"2022-10-24 22:14:23"
1514;36.6;"2022-10-24 22:14:25"
1515;51.3;"2022-10-24 22:14:26"
1516;54.2;"2022-10-24 22:14:27"
1517;38.5;"2022-10-24 22:14:28"
1518;41.0;"2022-10-24 22:14:30"
1519;40.7;"2022-10-24 22:14:31"
1520;41.2;"2022-10-24 22:14:32"
1521;29.1;"2022-10-24 22:14:33"
1522;17.0;"2022-10-24 22:14:34"
1523;22.7;"2022-10-24 22:14:35"
1524;19.5;"2022-10-24 22:14:36"
1525;17.2;"2022-10-24 22:14:37"
1526;18.3;"2022-10-24 22:14:38"
1527;19.4;"2022-10-24 22:14:39"
1528;15.6;"2022-10-24 22:14:41"
1529;14.5;"2022-10-24 22:14:42"
1530;33.3;"2022-10-24 22:14:43"
1531;35.3;"2022-10-24 22:14:44"
1532;19.8;"2022-10-24 22:14:45"
1533;37.3;"2022-10-24 22:14:46"
1534;15.7;"2022-10-24 22:14:47"
1535;23.4;"2022-10-24 22:14:48"
1536;21.8;"2022-10-24 22:14:49"
1537;22.7;"2022-10-24 22:14:50"
1538;18.4;"2022-10-24 22:14:51"
1539;50.6;"2022-10-24 22:14:52"
1540;42.2;"2022-10-24 22:14:54"
1541;22.2;"2022-10-24 22:14:55"
1542;14.6;"2022-10-24 22:14:56"
1543;23.3;"2022-10-24 22:14:57"
1544;20.1;"2022-10-24 22:14:58"
1545;22.2;"2022-10-24 22:14:59"
1546;22.4;"2022-10-24 22:15:00"
1547;20.2;"2022-10-24 22:15:01"
1548;35.9;"2022-10-24 22:15:02"
1549;19.1;"2022-10-24 22:15:03"
1550;32.7;"2022-10-24 22:15:04"
1551;31.5;"2022-10-24 22:15:05"
1552;28.3;"2022-10-24 22:15:06"
1553;32.4;"2022-10-24 22:15:07"
1554;27.1;"2022-10-24 22:15:09"
1555;44.0;"2022-10-24 22:15:10"
1556;32.8;"2022-10-24 22:15:11"
1557;29.0;"2022-10-24 22:15:12"
1558;33.5;"2022-10-24 22:15:13"
1559;44.7;"2022-10-24 22:15:14"
1560;46.3;"2022-10-24 22:15:15"
1561;40.3;"2022-10-24 22:15:16"
1562;67.5;"2022-10-24 22:15:17"
1563;29.5;"2022-10-24 22:15:18"
1564;23.4;"2022-10-24 22:15:19"
1565;26.6;"2022-10-24 22:15:20"
1566;27.5;"2022-10-24 22:15:22"
1567;32.1;"2022-10-24 22:15:23"
1568;24.0;"2022-10-24 22:15:24"
1569;32.1;"2022-10-24 22:15:25"
1570;34.7;"2022-10-24 22:15:26"
1571;36.7;"2022-10-24 22:15:27"
1572;32.3;"2022-10-24 22:15:28"
1573;26.7;"2022-10-24 22:15:29"
1574;27.4;"2022-10-24 22:15:30"
1575;29.4;"2022-10-24 22:15:31"
1576;47.1;"2022-10-24 22:15:32"
1577;45.4;"2022-10-24 22:15:34"
1578;45.6;"2022-10-24 22:15:35"
1579;74.7;"2022-10-24 22:15:36"
1580;53.4;"2022-10-24 22:15:37"
1581;49.2;"2022-10-24 22:15:38"
1582;24.7;"2022-10-24 22:15:39"
1583;27.2;"2022-10-24 22:15:41"
1584;28.3;"2022-10-24 22:15:42"
1585;23.8;"2022-10-24 22:15:43"
1586;25.4;"2022-10-24 22:15:44"
1587;40.8;"2022-10-24 22:15:45"
1588;42.1;"2022-10-24 22:15:46"
1589;54.3;"2022-10-24 22:15:47"
1590;40.5;"2022-10-24 22:15:48"
1591;39.6;"2022-10-24 22:15:49"
1592;50.8;"2022-10-24 22:15:50"
1593;33.6;"2022-10-24 22:15:52"
1594;39.5;"2022-10-24 22:15:53"
1595;43.8;"2022-10-24 22:15:54"
1596;27.5;"2022-10-24 22:15:55"
1597;36.3;"2022-10-24 22:15:56"
1598;37.0;"2022-10-24 22:15:57"
1599;29.8;"2022-10-24 22:15:58"
1600;24.0;"2022-10-24 22:15:59"
1601;50.4;"2022-10-24 22:16:00"
1602;42.0;"2022-10-24 22:16:02"
1603;43.5;"2022-10-24 22:16:03"
1604;33.7;"2022-10-24 22:16:04"
1605;43.0;"2022-10-24 22:16:05"
1606;35.5;"2022-10-24 22:16:06"
1607;34.6;"2022-10-24 22:16:07"
1608;50.8;"2022-10-24 22:16:08"
1609;38.0;"2022-10-24 22:16:09"
1610;30.3;"2022-10-24 22:16:11"
1611;33.3;"2022-10-24 22:16:12"
1612;39.1;"2022-10-24 22:16:13"
1613;32.4;"2022-10-24 22:16:14"
1614;43.2;"2022-10-24 22:16:15"
1615;56.7;"2022-10-24 22:16:16"
1616;47.7;"2022-10-24 22:16:17"
1617;31.3;"2022-10-24 22:16:18"
1618;52.7;"2022-10-24 22:16:20"
1619;42.0;"2022-10-24 22:16:21"
1620;45.8;"2022-10-24 22:16:22"
1621;44.9;"2022-10-24 22:16:23"
1622;34.6;"2022-10-24 22:16:24"
1623;31.3;"2022-10-24 22:16:25"
1624;18.3;"2022-10-24 22:16:26"
1625;58.4;"2022-10-24 22:16:27"
1626;51.9;"2022-10-24 22:16:29"
1627;22.5;"2022-10-24 22:16:30"
1628;40.2;"2022-10-24 22:16:31"
1629;65.5;"2022-10-24 22:16:32"
1630;60.5;"2022-10-24 22:16:33"
1631;31.8;"2022-10-24 22:16:34"
1632;52.7;"2022-10-24 22:16:35"
1633;42.0;"2022-10-24 22:16:36"
1634;26.7;"2022-10-24 22:16:37"
1635;22.3;"2022-10-24 22:16:38"
1636;18.3;"2022-10-24 22:16:40"
1637;19.9;"2022-10-24 22:16:41"
1638;19.2;"2022-10-24 22:16:42"
1639;30.2;"2022-10-24 22:16:43"
1640;30.2;"2022-10-24 22:16:44"
1641;23.4;"2022-10-24 22:16:45"
1642;20.5;"2022-10-24 22:16:46"
1643;16.1;"2022-10-24 22:16:47"
1644;18.8;"2022-10-24 22:16:48"
1645;17.4;"2022-10-24 22:16:49"
1646;15.3;"2022-10-24 22:16:51"
1647;13.0;"2022-10-24 22:16:52"
1648;14.6;"2022-10-24 22:16:53"
1649;32.2;"2022-10-24 22:16:54"
1650;43.6;"2022-10-24 22:16:55"
1651;41.3;"2022-10-24 22:16:56"
1652;38.8;"2022-10-24 22:16:57"
1653;36.3;"2022-10-24 22:16:59"
1654;28.4;"2022-10-24 22:17:00"
1655;62.6;"2022-10-24 22:17:01"
1656;64.1;"2022-10-24 22:17:02"
1657;55.8;"2022-10-24 22:17:03"
1658;68.7;"2022-10-24 22:17:04"
1659;41.3;"2022-10-24 22:17:06"
1660;40.2;"2022-10-24 22:17:07"
1661;32.9;"2022-10-24 22:17:08"
1662;28.7;"2022-10-24 22:17:09"
1663;28.4;"2022-10-24 22:17:10"
1664;34.5;"2022-10-24 22:17:11"
1665;35.5;"2022-10-24 22:17:12"
1666;44.1;"2022-10-24 22:17:13"
1667;26.2;"2022-10-24 22:17:14"
1668;33.7;"2022-10-24 22:17:15"
1669;37.6;"2022-10-24 22:17:17"
1670;27.8;"2022-10-24 22:17:18"
1671;30.7;"2022-10-24 22:17:19"
1672;25.2;"2022-10-24 22:17:20"
1673;39.3;"2022-10-24 22:17:21"
1674;59.8;"2022-10-24 22:17:22"
1675;51.3;"2022-10-24 22:17:23"
1676;63.8;"2022-10-24 22:17:24"
1677;27.0;"2022-10-24 22:17:25"
1678;30.6;"2022-10-24 22:17:26"
1679;25.1;"2022-10-24 22:17:28"
1680;47.7;"2022-10-24 22:17:29"
1681;36.3;"2022-10-24 22:17:30"
1682;45.1;"2022-10-24 22:17:31"
1683;63.9;"2022-10-24 22:17:32"
1684;41.1;"2022-10-24 22:17:33"
1685;22.7;"2022-10-24 22:17:34"
1686;20.2;"2022-10-24 22:17:35"
1687;20.2;"2022-10-24 22:17:36"
1688;28.0;"2022-10-24 22:17:37"
1689;21.9;"2022-10-24 22:17:39"
1690;24.7;"2022-10-24 22:17:40"
1691;19.7;"2022-10-24 22:17:41"
1692;20.4;"2022-10-24 22:17:42"
1693;21.8;"2022-10-24 22:17:43"
1694;20.5;"2022-10-24 22:17:44"
1695;33.3;"2022-10-24 22:17:45"
1696;23.4;"2022-10-24 22:17:46"
1697;30.9;"2022-10-24 22:17:47"
1698;37.7;"2022-10-24 22:17:48"
1699;30.4;"2022-10-24 22:17:50"
1700;56.5;"2022-10-24 22:17:51"
1701;35.8;"2022-10-24 22:17:52"
1702;32.3;"2022-10-24 22:17:53"
1703;33.0;"2022-10-24 22:17:54"
1704;25.6;"2022-10-24 22:17:55"
1705;26.7;"2022-10-24 22:17:56"
1706;37.7;"2022-10-24 22:17:57"
1707;29.2;"2022-10-24 22:17:58"
1708;53.9;"2022-10-24 22:18:00"
1709;42.0;"2022-10-24 22:18:01"
1710;38.2;"2022-10-24 22:18:02"
1711;54.2;"2022-10-24 22:18:03"
1712;34.2;"2022-10-24 22:18:04"
1713;37.5;"2022-10-24 22:18:05"
1714;22.4;"2022-10-24 22:18:06"
1715;20.9;"2022-10-24 22:18:07"
1716;21.2;"2022-10-24 22:18:09"
1717;24.8;"2022-10-24 22:18:10"
1718;19.1;"2022-10-24 22:18:11"
1719;22.0;"2022-10-24 22:18:12"
1720;28.0;"2022-10-24 22:18:13"
1721;30.5;"2022-10-24 22:18:14"
1722;24.1;"2022-10-24 22:18:15"
1723;24.3;"2022-10-24 22:18:16"
1724;34.2;"2022-10-24 22:18:17"
1725;34.0;"2022-10-24 22:18:19"
1726;40.6;"2022-10-24 22:18:20"
1727;62.7;"2022-10-24 22:18:21"
1728;49.8;"2022-10-24 22:18:22"
1729;29.5;"2022-10-24 22:18:23"
1730;33.3;"2022-10-24 22:18:24"
1731;26.7;"2022-10-24 22:18:25"
1732;28.4;"2022-10-24 22:18:26"
1733;55.3;"2022-10-24 22:18:27"
1734;48.4;"2022-10-24 22:18:28"
1735;52.0;"2022-10-24 22:18:29"
1736;59.4;"2022-10-24 22:18:30"
1737;28.9;"2022-10-24 22:18:32"
1738;71.6;"2022-10-24 22:18:33"
1739;97.0;"2022-10-24 22:18:34"
1740;81.2;"2022-10-24 22:18:35"
1741;78.3;"2022-10-24 22:18:36"
1742;57.6;"2022-10-24 22:18:37"
1743;35.0;"2022-10-24 22:18:39"
1744;43.6;"2022-10-24 22:18:40"
1745;82.2;"2022-10-24 22:18:41"
1746;52.7;"2022-10-24 22:18:42"
1747;48.3;"2022-10-24 22:18:43"
1748;36.2;"2022-10-24 22:18:44"
1749;35.9;"2022-10-24 22:18:45"
1750;46.4;"2022-10-24 22:18:46"
1751;77.7;"2022-10-24 22:18:47"
1752;79.8;"2022-10-24 22:18:48"
1753;66.8;"2022-10-24 22:18:49"
1754;72.1;"2022-10-24 22:18:51"
1755;64.9;"2022-10-24 22:18:52"
1756;62.7;"2022-10-24 22:18:53"
1757;39.8;"2022-10-24 22:18:54"
1758;44.5;"2022-10-24 22:18:55"
1759;59.1;"2022-10-24 22:18:56"
1760;80.8;"2022-10-24 22:18:57"
1761;53.5;"2022-10-24 22:18:58"
1762;47.0;"2022-10-24 22:18:59"
1763;49.4;"2022-10-24 22:19:00"
1764;46.2;"2022-10-24 22:19:01"
1765;31.5;"2022-10-24 22:19:03"
1766;32.4;"2022-10-24 22:19:04"
1767;26.9;"2022-10-24 22:19:05"
1768;50.6;"2022-10-24 22:19:06"
1769;65.5;"2022-10-24 22:19:07"
1770;45.2;"2022-10-24 22:19:09"
1771;32.8;"2022-10-24 22:19:10"
1772;69.1;"2022-10-24 22:19:11"
1773;45.1;"2022-10-24 22:19:12"
1774;59.2;"2022-10-24 22:19:13"
1775;39.6;"2022-10-24 22:19:14"
1776;36.7;"2022-10-24 22:19:15"
1777;25.9;"2022-10-24 22:19:16"
1778;30.3;"2022-10-24 22:19:17"
1779;40.8;"2022-10-24 22:19:18"
1780;82.6;"2022-10-24 22:19:20"
1781;47.1;"2022-10-24 22:19:21"
1782;53.4;"2022-10-24 22:19:22"
1783;24.1;"2022-10-24 22:19:23"
1784;53.1;"2022-10-24 22:19:24"
1785;34.9;"2022-10-24 22:19:25"
1786;23.6;"2022-10-24 22:19:27"
1787;28.5;"2022-10-24 22:19:28"
1788;46.4;"2022-10-24 22:19:29"
1789;52.9;"2022-10-24 22:19:30"
1790;34.5;"2022-10-24 22:19:31"
1791;17.2;"2022-10-24 22:19:32"
1792;36.8;"2022-10-24 22:19:33"
1793;25.2;"2022-10-24 22:19:34"
1794;22.5;"2022-10-24 22:19:35"
1795;46.3;"2022-10-24 22:19:36"
1796;83.0;"2022-10-24 22:19:37"
1797;89.1;"2022-10-24 22:19:38"
1798;77.6;"2022-10-24 22:19:39"
1799;53.4;"2022-10-24 22:19:41"
1800;61.1;"2022-10-24 22:19:42"
1801;61.6;"2022-10-24 22:19:43"
1802;50.6;"2022-10-24 22:19:44"
1803;63.0;"2022-10-24 22:19:45"
1804;66.0;"2022-10-24 22:19:46"
1805;67.3;"2022-10-24 22:19:47"
1806;31.0;"2022-10-24 22:19:48"
1807;28.0;"2022-10-24 22:19:49"
1808;36.6;"2022-10-24 22:19:51"
1809;43.7;"2022-10-24 22:19:52"
1810;32.3;"2022-10-24 22:19:53"
1811;26.2;"2022-10-24 22:19:54"
1812;25.0;"2022-10-24 22:19:55"
1813;27.7;"2022-10-24 22:19:56"
1814;63.9;"2022-10-24 22:19:57"
1815;46.5;"2022-10-24 22:19:58"
1816;36.0;"2022-10-24 22:19:59"
1817;56.7;"2022-10-24 22:20:00"
1818;54.2;"2022-10-24 22:20:01"
1819;76.7;"2022-10-24 22:20:03"
1820;53.4;"2022-10-24 22:20:04"
1821;40.3;"2022-10-24 22:20:05"
1822;30.8;"2022-10-24 22:20:06"
1823;55.0;"2022-10-24 22:20:07"
1824;66.0;"2022-10-24 22:20:08"
1825;50.4;"2022-10-24 22:20:09"
1826;68.4;"2022-10-24 22:20:10"
1827;67.6;"2022-10-24 22:20:11"
1828;57.0;"2022-10-24 22:20:12"
1829;53.2;"2022-10-24 22:20:14"
1830;57.8;"2022-10-24 22:20:15"
1831;45.5;"2022-10-24 22:20:16"
1832;51.9;"2022-10-24 22:20:17"
1833;65.8;"2022-10-24 22:20:18"
1834;35.6;"2022-10-24 22:20:19"
1835;35.8;"2022-10-24 22:20:20"
1836;21.9;"2022-10-24 22:20:21"
1837;46.2;"2022-10-24 22:20:22"
1838;39.7;"2022-10-24 22:20:24"
1839;40.7;"2022-10-24 22:20:25"
1840;31.5;"2022-10-24 22:20:26"
1841;41.4;"2022-10-24 22:20:27"
1842;47.9;"2022-10-24 22:20:28"
1843;27.1;"2022-10-24 22:20:29"
1844;23.5;"2022-10-24 22:20:30"
1845;31.0;"2022-10-24 22:20:31"
1846;29.7;"2022-10-24 22:20:32"
1847;27.5;"2022-10-24 22:20:33"
1848;38.2;"2022-10-24 22:20:35"
1849;33.6;"2022-10-24 22:20:36"
1850;46.0;"2022-10-24 22:20:37"
1851;34.3;"2022-10-24 22:20:38"
1852;31.3;"2022-10-24 22:20:39"
1853;37.1;"2022-10-24 22:20:40"
1854;31.3;"2022-10-24 22:20:41"
1855;24.8;"2022-10-24 22:20:42"
1856;23.6;"2022-10-24 22:20:43"
1857;29.5;"2022-10-24 22:20:44"
1858;51.3;"2022-10-24 22:20:45"
1859;19.2;"2022-10-24 22:20:46"
1860;42.1;"2022-10-24 22:20:47"
1861;23.3;"2022-10-24 22:20:48"
1862;59.6;"2022-10-24 22:20:50"
1863;43.6;"2022-10-24 22:20:51"
1864;22.0;"2022-10-24 22:20:52"
1865;28.0;"2022-10-24 22:20:53"
1866;28.5;"2022-10-24 22:20:54"
1867;37.7;"2022-10-24 22:20:55"
1868;34.9;"2022-10-24 22:20:56"
1869;16.5;"2022-10-24 22:20:57"
1870;29.2;"2022-10-24 22:20:58"
1871;42.3;"2022-10-24 22:20:59"
1872;33.1;"2022-10-24 22:21:00"
1873;24.9;"2022-10-24 22:21:01"
1874;20.6;"2022-10-24 22:21:02"
1875;32.3;"2022-10-24 22:21:04"
1876;22.4;"2022-10-24 22:21:05"
1877;25.4;"2022-10-24 22:21:06"
1878;21.8;"2022-10-24 22:21:07"
1879;22.3;"2022-10-24 22:21:08"
1880;36.3;"2022-10-24 22:21:09"
1881;26.8;"2022-10-24 22:21:10"
1882;25.2;"2022-10-24 22:21:12"
1883;34.5;"2022-10-24 22:21:13"
1884;22.2;"2022-10-24 22:21:14"
1885;18.7;"2022-10-24 22:21:15"
1886;23.8;"2022-10-24 22:21:16"
1887;22.9;"2022-10-24 22:21:17"
1888;34.6;"2022-10-24 22:21:18"
1889;48.5;"2022-10-24 22:21:19"
1890;25.2;"2022-10-24 22:21:20"
1891;62.1;"2022-10-24 22:21:21"
1892;35.0;"2022-10-24 22:21:22"
1893;24.4;"2022-10-24 22:21:24"
1894;42.2;"2022-10-24 22:21:25"
1895;41.4;"2022-10-24 22:21:26"
1896;25.7;"2022-10-24 22:21:27"
1897;48.1;"2022-10-24 22:21:28"
1898;45.1;"2022-10-24 22:21:29"
1899;50.6;"2022-10-24 22:21:30"
1900;41.9;"2022-10-24 22:21:31"
1901;35.8;"2022-10-24 22:21:32"
1902;59.4;"2022-10-24 22:21:33"
1903;36.3;"2022-10-24 22:21:34"
1904;27.9;"2022-10-24 22:21:36"
1905;18.5;"2022-10-24 22:21:37"
1906;18.8;"2022-10-24 22:21:38"
1907;19.2;"2022-10-24 22:21:39"
1908;47.9;"2022-10-24 22:21:40"
1909;32.7;"2022-10-24 22:21:41"
1910;21.5;"2022-10-24 22:21:42"
1911;26.7;"2022-10-24 22:21:43"
1912;26.1;"2022-10-24 22:21:44"
1913;29.2;"2022-10-24 22:21:45"
1914;42.1;"2022-10-24 22:21:46"
1915;33.8;"2022-10-24 22:21:48"
1916;25.6;"2022-10-24 22:21:49"
1917;24.0;"2022-10-24 22:21:50"
1918;37.5;"2022-10-24 22:21:51"
1919;29.7;"2022-10-24 22:21:52"
1920;16.7;"2022-10-24 22:21:53"
1921;24.6;"2022-10-24 22:21:54"
1922;18.3;"2022-10-24 22:21:55"
1923;28.5;"2022-10-24 22:21:56"
1924;22.7;"2022-10-24 22:21:57"
1925;20.6;"2022-10-24 22:21:58"
1926;22.8;"2022-10-24 22:22:00"
1927;20.2;"2022-10-24 22:22:01"
1928;32.1;"2022-10-24 22:22:02"
1929;22.2;"2022-10-24 22:22:03"
1930;31.0;"2022-10-24 22:22:04"
1931;28.8;"2022-10-24 22:22:05"
1932;52.0;"2022-10-24 22:22:06"
1933;32.3;"2022-10-24 22:22:07"
1934;32.4;"2022-10-24 22:22:08"
1935;17.9;"2022-10-24 22:22:09"
1936;33.8;"2022-10-24 22:22:10"
1937;14.8;"2022-10-24 22:22:11"
1938;23.1;"2022-10-24 22:22:12"
1939;29.2;"2022-10-24 22:22:14"
1940;59.4;"2022-10-24 22:22:15"
1941;30.7;"2022-10-24 22:22:16"
1942;26.4;"2022-10-24 22:22:17"
1943;31.5;"2022-10-24 22:22:18"
1944;31.9;"2022-10-24 22:22:19"
1945;30.0;"2022-10-24 22:22:20"
1946;30.0;"2022-10-24 22:22:21"
1947;25.2;"2022-10-24 22:22:22"
1948;32.6;"2022-10-24 22:22:23"
1949;30.4;"2022-10-24 22:22:25"
1950;26.8;"2022-10-24 22:22:26"
1951;16.5;"2022-10-24 22:22:27"
1952;17.1;"2022-10-24 22:22:28"
1953;38.8;"2022-10-24 22:22:29"
1954;53.5;"2022-10-24 22:22:30"
1955;29.4;"2022-10-24 22:22:31"
1956;30.8;"2022-10-24 22:22:32"
1957;31.0;"2022-10-24 22:22:33"
1958;29.2;"2022-10-24 22:22:34"
1959;42.2;"2022-10-24 22:22:36"
1960;30.7;"2022-10-24 22:22:37"
1961;24.5;"2022-10-24 22:22:38"
1962;20.4;"2022-10-24 22:22:39"
1963;25.0;"2022-10-24 22:22:40"
1964;62.6;"2022-10-24 22:22:41"
1965;42.5;"2022-10-24 22:22:42"
1966;18.9;"2022-10-24 22:22:43"
1967;29.0;"2022-10-24 22:22:44"
1968;27.2;"2022-10-24 22:22:45"
1969;15.8;"2022-10-24 22:22:47"
1970;27.2;"2022-10-24 22:22:48"
1971;18.3;"2022-10-24 22:22:49"
1972;34.6;"2022-10-24 22:22:50"
1973;19.9;"2022-10-24 22:22:51"
1974;28.9;"2022-10-24 22:22:52"
1975;26.4;"2022-10-24 22:22:53"
1976;80.5;"2022-10-24 22:22:54"
1977;97.7;"2022-10-24 22:22:55"
1978;58.1;"2022-10-24 22:22:56"
1979;58.1;"2022-10-24 22:22:57"
1980;56.2;"2022-10-24 22:22:58"
1981;61.8;"2022-10-24 22:22:59"
1982;53.1;"2022-10-24 22:23:01"
1983;68.3;"2022-10-24 22:23:02"
1984;51.1;"2022-10-24 22:23:03"
1985;74.8;"2022-10-24 22:23:04"
1986;67.9;"2022-10-24 22:23:05"
1987;52.9;"2022-10-24 22:23:06"
1988;54.0;"2022-10-24 22:23:07"
1989;55.6;"2022-10-24 22:23:08"
1990;56.5;"2022-10-24 22:23:09"
1991;46.2;"2022-10-24 22:23:10"
1992;30.2;"2022-10-24 22:23:12"
1993;30.3;"2022-10-24 22:23:13"
1994;59.1;"2022-10-24 22:23:14"
1995;98.9;"2022-10-24 22:23:15"
1996;90.6;"2022-10-24 22:23:16"
1997;84.3;"2022-10-24 22:23:17"
1998;38.1;"2022-10-24 22:23:18"
1999;36.0;"2022-10-24 22:23:20"
2000;43.7;"2022-10-24 22:23:21"
2001;41.2;"2022-10-24 22:23:22"
2002;42.7;"2022-10-24 22:23:23"
