"idDisc";"registro";"hora"
1;138.66899490356445;"2022-10-24 21:45:42"
2;138.66911697387695;"2022-10-24 21:45:43"
3;138.66911697387695;"2022-10-24 21:45:44"
4;138.6653938293457;"2022-10-24 21:45:45"
5;138.6653938293457;"2022-10-24 21:45:46"
6;138.6655158996582;"2022-10-24 21:45:47"
7;138.6655158996582;"2022-10-24 21:45:48"
8;138.66551208496094;"2022-10-24 21:45:49"
9;138.66563415527344;"2022-10-24 21:45:50"
10;138.66563415527344;"2022-10-24 21:45:51"
11;138.66563415527344;"2022-10-24 21:45:52"
12;138.66563415527344;"2022-10-24 21:45:54"
13;138.66563415527344;"2022-10-24 21:45:55"
14;138.66563415527344;"2022-10-24 21:45:56"
15;138.66575622558594;"2022-10-24 21:45:57"
16;138.66575622558594;"2022-10-24 21:45:58"
17;138.66575622558594;"2022-10-24 21:45:59"
18;138.66575622558594;"2022-10-24 21:46:00"
19;138.66575622558594;"2022-10-24 21:46:01"
20;138.66575622558594;"2022-10-24 21:46:02"
21;138.6657600402832;"2022-10-24 21:46:03"
22;138.6657600402832;"2022-10-24 21:46:04"
23;138.6658821105957;"2022-10-24 21:46:06"
24;138.66582107543945;"2022-10-24 21:46:07"
25;138.66585159301758;"2022-10-24 21:46:08"
26;138.66585159301758;"2022-10-24 21:46:09"
27;138.66606521606445;"2022-10-24 21:46:10"
28;138.66606521606445;"2022-10-24 21:46:11"
29;138.6706428527832;"2022-10-24 21:46:12"
30;138.67076110839844;"2022-10-24 21:46:13"
31;138.67118072509766;"2022-10-24 21:46:14"
32;138.6712417602539;"2022-10-24 21:46:15"
33;138.6712417602539;"2022-10-24 21:46:16"
34;138.67180633544922;"2022-10-24 21:46:18"
35;138.67180633544922;"2022-10-24 21:46:19"
36;138.67186737060547;"2022-10-24 21:46:20"
37;138.67205047607422;"2022-10-24 21:46:21"
38;138.67205047607422;"2022-10-24 21:46:22"
39;138.67296600341797;"2022-10-24 21:46:23"
40;138.6679801940918;"2022-10-24 21:46:24"
41;138.66856002807617;"2022-10-24 21:46:25"
42;138.6689453125;"2022-10-24 21:46:27"
43;138.6689453125;"2022-10-24 21:46:28"
44;138.6690673828125;"2022-10-24 21:46:29"
45;138.66823959350586;"2022-10-24 21:46:30"
46;138.66887664794922;"2022-10-24 21:46:31"
47;138.67304611206055;"2022-10-24 21:46:34"
48;138.67304611206055;"2022-10-24 21:46:35"
49;138.67257690429688;"2022-10-24 21:46:36"
50;138.67257690429688;"2022-10-24 21:46:38"
51;138.67263793945312;"2022-10-24 21:46:39"
52;138.67263793945312;"2022-10-24 21:46:40"
53;138.67263793945312;"2022-10-24 21:46:41"
54;138.67282104492188;"2022-10-24 21:46:42"
55;138.67276000976562;"2022-10-24 21:46:43"
56;138.67276000976562;"2022-10-24 21:46:44"
57;138.67276000976562;"2022-10-24 21:46:45"
58;138.67276000976562;"2022-10-24 21:46:46"
59;138.67276000976562;"2022-10-24 21:46:47"
60;138.67282104492188;"2022-10-24 21:46:48"
61;138.67282104492188;"2022-10-24 21:46:49"
62;138.67247772216797;"2022-10-24 21:46:50"
63;138.67247772216797;"2022-10-24 21:46:52"
64;138.67247772216797;"2022-10-24 21:46:53"
65;138.67247772216797;"2022-10-24 21:46:54"
66;138.67259979248047;"2022-10-24 21:46:55"
67;138.67259979248047;"2022-10-24 21:46:56"
68;138.67259979248047;"2022-10-24 21:46:57"
69;138.67259979248047;"2022-10-24 21:46:58"
70;138.67259979248047;"2022-10-24 21:46:59"
71;138.67259979248047;"2022-10-24 21:47:00"
72;138.6725959777832;"2022-10-24 21:47:02"
73;138.6725959777832;"2022-10-24 21:47:03"
74;138.67261505126953;"2022-10-24 21:47:04"
75;138.67261505126953;"2022-10-24 21:47:05"
76;138.67261505126953;"2022-10-24 21:47:06"
77;138.67261505126953;"2022-10-24 21:47:07"
78;138.67261505126953;"2022-10-24 21:47:09"
79;138.67280960083008;"2022-10-24 21:47:10"
80;138.6728744506836;"2022-10-24 21:47:11"
81;138.6730194091797;"2022-10-24 21:47:12"
82;138.67302322387695;"2022-10-24 21:47:13"
83;138.6732940673828;"2022-10-24 21:47:15"
84;138.67334365844727;"2022-10-24 21:47:16"
85;138.67359161376953;"2022-10-24 21:47:17"
86;138.67353057861328;"2022-10-24 21:47:18"
87;138.67359161376953;"2022-10-24 21:47:19"
88;138.6738052368164;"2022-10-24 21:47:20"
89;138.67380905151367;"2022-10-24 21:47:21"
90;138.67387008666992;"2022-10-24 21:47:22"
91;138.67387008666992;"2022-10-24 21:47:24"
92;138.67387771606445;"2022-10-24 21:47:25"
93;138.67387771606445;"2022-10-24 21:47:26"
94;138.67387771606445;"2022-10-24 21:47:27"
95;138.67387771606445;"2022-10-24 21:47:28"
96;138.67355346679688;"2022-10-24 21:47:29"
97;138.67361450195312;"2022-10-24 21:47:30"
98;138.67361450195312;"2022-10-24 21:47:31"
99;138.67361450195312;"2022-10-24 21:47:32"
100;138.67361450195312;"2022-10-24 21:47:33"
101;138.6735382080078;"2022-10-24 21:47:34"
102;138.6735382080078;"2022-10-24 21:47:36"
103;138.6735382080078;"2022-10-24 21:47:37"
104;138.6735382080078;"2022-10-24 21:47:38"
105;138.6735382080078;"2022-10-24 21:47:39"
106;138.6735382080078;"2022-10-24 21:47:40"
107;138.6735382080078;"2022-10-24 21:47:41"
108;138.6735382080078;"2022-10-24 21:47:42"
109;138.6735382080078;"2022-10-24 21:47:43"
110;138.6735382080078;"2022-10-24 21:47:44"
111;138.6735382080078;"2022-10-24 21:47:46"
112;138.6735382080078;"2022-10-24 21:47:47"
113;138.6736602783203;"2022-10-24 21:47:48"
114;138.6736602783203;"2022-10-24 21:47:49"
115;138.6736602783203;"2022-10-24 21:47:50"
116;138.6736602783203;"2022-10-24 21:47:51"
117;138.6736602783203;"2022-10-24 21:47:52"
118;138.6736602783203;"2022-10-24 21:47:53"
119;138.6737823486328;"2022-10-24 21:47:54"
120;138.6737823486328;"2022-10-24 21:47:55"
121;138.6737823486328;"2022-10-24 21:47:56"
122;138.6737823486328;"2022-10-24 21:47:57"
123;138.6737823486328;"2022-10-24 21:47:58"
124;138.67372131347656;"2022-10-24 21:48:00"
125;138.67372131347656;"2022-10-24 21:48:01"
126;138.67372131347656;"2022-10-24 21:48:02"
127;138.67372131347656;"2022-10-24 21:48:03"
128;138.67372131347656;"2022-10-24 21:48:04"
129;138.67372131347656;"2022-10-24 21:48:05"
130;138.67372131347656;"2022-10-24 21:48:06"
131;138.67372131347656;"2022-10-24 21:48:07"
132;138.67372131347656;"2022-10-24 21:48:08"
133;138.67372131347656;"2022-10-24 21:48:09"
134;138.67372131347656;"2022-10-24 21:48:11"
135;138.67372131347656;"2022-10-24 21:48:12"
136;138.67372131347656;"2022-10-24 21:48:13"
137;138.67372131347656;"2022-10-24 21:48:14"
138;138.67372131347656;"2022-10-24 21:48:15"
139;138.67372131347656;"2022-10-24 21:48:16"
140;138.67156982421875;"2022-10-24 21:48:17"
141;138.67156982421875;"2022-10-24 21:48:18"
142;138.67156982421875;"2022-10-24 21:48:19"
143;138.6717529296875;"2022-10-24 21:48:21"
144;138.6717529296875;"2022-10-24 21:48:22"
145;138.67181396484375;"2022-10-24 21:48:23"
146;138.67181396484375;"2022-10-24 21:48:24"
147;138.67193984985352;"2022-10-24 21:48:25"
148;138.67197799682617;"2022-10-24 21:48:26"
149;138.67197799682617;"2022-10-24 21:48:27"
150;138.67197799682617;"2022-10-24 21:48:28"
151;138.67181777954102;"2022-10-24 21:48:29"
152;138.67181777954102;"2022-10-24 21:48:30"
153;138.66791152954102;"2022-10-24 21:48:31"
154;138.66787338256836;"2022-10-24 21:48:32"
155;138.66787338256836;"2022-10-24 21:48:33"
156;138.66799545288086;"2022-10-24 21:48:34"
157;138.66799545288086;"2022-10-24 21:48:36"
158;138.6681785583496;"2022-10-24 21:48:37"
159;138.6681785583496;"2022-10-24 21:48:38"
160;138.6681785583496;"2022-10-24 21:48:39"
161;138.6681785583496;"2022-10-24 21:48:40"
162;138.6681785583496;"2022-10-24 21:48:41"
163;138.6681785583496;"2022-10-24 21:48:42"
164;138.6681785583496;"2022-10-24 21:48:43"
165;138.6681785583496;"2022-10-24 21:48:44"
166;138.66818237304688;"2022-10-24 21:48:45"
167;138.66824340820312;"2022-10-24 21:48:47"
168;138.66836547851562;"2022-10-24 21:48:48"
169;138.66836547851562;"2022-10-24 21:48:49"
170;138.66842651367188;"2022-10-24 21:48:50"
171;138.66842651367188;"2022-10-24 21:48:51"
172;138.66842651367188;"2022-10-24 21:48:52"
173;138.66842651367188;"2022-10-24 21:48:53"
174;138.66842651367188;"2022-10-24 21:48:54"
175;138.66842651367188;"2022-10-24 21:48:55"
176;138.6684684753418;"2022-10-24 21:48:56"
177;138.6684684753418;"2022-10-24 21:48:57"
178;138.66847229003906;"2022-10-24 21:48:59"
179;138.66847229003906;"2022-10-24 21:49:00"
180;138.66847229003906;"2022-10-24 21:49:01"
181;138.66847229003906;"2022-10-24 21:49:02"
182;138.66847229003906;"2022-10-24 21:49:03"
183;138.66847229003906;"2022-10-24 21:49:04"
184;138.66847229003906;"2022-10-24 21:49:06"
185;138.66847229003906;"2022-10-24 21:49:07"
186;138.66847229003906;"2022-10-24 21:49:08"
187;138.66847229003906;"2022-10-24 21:49:09"
188;138.66843032836914;"2022-10-24 21:49:10"
189;138.6684455871582;"2022-10-24 21:49:11"
190;138.6685905456543;"2022-10-24 21:49:12"
191;138.6685905456543;"2022-10-24 21:49:13"
192;138.6685905456543;"2022-10-24 21:49:14"
193;138.6685905456543;"2022-10-24 21:49:15"
194;138.66881561279297;"2022-10-24 21:49:16"
195;138.66881561279297;"2022-10-24 21:49:18"
196;138.66881561279297;"2022-10-24 21:49:19"
197;138.66893768310547;"2022-10-24 21:49:20"
198;138.66893768310547;"2022-10-24 21:49:21"
199;138.66893768310547;"2022-10-24 21:49:22"
200;138.66902923583984;"2022-10-24 21:49:23"
201;138.66902923583984;"2022-10-24 21:49:24"
202;138.66902923583984;"2022-10-24 21:49:25"
203;138.6690902709961;"2022-10-24 21:49:26"
204;138.6690902709961;"2022-10-24 21:49:28"
205;138.6690902709961;"2022-10-24 21:49:29"
206;138.6692123413086;"2022-10-24 21:49:30"
207;138.6692771911621;"2022-10-24 21:49:31"
208;138.66933822631836;"2022-10-24 21:49:32"
209;138.66933822631836;"2022-10-24 21:49:33"
210;138.66934967041016;"2022-10-24 21:49:34"
211;138.66934967041016;"2022-10-24 21:49:35"
212;138.66934967041016;"2022-10-24 21:49:36"
213;138.66934967041016;"2022-10-24 21:49:37"
214;138.66947174072266;"2022-10-24 21:49:38"
215;138.66947174072266;"2022-10-24 21:49:39"
216;138.66953659057617;"2022-10-24 21:49:41"
217;138.66567611694336;"2022-10-24 21:49:42"
218;138.66567611694336;"2022-10-24 21:49:43"
219;138.6660614013672;"2022-10-24 21:49:44"
220;138.6660614013672;"2022-10-24 21:49:45"
221;138.6660614013672;"2022-10-24 21:49:46"
222;138.6660614013672;"2022-10-24 21:49:47"
223;138.6660614013672;"2022-10-24 21:49:48"
224;138.6660614013672;"2022-10-24 21:49:49"
225;138.6660614013672;"2022-10-24 21:49:50"
226;138.6660614013672;"2022-10-24 21:49:52"
227;138.6660614013672;"2022-10-24 21:49:53"
228;138.6660614013672;"2022-10-24 21:49:54"
229;138.6660614013672;"2022-10-24 21:49:55"
230;138.6660614013672;"2022-10-24 21:49:56"
231;138.6660614013672;"2022-10-24 21:49:57"
232;138.6660614013672;"2022-10-24 21:49:58"
233;138.6660614013672;"2022-10-24 21:49:59"
234;138.6660614013672;"2022-10-24 21:50:00"
235;138.6660614013672;"2022-10-24 21:50:01"
236;138.6660614013672;"2022-10-24 21:50:02"
237;138.6660614013672;"2022-10-24 21:50:03"
238;138.6660614013672;"2022-10-24 21:50:04"
239;138.6660614013672;"2022-10-24 21:50:05"
240;138.6660614013672;"2022-10-24 21:50:07"
241;138.6660614013672;"2022-10-24 21:50:08"
242;138.6660614013672;"2022-10-24 21:50:09"
243;138.6660614013672;"2022-10-24 21:50:10"
244;138.6660614013672;"2022-10-24 21:50:11"
245;138.6660614013672;"2022-10-24 21:50:12"
246;138.6660614013672;"2022-10-24 21:50:13"
247;138.6660614013672;"2022-10-24 21:50:14"
248;138.6660614013672;"2022-10-24 21:50:15"
249;138.6660614013672;"2022-10-24 21:50:16"
250;138.6660614013672;"2022-10-24 21:50:17"
251;138.66624450683594;"2022-10-24 21:50:19"
252;138.66624450683594;"2022-10-24 21:50:20"
253;138.66629028320312;"2022-10-24 21:50:21"
254;138.6662940979004;"2022-10-24 21:50:22"
255;138.6662940979004;"2022-10-24 21:50:23"
256;138.6662940979004;"2022-10-24 21:50:24"
257;138.6662940979004;"2022-10-24 21:50:25"
258;138.6662940979004;"2022-10-24 21:50:26"
259;138.6662940979004;"2022-10-24 21:50:27"
260;138.6662483215332;"2022-10-24 21:50:28"
261;138.6663703918457;"2022-10-24 21:50:29"
262;138.6664924621582;"2022-10-24 21:50:30"
263;138.6664924621582;"2022-10-24 21:50:31"
264;138.6664924621582;"2022-10-24 21:50:32"
265;138.66667556762695;"2022-10-24 21:50:33"
266;138.66667556762695;"2022-10-24 21:50:35"
267;138.66667556762695;"2022-10-24 21:50:36"
268;138.66667556762695;"2022-10-24 21:50:37"
269;138.66667556762695;"2022-10-24 21:50:38"
270;138.66667556762695;"2022-10-24 21:50:39"
271;138.66667556762695;"2022-10-24 21:50:40"
272;138.66667556762695;"2022-10-24 21:50:42"
273;138.66667556762695;"2022-10-24 21:50:43"
274;138.6667938232422;"2022-10-24 21:50:44"
275;138.6667938232422;"2022-10-24 21:50:45"
276;138.6667938232422;"2022-10-24 21:50:46"
277;138.6667938232422;"2022-10-24 21:50:47"
278;138.6667938232422;"2022-10-24 21:50:48"
279;138.6667938232422;"2022-10-24 21:50:49"
280;138.6667938232422;"2022-10-24 21:50:50"
281;138.6667938232422;"2022-10-24 21:50:51"
282;138.6667938232422;"2022-10-24 21:50:52"
283;138.6667938232422;"2022-10-24 21:50:53"
284;138.6667938232422;"2022-10-24 21:50:55"
285;138.6667938232422;"2022-10-24 21:50:56"
286;138.6667938232422;"2022-10-24 21:50:57"
287;138.6667938232422;"2022-10-24 21:50:58"
288;138.6667938232422;"2022-10-24 21:50:59"
289;138.6669158935547;"2022-10-24 21:51:00"
290;138.66413116455078;"2022-10-24 21:51:01"
291;138.66521835327148;"2022-10-24 21:51:03"
292;138.66534042358398;"2022-10-24 21:51:04"
293;138.66741561889648;"2022-10-24 21:51:05"
294;138.66741561889648;"2022-10-24 21:51:06"
295;138.66582489013672;"2022-10-24 21:51:07"
296;138.6660041809082;"2022-10-24 21:51:08"
297;138.66607666015625;"2022-10-24 21:51:10"
298;138.66615676879883;"2022-10-24 21:51:11"
299;138.66637420654297;"2022-10-24 21:51:12"
300;138.66643524169922;"2022-10-24 21:51:13"
301;138.66636276245117;"2022-10-24 21:51:14"
302;138.6666259765625;"2022-10-24 21:51:15"
303;138.66766357421875;"2022-10-24 21:51:16"
304;138.66766357421875;"2022-10-24 21:51:17"
305;138.66778182983398;"2022-10-24 21:51:18"
306;138.66877365112305;"2022-10-24 21:51:20"
307;138.6697235107422;"2022-10-24 21:51:21"
308;138.66972732543945;"2022-10-24 21:51:22"
309;138.67022323608398;"2022-10-24 21:51:23"
310;138.67022323608398;"2022-10-24 21:51:25"
311;138.67022323608398;"2022-10-24 21:51:26"
312;138.67022323608398;"2022-10-24 21:51:27"
313;138.67022323608398;"2022-10-24 21:51:28"
314;138.67022323608398;"2022-10-24 21:51:29"
315;138.67022323608398;"2022-10-24 21:51:30"
316;138.6698989868164;"2022-10-24 21:51:31"
317;138.6698989868164;"2022-10-24 21:51:33"
318;138.6698989868164;"2022-10-24 21:51:34"
319;138.6698989868164;"2022-10-24 21:51:35"
320;138.66996002197266;"2022-10-24 21:51:36"
321;138.66996002197266;"2022-10-24 21:51:37"
322;138.66996002197266;"2022-10-24 21:51:38"
323;138.6701431274414;"2022-10-24 21:51:39"
324;138.67020416259766;"2022-10-24 21:51:40"
325;138.67020416259766;"2022-10-24 21:51:41"
326;138.67020416259766;"2022-10-24 21:51:42"
327;138.6704216003418;"2022-10-24 21:51:43"
328;138.6704216003418;"2022-10-24 21:51:44"
329;138.67048263549805;"2022-10-24 21:51:46"
330;138.6706657409668;"2022-10-24 21:51:47"
331;138.67033004760742;"2022-10-24 21:51:49"
332;138.67033004760742;"2022-10-24 21:51:51"
333;138.67033004760742;"2022-10-24 21:51:52"
334;138.67033004760742;"2022-10-24 21:51:53"
335;138.6703338623047;"2022-10-24 21:51:54"
336;138.6703338623047;"2022-10-24 21:51:55"
337;138.67040634155273;"2022-10-24 21:51:56"
338;138.67058944702148;"2022-10-24 21:51:57"
339;138.67058563232422;"2022-10-24 21:51:58"
340;138.67070770263672;"2022-10-24 21:51:59"
341;138.67070770263672;"2022-10-24 21:52:01"
342;138.67070770263672;"2022-10-24 21:52:02"
343;138.67070770263672;"2022-10-24 21:52:03"
344;138.67070770263672;"2022-10-24 21:52:04"
345;138.67070770263672;"2022-10-24 21:52:05"
346;138.67071533203125;"2022-10-24 21:52:06"
347;138.67084884643555;"2022-10-24 21:52:07"
348;138.67071533203125;"2022-10-24 21:52:09"
349;138.6707763671875;"2022-10-24 21:52:10"
350;138.6707763671875;"2022-10-24 21:52:11"
351;138.6707763671875;"2022-10-24 21:52:12"
352;138.6707763671875;"2022-10-24 21:52:13"
353;138.6707763671875;"2022-10-24 21:52:14"
354;138.67083740234375;"2022-10-24 21:52:15"
355;138.67089080810547;"2022-10-24 21:52:16"
356;138.67089080810547;"2022-10-24 21:52:17"
357;138.67089080810547;"2022-10-24 21:52:18"
358;138.67082977294922;"2022-10-24 21:52:19"
359;138.67082977294922;"2022-10-24 21:52:20"
360;138.67082977294922;"2022-10-24 21:52:21"
361;138.67082977294922;"2022-10-24 21:52:23"
362;138.67082977294922;"2022-10-24 21:52:24"
363;138.67082977294922;"2022-10-24 21:52:25"
364;138.67082977294922;"2022-10-24 21:52:26"
365;138.67082977294922;"2022-10-24 21:52:27"
366;138.67082977294922;"2022-10-24 21:52:28"
367;138.67082977294922;"2022-10-24 21:52:29"
368;138.67082977294922;"2022-10-24 21:52:30"
369;138.67082977294922;"2022-10-24 21:52:31"
370;138.67082977294922;"2022-10-24 21:52:32"
371;138.67082977294922;"2022-10-24 21:52:33"
372;138.67082977294922;"2022-10-24 21:52:34"
373;138.67082977294922;"2022-10-24 21:52:35"
374;138.67058181762695;"2022-10-24 21:52:37"
375;138.67058181762695;"2022-10-24 21:52:38"
376;138.67058181762695;"2022-10-24 21:52:39"
377;138.67058181762695;"2022-10-24 21:52:40"
378;138.67058181762695;"2022-10-24 21:52:41"
379;138.67058181762695;"2022-10-24 21:52:42"
380;138.67058181762695;"2022-10-24 21:52:43"
381;138.67058181762695;"2022-10-24 21:52:44"
382;138.67058181762695;"2022-10-24 21:52:45"
383;138.67058181762695;"2022-10-24 21:52:46"
384;138.67058181762695;"2022-10-24 21:52:47"
385;138.67058181762695;"2022-10-24 21:52:48"
386;138.67058181762695;"2022-10-24 21:52:49"
387;138.67058181762695;"2022-10-24 21:52:51"
388;138.67070388793945;"2022-10-24 21:52:52"
389;138.67070388793945;"2022-10-24 21:52:53"
390;138.67082595825195;"2022-10-24 21:52:54"
391;138.6708869934082;"2022-10-24 21:52:55"
392;138.67102813720703;"2022-10-24 21:52:56"
393;138.67102813720703;"2022-10-24 21:52:57"
394;138.67102813720703;"2022-10-24 21:52:58"
395;138.67102813720703;"2022-10-24 21:53:00"
396;138.67102813720703;"2022-10-24 21:53:01"
397;138.67102813720703;"2022-10-24 21:53:02"
398;138.67102813720703;"2022-10-24 21:53:03"
399;138.67102813720703;"2022-10-24 21:53:04"
400;138.67102813720703;"2022-10-24 21:53:05"
401;138.67102813720703;"2022-10-24 21:53:06"
402;138.67102813720703;"2022-10-24 21:53:07"
403;138.67102813720703;"2022-10-24 21:53:08"
404;138.67102813720703;"2022-10-24 21:53:09"
405;138.67102813720703;"2022-10-24 21:53:11"
406;138.6714210510254;"2022-10-24 21:53:12"
407;138.6714210510254;"2022-10-24 21:53:13"
408;138.67142486572266;"2022-10-24 21:53:14"
409;138.67158889770508;"2022-10-24 21:53:15"
410;138.6715850830078;"2022-10-24 21:53:16"
411;138.6715850830078;"2022-10-24 21:53:17"
412;138.6715850830078;"2022-10-24 21:53:18"
413;138.6715850830078;"2022-10-24 21:53:19"
414;138.6715850830078;"2022-10-24 21:53:20"
415;138.6715850830078;"2022-10-24 21:53:21"
416;138.6715850830078;"2022-10-24 21:53:22"
417;138.6715850830078;"2022-10-24 21:53:23"
418;138.67152404785156;"2022-10-24 21:53:25"
419;138.67152404785156;"2022-10-24 21:53:26"
420;138.67152404785156;"2022-10-24 21:53:27"
421;138.67152404785156;"2022-10-24 21:53:28"
422;138.67152404785156;"2022-10-24 21:53:29"
423;138.67152404785156;"2022-10-24 21:53:30"
424;138.67152404785156;"2022-10-24 21:53:31"
425;138.67152786254883;"2022-10-24 21:53:32"
426;138.67152786254883;"2022-10-24 21:53:34"
427;138.67152786254883;"2022-10-24 21:53:35"
428;138.67152786254883;"2022-10-24 21:53:36"
429;138.67152786254883;"2022-10-24 21:53:37"
430;138.67152786254883;"2022-10-24 21:53:38"
431;138.67152786254883;"2022-10-24 21:53:39"
432;138.67152786254883;"2022-10-24 21:53:40"
433;138.67152786254883;"2022-10-24 21:53:41"
434;138.67152786254883;"2022-10-24 21:53:42"
435;138.67152786254883;"2022-10-24 21:53:43"
436;138.67152786254883;"2022-10-24 21:53:45"
437;138.67152786254883;"2022-10-24 21:53:46"
438;138.67152786254883;"2022-10-24 21:53:47"
439;138.67152786254883;"2022-10-24 21:53:48"
440;138.67152786254883;"2022-10-24 21:53:49"
441;138.67152786254883;"2022-10-24 21:53:50"
442;138.67152786254883;"2022-10-24 21:53:51"
443;138.67152786254883;"2022-10-24 21:53:52"
444;138.67152786254883;"2022-10-24 21:53:53"
445;138.67152786254883;"2022-10-24 21:53:54"
446;138.67152786254883;"2022-10-24 21:53:55"
447;138.67152786254883;"2022-10-24 21:53:57"
448;138.67152786254883;"2022-10-24 21:53:58"
449;138.67158889770508;"2022-10-24 21:53:59"
450;138.67171096801758;"2022-10-24 21:54:00"
451;138.67183303833008;"2022-10-24 21:54:01"
452;138.67183303833008;"2022-10-24 21:54:02"
453;138.67183303833008;"2022-10-24 21:54:03"
454;138.67183303833008;"2022-10-24 21:54:04"
455;138.67183303833008;"2022-10-24 21:54:05"
456;138.67183303833008;"2022-10-24 21:54:06"
457;138.67183303833008;"2022-10-24 21:54:07"
458;138.67183303833008;"2022-10-24 21:54:08"
459;138.67195510864258;"2022-10-24 21:54:10"
460;138.67195510864258;"2022-10-24 21:54:11"
461;138.67195510864258;"2022-10-24 21:54:12"
462;138.67195510864258;"2022-10-24 21:54:13"
463;138.67207717895508;"2022-10-24 21:54:14"
464;138.67207717895508;"2022-10-24 21:54:15"
465;138.67212295532227;"2022-10-24 21:54:16"
466;138.67212295532227;"2022-10-24 21:54:17"
467;138.67212295532227;"2022-10-24 21:54:18"
468;138.67212295532227;"2022-10-24 21:54:19"
469;138.67212295532227;"2022-10-24 21:54:20"
470;138.67212295532227;"2022-10-24 21:54:21"
471;138.67212295532227;"2022-10-24 21:54:23"
472;138.67212295532227;"2022-10-24 21:54:24"
473;138.67224502563477;"2022-10-24 21:54:25"
474;138.67224502563477;"2022-10-24 21:54:26"
475;138.67224502563477;"2022-10-24 21:54:27"
476;138.67224502563477;"2022-10-24 21:54:28"
477;138.67226791381836;"2022-10-24 21:54:29"
478;138.67226791381836;"2022-10-24 21:54:30"
479;138.67255020141602;"2022-10-24 21:54:31"
480;138.66778182983398;"2022-10-24 21:54:33"
481;138.66784286499023;"2022-10-24 21:54:34"
482;138.66784286499023;"2022-10-24 21:54:35"
483;138.66784286499023;"2022-10-24 21:54:36"
484;138.66784286499023;"2022-10-24 21:54:37"
485;138.66784286499023;"2022-10-24 21:54:38"
486;138.66784286499023;"2022-10-24 21:54:39"
487;138.66784286499023;"2022-10-24 21:54:40"
488;138.6678924560547;"2022-10-24 21:54:41"
489;138.6680145263672;"2022-10-24 21:54:42"
490;138.66825485229492;"2022-10-24 21:54:44"
491;138.66896438598633;"2022-10-24 21:54:45"
492;138.6688461303711;"2022-10-24 21:54:46"
493;138.6688461303711;"2022-10-24 21:54:47"
494;138.6688461303711;"2022-10-24 21:54:48"
495;138.6688461303711;"2022-10-24 21:54:49"
496;138.66918182373047;"2022-10-24 21:54:51"
497;138.66924285888672;"2022-10-24 21:54:52"
498;138.66871643066406;"2022-10-24 21:54:53"
499;138.66881561279297;"2022-10-24 21:54:54"
500;138.66881561279297;"2022-10-24 21:54:55"
501;138.66881561279297;"2022-10-24 21:54:56"
502;138.66881561279297;"2022-10-24 21:54:57"
503;138.66881561279297;"2022-10-24 21:54:58"
504;138.66881561279297;"2022-10-24 21:54:59"
505;138.66881561279297;"2022-10-24 21:55:01"
506;138.66875457763672;"2022-10-24 21:55:02"
507;138.66875839233398;"2022-10-24 21:55:03"
508;138.66497039794922;"2022-10-24 21:55:04"
509;138.66507720947266;"2022-10-24 21:55:05"
510;138.66507720947266;"2022-10-24 21:55:06"
511;138.66507720947266;"2022-10-24 21:55:07"
512;138.66507720947266;"2022-10-24 21:55:08"
513;138.66507720947266;"2022-10-24 21:55:10"
514;138.66507720947266;"2022-10-24 21:55:11"
515;138.66513061523438;"2022-10-24 21:55:12"
516;138.66519165039062;"2022-10-24 21:55:13"
517;138.66519165039062;"2022-10-24 21:55:14"
518;138.66519165039062;"2022-10-24 21:55:15"
519;138.66525268554688;"2022-10-24 21:55:16"
520;138.66531372070312;"2022-10-24 21:55:17"
521;138.66543579101562;"2022-10-24 21:55:18"
522;138.6650619506836;"2022-10-24 21:55:19"
523;138.6651840209961;"2022-10-24 21:55:20"
524;138.6651840209961;"2022-10-24 21:55:21"
525;138.6651840209961;"2022-10-24 21:55:23"
526;138.6651840209961;"2022-10-24 21:55:24"
527;138.6651840209961;"2022-10-24 21:55:25"
528;138.6651840209961;"2022-10-24 21:55:26"
529;138.6656723022461;"2022-10-24 21:55:27"
530;138.6656723022461;"2022-10-24 21:55:28"
531;138.6657943725586;"2022-10-24 21:55:29"
532;138.6657943725586;"2022-10-24 21:55:30"
533;138.6657943725586;"2022-10-24 21:55:31"
534;138.6657943725586;"2022-10-24 21:55:33"
535;138.6657943725586;"2022-10-24 21:55:34"
536;138.6657943725586;"2022-10-24 21:55:35"
537;138.6657943725586;"2022-10-24 21:55:36"
538;138.66592025756836;"2022-10-24 21:55:37"
539;138.66601181030273;"2022-10-24 21:55:38"
540;138.66601181030273;"2022-10-24 21:55:39"
541;138.66601181030273;"2022-10-24 21:55:40"
542;138.66601181030273;"2022-10-24 21:55:41"
543;138.66613388061523;"2022-10-24 21:55:42"
544;138.66613388061523;"2022-10-24 21:55:43"
545;138.66613388061523;"2022-10-24 21:55:44"
546;138.66613388061523;"2022-10-24 21:55:45"
547;138.6662712097168;"2022-10-24 21:55:47"
548;138.66621017456055;"2022-10-24 21:55:48"
549;138.66621017456055;"2022-10-24 21:55:49"
550;138.6663932800293;"2022-10-24 21:55:50"
551;138.6663932800293;"2022-10-24 21:55:51"
552;138.6663932800293;"2022-10-24 21:55:53"
553;138.6663932800293;"2022-10-24 21:55:54"
554;138.6665153503418;"2022-10-24 21:55:55"
555;138.6665153503418;"2022-10-24 21:55:56"
556;138.6665153503418;"2022-10-24 21:55:57"
557;138.6665153503418;"2022-10-24 21:55:58"
558;138.6666374206543;"2022-10-24 21:55:59"
559;138.66661071777344;"2022-10-24 21:56:01"
560;138.66401290893555;"2022-10-24 21:56:02"
561;138.6641845703125;"2022-10-24 21:56:03"
562;138.6642074584961;"2022-10-24 21:56:04"
563;138.66413497924805;"2022-10-24 21:56:05"
564;138.66444396972656;"2022-10-24 21:56:07"
565;138.66445541381836;"2022-10-24 21:56:08"
566;138.6645050048828;"2022-10-24 21:56:09"
567;138.66447067260742;"2022-10-24 21:56:10"
568;138.66448593139648;"2022-10-24 21:56:11"
569;138.66482162475586;"2022-10-24 21:56:12"
570;138.6648826599121;"2022-10-24 21:56:14"
571;138.66489791870117;"2022-10-24 21:56:15"
572;138.66489791870117;"2022-10-24 21:56:16"
573;138.6661605834961;"2022-10-24 21:56:17"
574;138.6648941040039;"2022-10-24 21:56:18"
575;138.6648941040039;"2022-10-24 21:56:19"
576;138.6648941040039;"2022-10-24 21:56:20"
577;138.66495513916016;"2022-10-24 21:56:21"
578;138.6648941040039;"2022-10-24 21:56:23"
579;138.6648941040039;"2022-10-24 21:56:24"
580;138.6648941040039;"2022-10-24 21:56:25"
581;138.6648941040039;"2022-10-24 21:56:26"
582;138.6648941040039;"2022-10-24 21:56:27"
583;138.6648941040039;"2022-10-24 21:56:28"
584;138.6648941040039;"2022-10-24 21:56:29"
585;138.6648941040039;"2022-10-24 21:56:30"
586;138.6648941040039;"2022-10-24 21:56:31"
587;138.6648941040039;"2022-10-24 21:56:32"
588;138.66507720947266;"2022-10-24 21:56:34"
589;138.66507720947266;"2022-10-24 21:56:35"
590;138.66508102416992;"2022-10-24 21:56:36"
591;138.66509628295898;"2022-10-24 21:56:37"
592;138.66514205932617;"2022-10-24 21:56:38"
593;138.66514205932617;"2022-10-24 21:56:39"
594;138.66514205932617;"2022-10-24 21:56:40"
595;138.66514205932617;"2022-10-24 21:56:41"
596;138.66514205932617;"2022-10-24 21:56:42"
597;138.66514205932617;"2022-10-24 21:56:43"
598;138.66514205932617;"2022-10-24 21:56:45"
599;138.66509628295898;"2022-10-24 21:56:46"
600;138.66510009765625;"2022-10-24 21:56:47"
601;138.66510009765625;"2022-10-24 21:56:48"
602;138.66510009765625;"2022-10-24 21:56:49"
603;138.66544723510742;"2022-10-24 21:56:50"
604;138.66544723510742;"2022-10-24 21:56:52"
605;138.66544723510742;"2022-10-24 21:56:53"
606;138.66547775268555;"2022-10-24 21:56:54"
607;138.66552352905273;"2022-10-24 21:56:55"
608;138.66552352905273;"2022-10-24 21:56:56"
609;138.66552352905273;"2022-10-24 21:56:57"
610;138.66564559936523;"2022-10-24 21:56:58"
611;138.66564559936523;"2022-10-24 21:56:59"
612;138.6655616760254;"2022-10-24 21:57:00"
613;138.6655616760254;"2022-10-24 21:57:01"
614;138.6655616760254;"2022-10-24 21:57:02"
615;138.6655616760254;"2022-10-24 21:57:03"
616;138.6655616760254;"2022-10-24 21:57:05"
617;138.66554641723633;"2022-10-24 21:57:06"
618;138.66554641723633;"2022-10-24 21:57:07"
619;138.66557693481445;"2022-10-24 21:57:08"
620;138.66557693481445;"2022-10-24 21:57:09"
621;138.66554641723633;"2022-10-24 21:57:10"
622;138.66554641723633;"2022-10-24 21:57:11"
623;138.66558837890625;"2022-10-24 21:57:12"
624;138.66558837890625;"2022-10-24 21:57:13"
625;138.66558837890625;"2022-10-24 21:57:15"
626;138.66566848754883;"2022-10-24 21:57:16"
627;138.66594314575195;"2022-10-24 21:57:17"
628;138.66594314575195;"2022-10-24 21:57:18"
629;138.66594314575195;"2022-10-24 21:57:19"
630;138.66630935668945;"2022-10-24 21:57:29"
631;138.66630935668945;"2022-10-24 21:57:30"
632;138.66635131835938;"2022-10-24 21:57:31"
633;138.66635513305664;"2022-10-24 21:57:32"
634;138.66635513305664;"2022-10-24 21:57:33"
635;138.66631317138672;"2022-10-24 21:57:34"
636;138.66649627685547;"2022-10-24 21:57:36"
637;138.6664924621582;"2022-10-24 21:57:37"
638;138.6664924621582;"2022-10-24 21:57:38"
639;138.6664924621582;"2022-10-24 21:57:39"
640;138.6664924621582;"2022-10-24 21:57:40"
641;138.6666145324707;"2022-10-24 21:57:41"
642;138.6666145324707;"2022-10-24 21:57:42"
643;138.6666145324707;"2022-10-24 21:57:43"
644;138.6666145324707;"2022-10-24 21:57:44"
645;138.6666145324707;"2022-10-24 21:57:46"
646;138.66665649414062;"2022-10-24 21:57:47"
647;138.66665649414062;"2022-10-24 21:57:48"
648;138.66665649414062;"2022-10-24 21:57:49"
649;138.66665649414062;"2022-10-24 21:57:50"
650;138.66665649414062;"2022-10-24 21:57:51"
651;138.66665649414062;"2022-10-24 21:57:52"
652;138.66665649414062;"2022-10-24 21:57:53"
653;138.66665649414062;"2022-10-24 21:57:54"
654;138.66665649414062;"2022-10-24 21:57:55"
655;138.66665649414062;"2022-10-24 21:57:56"
656;138.66665649414062;"2022-10-24 21:57:57"
657;138.66661071777344;"2022-10-24 21:57:58"
658;138.66661071777344;"2022-10-24 21:57:59"
659;138.66661071777344;"2022-10-24 21:58:00"
660;138.66661071777344;"2022-10-24 21:58:01"
661;138.66661071777344;"2022-10-24 21:58:03"
662;138.66661071777344;"2022-10-24 21:58:04"
663;138.66661071777344;"2022-10-24 21:58:05"
664;138.66665267944336;"2022-10-24 21:58:06"
665;138.66665267944336;"2022-10-24 21:58:07"
666;138.66665267944336;"2022-10-24 21:58:08"
667;138.66665267944336;"2022-10-24 21:58:09"
668;138.66665267944336;"2022-10-24 21:58:10"
669;138.66665267944336;"2022-10-24 21:58:11"
670;138.66665267944336;"2022-10-24 21:58:12"
671;138.66661071777344;"2022-10-24 21:58:13"
672;138.66661071777344;"2022-10-24 21:58:15"
673;138.66712951660156;"2022-10-24 21:58:16"
674;138.66709899902344;"2022-10-24 21:58:17"
675;138.66722106933594;"2022-10-24 21:58:18"
676;138.66722106933594;"2022-10-24 21:58:19"
677;138.66722106933594;"2022-10-24 21:58:20"
678;138.66722106933594;"2022-10-24 21:58:21"
679;138.66722106933594;"2022-10-24 21:58:22"
680;138.66722106933594;"2022-10-24 21:58:23"
681;138.66722106933594;"2022-10-24 21:58:24"
682;138.66722106933594;"2022-10-24 21:58:25"
683;138.66722106933594;"2022-10-24 21:58:27"
684;138.6672821044922;"2022-10-24 21:58:28"
685;138.6672821044922;"2022-10-24 21:58:29"
686;138.6672821044922;"2022-10-24 21:58:30"
687;138.6672821044922;"2022-10-24 21:58:31"
688;138.6672821044922;"2022-10-24 21:58:32"
689;138.6672821044922;"2022-10-24 21:58:33"
690;138.6672821044922;"2022-10-24 21:58:34"
691;138.66734313964844;"2022-10-24 21:58:35"
692;138.66746520996094;"2022-10-24 21:58:36"
693;138.66758728027344;"2022-10-24 21:58:37"
694;138.66758728027344;"2022-10-24 21:58:39"
695;138.66758728027344;"2022-10-24 21:58:40"
696;138.66758728027344;"2022-10-24 21:58:41"
697;138.66770935058594;"2022-10-24 21:58:42"
698;138.66795349121094;"2022-10-24 21:58:43"
699;138.66795349121094;"2022-10-24 21:58:44"
700;138.66795349121094;"2022-10-24 21:58:45"
701;138.66795349121094;"2022-10-24 21:58:46"
702;138.66795349121094;"2022-10-24 21:58:47"
703;138.66795349121094;"2022-10-24 21:58:48"
704;138.66795349121094;"2022-10-24 21:58:49"
705;138.66795349121094;"2022-10-24 21:58:51"
706;138.66795349121094;"2022-10-24 21:58:52"
707;138.66795349121094;"2022-10-24 21:58:53"
708;138.66795349121094;"2022-10-24 21:58:54"
709;138.66819763183594;"2022-10-24 21:58:55"
710;138.66819763183594;"2022-10-24 21:58:56"
711;138.6681365966797;"2022-10-24 21:58:57"
712;138.6681365966797;"2022-10-24 21:58:59"
713;138.6681365966797;"2022-10-24 21:59:00"
714;138.6681365966797;"2022-10-24 21:59:01"
715;138.6681365966797;"2022-10-24 21:59:02"
716;138.6681365966797;"2022-10-24 21:59:03"
717;138.6681365966797;"2022-10-24 21:59:04"
718;138.6681365966797;"2022-10-24 21:59:05"
719;138.6681365966797;"2022-10-24 21:59:06"
720;138.66814041137695;"2022-10-24 21:59:07"
721;138.66814041137695;"2022-10-24 21:59:08"
722;138.66814041137695;"2022-10-24 21:59:09"
723;138.66814041137695;"2022-10-24 21:59:11"
724;138.66816329956055;"2022-10-24 21:59:12"
725;138.66816329956055;"2022-10-24 21:59:13"
726;138.6681671142578;"2022-10-24 21:59:14"
727;138.6681671142578;"2022-10-24 21:59:15"
728;138.6681671142578;"2022-10-24 21:59:16"
729;138.6681671142578;"2022-10-24 21:59:17"
730;138.6681671142578;"2022-10-24 21:59:18"
731;138.6681671142578;"2022-10-24 21:59:19"
732;138.6681671142578;"2022-10-24 21:59:20"
733;138.6681671142578;"2022-10-24 21:59:22"
734;138.6681671142578;"2022-10-24 21:59:23"
735;138.6681671142578;"2022-10-24 21:59:24"
736;138.6681671142578;"2022-10-24 21:59:25"
737;138.6681671142578;"2022-10-24 21:59:26"
738;138.6681671142578;"2022-10-24 21:59:27"
739;138.6681671142578;"2022-10-24 21:59:28"
740;138.6681671142578;"2022-10-24 21:59:29"
741;138.6681671142578;"2022-10-24 21:59:30"
742;138.6681671142578;"2022-10-24 21:59:31"
743;138.6681671142578;"2022-10-24 21:59:32"
744;138.6681671142578;"2022-10-24 21:59:34"
745;138.6681671142578;"2022-10-24 21:59:35"
746;138.6681671142578;"2022-10-24 21:59:36"
747;138.6681671142578;"2022-10-24 21:59:37"
748;138.6681671142578;"2022-10-24 21:59:38"
749;138.6681671142578;"2022-10-24 21:59:39"
750;138.6681671142578;"2022-10-24 21:59:40"
751;138.66444396972656;"2022-10-24 21:59:41"
752;138.66444396972656;"2022-10-24 21:59:42"
753;138.6644744873047;"2022-10-24 21:59:43"
754;138.6644744873047;"2022-10-24 21:59:45"
755;138.66444396972656;"2022-10-24 21:59:46"
756;138.66444396972656;"2022-10-24 21:59:47"
757;138.66444396972656;"2022-10-24 21:59:48"
758;138.66448211669922;"2022-10-24 21:59:49"
759;138.66448211669922;"2022-10-24 21:59:50"
760;138.66448211669922;"2022-10-24 21:59:51"
761;138.66448211669922;"2022-10-24 21:59:52"
762;138.66448211669922;"2022-10-24 21:59:53"
763;138.66448211669922;"2022-10-24 21:59:55"
764;138.66444396972656;"2022-10-24 21:59:56"
765;138.66444396972656;"2022-10-24 21:59:57"
766;138.66444396972656;"2022-10-24 21:59:58"
767;138.66444396972656;"2022-10-24 21:59:59"
768;138.66456604003906;"2022-10-24 22:00:00"
769;138.66456604003906;"2022-10-24 22:00:01"
770;138.66456604003906;"2022-10-24 22:00:02"
771;138.6647491455078;"2022-10-24 22:00:03"
772;138.6647491455078;"2022-10-24 22:00:04"
773;138.6647491455078;"2022-10-24 22:00:06"
774;138.6648712158203;"2022-10-24 22:00:07"
775;138.6648712158203;"2022-10-24 22:00:08"
776;138.6648712158203;"2022-10-24 22:00:09"
777;138.6648712158203;"2022-10-24 22:00:10"
778;138.6648712158203;"2022-10-24 22:00:11"
779;138.6648712158203;"2022-10-24 22:00:12"
780;138.6648712158203;"2022-10-24 22:00:14"
781;138.66493225097656;"2022-10-24 22:00:15"
782;138.6649932861328;"2022-10-24 22:00:16"
783;138.6649932861328;"2022-10-24 22:00:17"
784;138.6649932861328;"2022-10-24 22:00:18"
785;138.6649932861328;"2022-10-24 22:00:19"
786;138.6649932861328;"2022-10-24 22:00:20"
787;138.6649932861328;"2022-10-24 22:00:21"
788;138.6649932861328;"2022-10-24 22:00:22"
789;138.6649932861328;"2022-10-24 22:00:23"
790;138.6649932861328;"2022-10-24 22:00:25"
791;138.6649932861328;"2022-10-24 22:00:26"
792;138.6649932861328;"2022-10-24 22:00:27"
793;138.6649932861328;"2022-10-24 22:00:28"
794;138.6649932861328;"2022-10-24 22:00:29"
795;138.6649932861328;"2022-10-24 22:00:30"
796;138.6649932861328;"2022-10-24 22:00:31"
797;138.6649932861328;"2022-10-24 22:00:32"
798;138.6649932861328;"2022-10-24 22:00:33"
799;138.6649932861328;"2022-10-24 22:00:34"
800;138.6649932861328;"2022-10-24 22:00:35"
801;138.6649932861328;"2022-10-24 22:00:36"
802;138.6649932861328;"2022-10-24 22:00:37"
803;138.6649932861328;"2022-10-24 22:00:38"
804;138.6651153564453;"2022-10-24 22:00:39"
805;138.6651153564453;"2022-10-24 22:00:41"
806;138.6652374267578;"2022-10-24 22:00:42"
807;138.6652374267578;"2022-10-24 22:00:43"
808;138.6652374267578;"2022-10-24 22:00:44"
809;138.6652374267578;"2022-10-24 22:00:45"
810;138.66517639160156;"2022-10-24 22:00:46"
811;138.66535568237305;"2022-10-24 22:00:47"
812;138.66535568237305;"2022-10-24 22:00:48"
813;138.66535568237305;"2022-10-24 22:00:49"
814;138.66535568237305;"2022-10-24 22:00:50"
815;138.66535568237305;"2022-10-24 22:00:51"
816;138.66535568237305;"2022-10-24 22:00:52"
817;138.6654167175293;"2022-10-24 22:00:54"
818;138.6654167175293;"2022-10-24 22:00:55"
819;138.6654167175293;"2022-10-24 22:00:56"
820;138.6657829284668;"2022-10-24 22:00:57"
821;138.6659049987793;"2022-10-24 22:00:58"
822;138.6659049987793;"2022-10-24 22:00:59"
823;138.6659049987793;"2022-10-24 22:01:00"
824;138.6659049987793;"2022-10-24 22:01:01"
825;138.6659049987793;"2022-10-24 22:01:02"
826;138.6659049987793;"2022-10-24 22:01:03"
827;138.66667938232422;"2022-10-24 22:01:05"
828;138.66667938232422;"2022-10-24 22:01:06"
829;138.66667938232422;"2022-10-24 22:01:07"
830;138.66675186157227;"2022-10-24 22:01:08"
831;138.66667938232422;"2022-10-24 22:01:09"
832;138.66667938232422;"2022-10-24 22:01:10"
833;138.66669464111328;"2022-10-24 22:01:11"
834;138.66665649414062;"2022-10-24 22:01:12"
835;138.66665649414062;"2022-10-24 22:01:13"
836;138.66665649414062;"2022-10-24 22:01:14"
837;138.66665649414062;"2022-10-24 22:01:16"
838;138.66665649414062;"2022-10-24 22:01:17"
839;138.66665649414062;"2022-10-24 22:01:18"
840;138.66690063476562;"2022-10-24 22:01:19"
841;138.66787719726562;"2022-10-24 22:01:20"
842;138.66893768310547;"2022-10-24 22:01:21"
843;138.6669044494629;"2022-10-24 22:01:22"
844;138.66715621948242;"2022-10-24 22:01:23"
845;138.66479873657227;"2022-10-24 22:01:25"
846;138.6634750366211;"2022-10-24 22:01:27"
847;138.66918182373047;"2022-10-24 22:01:28"
848;138.6707649230957;"2022-10-24 22:01:31"
849;138.67218017578125;"2022-10-24 22:01:32"
850;138.67188262939453;"2022-10-24 22:01:34"
851;138.6786880493164;"2022-10-24 22:01:36"
852;138.6873016357422;"2022-10-24 22:01:39"
853;138.69137573242188;"2022-10-24 22:01:41"
854;138.69432067871094;"2022-10-24 22:01:44"
855;138.67729568481445;"2022-10-24 22:01:46"
856;138.67980575561523;"2022-10-24 22:01:49"
857;138.6853370666504;"2022-10-24 22:01:51"
858;138.68964385986328;"2022-10-24 22:01:53"
859;138.69345092773438;"2022-10-24 22:01:55"
860;138.69609832763672;"2022-10-24 22:01:57"
861;138.7013397216797;"2022-10-24 22:01:58"
862;138.68765258789062;"2022-10-24 22:02:01"
863;138.6962547302246;"2022-10-24 22:02:03"
864;138.7036590576172;"2022-10-24 22:02:05"
865;138.6965217590332;"2022-10-24 22:02:07"
866;138.70417404174805;"2022-10-24 22:02:09"
867;138.71405410766602;"2022-10-24 22:02:11"
868;138.69385528564453;"2022-10-24 22:02:12"
869;138.6998634338379;"2022-10-24 22:02:14"
870;138.7087287902832;"2022-10-24 22:02:17"
871;138.7168846130371;"2022-10-24 22:02:18"
872;138.69483184814453;"2022-10-24 22:02:19"
873;138.70469665527344;"2022-10-24 22:02:22"
874;138.7109260559082;"2022-10-24 22:02:24"
875;138.67445373535156;"2022-10-24 22:02:27"
876;138.67138671875;"2022-10-24 22:02:29"
877;138.67130661010742;"2022-10-24 22:02:30"
878;138.67131423950195;"2022-10-24 22:02:32"
879;138.6713523864746;"2022-10-24 22:02:34"
880;138.6713523864746;"2022-10-24 22:02:35"
881;138.6713523864746;"2022-10-24 22:02:36"
882;138.6713523864746;"2022-10-24 22:02:37"
883;138.6713523864746;"2022-10-24 22:02:38"
884;138.6713523864746;"2022-10-24 22:02:39"
885;138.6715202331543;"2022-10-24 22:02:40"
886;138.6715202331543;"2022-10-24 22:02:41"
887;138.6715202331543;"2022-10-24 22:02:43"
888;138.6715202331543;"2022-10-24 22:02:44"
889;138.6715202331543;"2022-10-24 22:02:45"
890;138.6715202331543;"2022-10-24 22:02:46"
891;138.6715202331543;"2022-10-24 22:02:47"
892;138.6715202331543;"2022-10-24 22:02:48"
893;138.6715202331543;"2022-10-24 22:02:49"
894;138.67335891723633;"2022-10-24 22:02:50"
895;138.6768913269043;"2022-10-24 22:02:51"
896;138.67100524902344;"2022-10-24 22:02:52"
897;138.67100524902344;"2022-10-24 22:02:54"
898;138.6709442138672;"2022-10-24 22:02:55"
899;138.6709442138672;"2022-10-24 22:02:56"
900;138.6709442138672;"2022-10-24 22:02:57"
901;138.6709442138672;"2022-10-24 22:02:58"
902;138.6709442138672;"2022-10-24 22:02:59"
903;138.67088317871094;"2022-10-24 22:03:00"
904;138.6708221435547;"2022-10-24 22:03:01"
905;138.6708221435547;"2022-10-24 22:03:02"
906;138.6709442138672;"2022-10-24 22:03:03"
907;138.67094039916992;"2022-10-24 22:03:05"
908;138.67094039916992;"2022-10-24 22:03:06"
909;138.67094039916992;"2022-10-24 22:03:07"
910;138.67094039916992;"2022-10-24 22:03:08"
911;138.67082595825195;"2022-10-24 22:03:09"
912;138.67082595825195;"2022-10-24 22:03:10"
913;138.67082595825195;"2022-10-24 22:03:11"
914;138.67082595825195;"2022-10-24 22:03:12"
915;138.67082595825195;"2022-10-24 22:03:13"
916;138.67082595825195;"2022-10-24 22:03:14"
917;138.67082595825195;"2022-10-24 22:03:16"
918;138.67082595825195;"2022-10-24 22:03:17"
919;138.67082595825195;"2022-10-24 22:03:18"
920;138.67082595825195;"2022-10-24 22:03:19"
921;138.67082595825195;"2022-10-24 22:03:20"
922;138.67082595825195;"2022-10-24 22:03:21"
923;138.67082595825195;"2022-10-24 22:03:22"
924;138.67082977294922;"2022-10-24 22:03:23"
925;138.67082977294922;"2022-10-24 22:03:24"
926;138.67082977294922;"2022-10-24 22:03:25"
927;138.67082977294922;"2022-10-24 22:03:26"
928;138.67082977294922;"2022-10-24 22:03:27"
929;138.67082977294922;"2022-10-24 22:03:28"
930;138.67082977294922;"2022-10-24 22:03:29"
931;138.67082977294922;"2022-10-24 22:03:30"
932;138.67089080810547;"2022-10-24 22:03:32"
933;138.67089080810547;"2022-10-24 22:03:33"
934;138.67082977294922;"2022-10-24 22:03:34"
935;138.67082977294922;"2022-10-24 22:03:35"
936;138.67082977294922;"2022-10-24 22:03:36"
937;138.67089080810547;"2022-10-24 22:03:37"
938;138.67089080810547;"2022-10-24 22:03:38"
939;138.67089080810547;"2022-10-24 22:03:39"
940;138.67266082763672;"2022-10-24 22:03:40"
941;138.6707420349121;"2022-10-24 22:03:41"
942;138.6707420349121;"2022-10-24 22:03:43"
943;138.6707420349121;"2022-10-24 22:03:44"
944;138.6707420349121;"2022-10-24 22:03:45"
945;138.6707420349121;"2022-10-24 22:03:46"
946;138.6707420349121;"2022-10-24 22:03:47"
947;138.6708641052246;"2022-10-24 22:03:48"
948;138.6708641052246;"2022-10-24 22:03:49"
949;138.6708641052246;"2022-10-24 22:03:50"
950;138.6713523864746;"2022-10-24 22:03:51"
951;138.6713523864746;"2022-10-24 22:03:52"
952;138.6713523864746;"2022-10-24 22:03:53"
953;138.6713523864746;"2022-10-24 22:03:54"
954;138.6713523864746;"2022-10-24 22:03:56"
955;138.6713523864746;"2022-10-24 22:03:57"
956;138.6713523864746;"2022-10-24 22:03:58"
957;138.6713523864746;"2022-10-24 22:03:59"
958;138.6713523864746;"2022-10-24 22:04:00"
959;138.6713523864746;"2022-10-24 22:04:01"
960;138.68199920654297;"2022-10-24 22:04:02"
961;138.69210052490234;"2022-10-24 22:04:04"
962;138.67137145996094;"2022-10-24 22:04:05"
963;138.6713104248047;"2022-10-24 22:04:07"
964;138.67137145996094;"2022-10-24 22:04:08"
965;138.67766571044922;"2022-10-24 22:04:09"
966;138.68603515625;"2022-10-24 22:04:10"
967;138.67142868041992;"2022-10-24 22:04:11"
968;138.67142868041992;"2022-10-24 22:04:12"
969;138.67148971557617;"2022-10-24 22:04:13"
970;138.67148971557617;"2022-10-24 22:04:14"
971;138.67148971557617;"2022-10-24 22:04:15"
972;138.67148971557617;"2022-10-24 22:04:17"
973;138.67148971557617;"2022-10-24 22:04:18"
974;138.67148971557617;"2022-10-24 22:04:19"
975;138.67161178588867;"2022-10-24 22:04:20"
976;138.67179489135742;"2022-10-24 22:04:21"
977;138.67179489135742;"2022-10-24 22:04:22"
978;138.67179489135742;"2022-10-24 22:04:23"
979;138.67179489135742;"2022-10-24 22:04:24"
980;138.67179489135742;"2022-10-24 22:04:26"
981;138.67191696166992;"2022-10-24 22:04:27"
982;138.67191696166992;"2022-10-24 22:04:28"
983;138.67191696166992;"2022-10-24 22:04:29"
984;138.67191696166992;"2022-10-24 22:04:30"
985;138.67191696166992;"2022-10-24 22:04:31"
986;138.67191696166992;"2022-10-24 22:04:32"
987;138.67191696166992;"2022-10-24 22:04:33"
988;138.67191696166992;"2022-10-24 22:04:34"
989;138.67191696166992;"2022-10-24 22:04:35"
990;138.67203903198242;"2022-10-24 22:04:37"
991;138.67197799682617;"2022-10-24 22:04:38"
992;138.67203903198242;"2022-10-24 22:04:39"
993;138.67203903198242;"2022-10-24 22:04:40"
994;138.67210006713867;"2022-10-24 22:04:41"
995;138.67210006713867;"2022-10-24 22:04:42"
996;138.67210006713867;"2022-10-24 22:04:43"
997;138.67216110229492;"2022-10-24 22:04:44"
998;138.67216110229492;"2022-10-24 22:04:45"
999;138.67222213745117;"2022-10-24 22:04:46"
1000;138.67222213745117;"2022-10-24 22:04:47"
1001;138.67234420776367;"2022-10-24 22:04:48"
1002;138.67234420776367;"2022-10-24 22:04:50"
1003;138.67246627807617;"2022-10-24 22:04:51"
1004;138.67252731323242;"2022-10-24 22:04:52"
1005;138.67252731323242;"2022-10-24 22:04:53"
1006;138.67255783081055;"2022-10-24 22:04:54"
1007;138.67255783081055;"2022-10-24 22:04:55"
1008;138.67255783081055;"2022-10-24 22:04:56"
1009;138.6726188659668;"2022-10-24 22:04:57"
1010;138.6726188659668;"2022-10-24 22:04:59"
1011;138.6726188659668;"2022-10-24 22:05:00"
1012;138.67255783081055;"2022-10-24 22:05:01"
1013;138.6725616455078;"2022-10-24 22:05:02"
1014;138.6726531982422;"2022-10-24 22:05:03"
1015;138.67283630371094;"2022-10-24 22:05:04"
1016;138.67283630371094;"2022-10-24 22:05:05"
1017;138.67283630371094;"2022-10-24 22:05:06"
1018;138.67283630371094;"2022-10-24 22:05:07"
1019;138.67283630371094;"2022-10-24 22:05:09"
1020;138.67283630371094;"2022-10-24 22:05:10"
1021;138.67283630371094;"2022-10-24 22:05:11"
1022;138.67292022705078;"2022-10-24 22:05:12"
1023;138.67292022705078;"2022-10-24 22:05:13"
1024;138.67279815673828;"2022-10-24 22:05:14"
1025;138.67280197143555;"2022-10-24 22:05:15"
1026;138.67280960083008;"2022-10-24 22:05:16"
1027;138.67280960083008;"2022-10-24 22:05:17"
1028;138.67280960083008;"2022-10-24 22:05:18"
1029;138.67280960083008;"2022-10-24 22:05:19"
1030;138.6749382019043;"2022-10-24 22:05:21"
1031;138.68136596679688;"2022-10-24 22:05:22"
1032;138.69174194335938;"2022-10-24 22:05:23"
1033;138.67292404174805;"2022-10-24 22:05:24"
1034;138.67292404174805;"2022-10-24 22:05:25"
1035;138.67304611206055;"2022-10-24 22:05:27"
1036;138.67304611206055;"2022-10-24 22:05:28"
1037;138.67305374145508;"2022-10-24 22:05:29"
1038;138.6730842590332;"2022-10-24 22:05:30"
1039;138.6730842590332;"2022-10-24 22:05:31"
1040;138.67316818237305;"2022-10-24 22:05:32"
1041;138.67929077148438;"2022-10-24 22:05:33"
1042;138.6837158203125;"2022-10-24 22:05:34"
1043;138.69351959228516;"2022-10-24 22:05:36"
1044;138.67353057861328;"2022-10-24 22:05:38"
1045;138.6735954284668;"2022-10-24 22:05:39"
1046;138.67365646362305;"2022-10-24 22:05:40"
1047;138.68021392822266;"2022-10-24 22:05:41"
1048;138.68650817871094;"2022-10-24 22:05:42"
1049;138.69369888305664;"2022-10-24 22:05:43"
1050;138.67415237426758;"2022-10-24 22:05:44"
1051;138.67415237426758;"2022-10-24 22:05:45"
1052;138.67415237426758;"2022-10-24 22:05:46"
1053;138.68203735351562;"2022-10-24 22:05:48"
1054;138.68889236450195;"2022-10-24 22:05:49"
1055;138.67420959472656;"2022-10-24 22:05:50"
1056;138.67421340942383;"2022-10-24 22:05:51"
1057;138.6745147705078;"2022-10-24 22:05:53"
1058;138.6745147705078;"2022-10-24 22:05:54"
1059;138.6745147705078;"2022-10-24 22:05:55"
1060;138.67463302612305;"2022-10-24 22:05:56"
1061;138.67463302612305;"2022-10-24 22:05:57"
1062;138.67463302612305;"2022-10-24 22:05:58"
1063;138.67463302612305;"2022-10-24 22:05:59"
1064;138.67463302612305;"2022-10-24 22:06:00"
1065;138.6748161315918;"2022-10-24 22:06:01"
1066;138.6748161315918;"2022-10-24 22:06:03"
1067;138.67476654052734;"2022-10-24 22:06:04"
1068;138.67472076416016;"2022-10-24 22:06:05"
1069;138.6748161315918;"2022-10-24 22:06:06"
1070;138.6748161315918;"2022-10-24 22:06:07"
1071;138.6748161315918;"2022-10-24 22:06:08"
1072;138.67475509643555;"2022-10-24 22:06:09"
1073;138.6748161315918;"2022-10-24 22:06:10"
1074;138.6748161315918;"2022-10-24 22:06:11"
1075;138.6748161315918;"2022-10-24 22:06:12"
1076;138.6748161315918;"2022-10-24 22:06:13"
1077;138.6749382019043;"2022-10-24 22:06:15"
1078;138.6749382019043;"2022-10-24 22:06:16"
1079;138.6749382019043;"2022-10-24 22:06:17"
1080;138.6749382019043;"2022-10-24 22:06:18"
1081;138.6749382019043;"2022-10-24 22:06:19"
1082;138.6749382019043;"2022-10-24 22:06:20"
1083;138.6749382019043;"2022-10-24 22:06:21"
1084;138.6749382019043;"2022-10-24 22:06:22"
1085;138.6749382019043;"2022-10-24 22:06:23"
1086;138.6749382019043;"2022-10-24 22:06:25"
1087;138.67494201660156;"2022-10-24 22:06:26"
1088;138.67494201660156;"2022-10-24 22:06:27"
1089;138.67494201660156;"2022-10-24 22:06:28"
1090;138.67494201660156;"2022-10-24 22:06:30"
1091;138.67494201660156;"2022-10-24 22:06:31"
1092;138.67494201660156;"2022-10-24 22:06:32"
1093;138.67506408691406;"2022-10-24 22:06:33"
1094;138.67506408691406;"2022-10-24 22:06:34"
1095;138.67506408691406;"2022-10-24 22:06:36"
1096;138.67506408691406;"2022-10-24 22:06:37"
1097;138.67506408691406;"2022-10-24 22:06:38"
1098;138.67518615722656;"2022-10-24 22:06:39"
1099;138.67518615722656;"2022-10-24 22:06:40"
1100;138.67518997192383;"2022-10-24 22:06:41"
1101;138.67518997192383;"2022-10-24 22:06:42"
1102;138.67537307739258;"2022-10-24 22:06:43"
1103;138.67537307739258;"2022-10-24 22:06:45"
1104;138.67537307739258;"2022-10-24 22:06:46"
1105;138.67537307739258;"2022-10-24 22:06:47"
1106;138.6735496520996;"2022-10-24 22:06:48"
1107;138.67356872558594;"2022-10-24 22:06:49"
1108;138.6770362854004;"2022-10-24 22:06:50"
1109;138.6792984008789;"2022-10-24 22:06:51"
1110;138.6750144958496;"2022-10-24 22:06:53"
1111;138.6727638244629;"2022-10-24 22:06:54"
1112;138.6727638244629;"2022-10-24 22:06:55"
1113;138.6728858947754;"2022-10-24 22:06:56"
1114;138.6728858947754;"2022-10-24 22:06:57"
1115;138.6728858947754;"2022-10-24 22:06:58"
1116;138.6728858947754;"2022-10-24 22:07:00"
1117;138.6728858947754;"2022-10-24 22:07:01"
1118;138.67290115356445;"2022-10-24 22:07:02"
1119;138.67920303344727;"2022-10-24 22:07:03"
1120;138.6881446838379;"2022-10-24 22:07:04"
1121;138.69357299804688;"2022-10-24 22:07:06"
1122;138.68485641479492;"2022-10-24 22:07:07"
1123;138.6731185913086;"2022-10-24 22:07:09"
1124;138.6731185913086;"2022-10-24 22:07:10"
1125;138.67317962646484;"2022-10-24 22:07:11"
1126;138.6732177734375;"2022-10-24 22:07:12"
1127;138.6732177734375;"2022-10-24 22:07:13"
1128;138.6732177734375;"2022-10-24 22:07:14"
1129;138.67325592041016;"2022-10-24 22:07:15"
1130;138.67333984375;"2022-10-24 22:07:16"
1131;138.67340087890625;"2022-10-24 22:07:17"
1132;138.67340087890625;"2022-10-24 22:07:18"
1133;138.67340087890625;"2022-10-24 22:07:19"
1134;138.67352294921875;"2022-10-24 22:07:20"
1135;138.67353439331055;"2022-10-24 22:07:22"
1136;138.67376708984375;"2022-10-24 22:07:23"
1137;138.67388916015625;"2022-10-24 22:07:24"
1138;138.67401885986328;"2022-10-24 22:07:25"
1139;138.67401885986328;"2022-10-24 22:07:26"
1140;138.67401885986328;"2022-10-24 22:07:27"
1141;138.67401885986328;"2022-10-24 22:07:28"
1142;138.67401885986328;"2022-10-24 22:07:29"
1143;138.67398071289062;"2022-10-24 22:07:30"
1144;138.67422485351562;"2022-10-24 22:07:32"
1145;138.67422485351562;"2022-10-24 22:07:33"
1146;138.67920303344727;"2022-10-24 22:07:34"
1147;138.68642044067383;"2022-10-24 22:07:35"
1148;138.69196319580078;"2022-10-24 22:07:36"
1149;138.6746826171875;"2022-10-24 22:07:37"
1150;138.6746826171875;"2022-10-24 22:07:38"
1151;138.6746826171875;"2022-10-24 22:07:39"
1152;138.67462158203125;"2022-10-24 22:07:40"
1153;138.67462158203125;"2022-10-24 22:07:41"
1154;138.6746826171875;"2022-10-24 22:07:43"
1155;138.67473220825195;"2022-10-24 22:07:44"
1156;138.67473220825195;"2022-10-24 22:07:45"
1157;138.67474365234375;"2022-10-24 22:07:46"
1158;138.67474365234375;"2022-10-24 22:07:47"
1159;138.67474365234375;"2022-10-24 22:07:48"
1160;138.67766189575195;"2022-10-24 22:07:49"
1161;138.6831398010254;"2022-10-24 22:07:50"
1162;138.68703842163086;"2022-10-24 22:07:51"
1163;138.6924819946289;"2022-10-24 22:07:52"
1164;138.6926040649414;"2022-10-24 22:07:54"
1165;138.6926040649414;"2022-10-24 22:07:55"
1166;138.6926040649414;"2022-10-24 22:07:56"
1167;138.6926040649414;"2022-10-24 22:07:57"
1168;138.6926040649414;"2022-10-24 22:07:58"
1169;138.6926040649414;"2022-10-24 22:07:59"
1170;138.6926040649414;"2022-10-24 22:08:00"
1171;138.69260787963867;"2022-10-24 22:08:01"
1172;138.6926040649414;"2022-10-24 22:08:02"
1173;138.6926040649414;"2022-10-24 22:08:03"
1174;138.6926040649414;"2022-10-24 22:08:05"
1175;138.6926040649414;"2022-10-24 22:08:06"
1176;138.6926040649414;"2022-10-24 22:08:07"
1177;138.6926040649414;"2022-10-24 22:08:08"
1178;138.6926040649414;"2022-10-24 22:08:09"
1179;138.69278717041016;"2022-10-24 22:08:10"
1180;138.69278717041016;"2022-10-24 22:08:11"
1181;138.6927261352539;"2022-10-24 22:08:12"
1182;138.6927261352539;"2022-10-24 22:08:13"
1183;138.69296264648438;"2022-10-24 22:08:14"
1184;138.69302368164062;"2022-10-24 22:08:16"
1185;138.69296264648438;"2022-10-24 22:08:17"
1186;138.69296264648438;"2022-10-24 22:08:18"
1187;138.69539642333984;"2022-10-24 22:08:19"
1188;138.69825744628906;"2022-10-24 22:08:20"
1189;138.69825744628906;"2022-10-24 22:08:21"
1190;138.69825744628906;"2022-10-24 22:08:22"
1191;138.69834899902344;"2022-10-24 22:08:23"
1192;138.6984100341797;"2022-10-24 22:08:25"
1193;138.69847869873047;"2022-10-24 22:08:26"
1194;138.69883728027344;"2022-10-24 22:08:27"
1195;138.69883728027344;"2022-10-24 22:08:28"
1196;138.69883728027344;"2022-10-24 22:08:29"
1197;138.6988983154297;"2022-10-24 22:08:30"
1198;138.6988983154297;"2022-10-24 22:08:31"
1199;138.6988983154297;"2022-10-24 22:08:32"
1200;138.6988983154297;"2022-10-24 22:08:33"
1201;138.69923782348633;"2022-10-24 22:08:34"
1202;138.69923782348633;"2022-10-24 22:08:35"
1203;138.69923782348633;"2022-10-24 22:08:36"
1204;138.69923782348633;"2022-10-24 22:08:38"
1205;138.69923782348633;"2022-10-24 22:08:39"
1206;138.69929885864258;"2022-10-24 22:08:40"
1207;138.69929885864258;"2022-10-24 22:08:41"
1208;138.69935989379883;"2022-10-24 22:08:42"
1209;138.69935989379883;"2022-10-24 22:08:43"
1210;138.69942092895508;"2022-10-24 22:08:44"
1211;138.69942092895508;"2022-10-24 22:08:45"
1212;138.69948196411133;"2022-10-24 22:08:46"
1213;138.69954299926758;"2022-10-24 22:08:47"
1214;138.69960403442383;"2022-10-24 22:08:48"
1215;138.69972610473633;"2022-10-24 22:08:49"
1216;138.69978713989258;"2022-10-24 22:08:50"
1217;138.69990921020508;"2022-10-24 22:08:52"
1218;138.69990921020508;"2022-10-24 22:08:53"
1219;138.70008087158203;"2022-10-24 22:08:54"
1220;138.70024871826172;"2022-10-24 22:08:55"
1221;138.70043182373047;"2022-10-24 22:08:56"
1222;138.6966323852539;"2022-10-24 22:08:57"
1223;138.69680404663086;"2022-10-24 22:08:59"
1224;138.69699096679688;"2022-10-24 22:09:00"
1225;138.69699478149414;"2022-10-24 22:09:01"
1226;138.69699478149414;"2022-10-24 22:09:02"
1227;138.69699478149414;"2022-10-24 22:09:03"
1228;138.69687271118164;"2022-10-24 22:09:04"
1229;138.69687271118164;"2022-10-24 22:09:05"
1230;138.6968765258789;"2022-10-24 22:09:06"
1231;138.6968765258789;"2022-10-24 22:09:07"
1232;138.69695281982422;"2022-10-24 22:09:08"
1233;138.6968765258789;"2022-10-24 22:09:09"
1234;138.69689178466797;"2022-10-24 22:09:10"
1235;138.69701385498047;"2022-10-24 22:09:12"
1236;138.69712448120117;"2022-10-24 22:09:13"
1237;138.70036697387695;"2022-10-24 22:09:14"
1238;138.7087631225586;"2022-10-24 22:09:15"
1239;138.71518325805664;"2022-10-24 22:09:17"
1240;138.69736099243164;"2022-10-24 22:09:18"
1241;138.69736099243164;"2022-10-24 22:09:19"
1242;138.69736099243164;"2022-10-24 22:09:20"
1243;138.69739532470703;"2022-10-24 22:09:21"
1244;138.7027587890625;"2022-10-24 22:09:22"
1245;138.71001434326172;"2022-10-24 22:09:24"
1246;138.71098709106445;"2022-10-24 22:09:25"
1247;138.6958236694336;"2022-10-24 22:09:26"
1248;138.6958236694336;"2022-10-24 22:09:27"
1249;138.6958236694336;"2022-10-24 22:09:28"
1250;138.6958236694336;"2022-10-24 22:09:29"
1251;138.6958236694336;"2022-10-24 22:09:30"
1252;138.6958236694336;"2022-10-24 22:09:31"
1253;138.6997833251953;"2022-10-24 22:09:32"
1254;138.69501113891602;"2022-10-24 22:09:34"
1255;138.69519424438477;"2022-10-24 22:09:35"
1256;138.69531631469727;"2022-10-24 22:09:36"
1257;138.69544982910156;"2022-10-24 22:09:37"
1258;138.69544982910156;"2022-10-24 22:09:38"
1259;138.69544982910156;"2022-10-24 22:09:39"
1260;138.69544982910156;"2022-10-24 22:09:40"
1261;138.69544982910156;"2022-10-24 22:09:42"
1262;138.69544982910156;"2022-10-24 22:09:43"
1263;138.6954574584961;"2022-10-24 22:09:44"
1264;138.69551467895508;"2022-10-24 22:09:45"
1265;138.6957015991211;"2022-10-24 22:09:46"
1266;138.69564056396484;"2022-10-24 22:09:47"
1267;138.69564819335938;"2022-10-24 22:09:48"
1268;138.6958236694336;"2022-10-24 22:09:49"
1269;138.6958236694336;"2022-10-24 22:09:51"
1270;138.69348907470703;"2022-10-24 22:09:52"
1271;138.69348907470703;"2022-10-24 22:09:53"
1272;138.69348907470703;"2022-10-24 22:09:54"
1273;138.6977653503418;"2022-10-24 22:09:55"
1274;138.70261764526367;"2022-10-24 22:09:57"
1275;138.70836639404297;"2022-10-24 22:09:58"
1276;138.71192932128906;"2022-10-24 22:09:59"
1277;138.6934471130371;"2022-10-24 22:10:01"
1278;138.6934471130371;"2022-10-24 22:10:02"
1279;138.6934471130371;"2022-10-24 22:10:03"
1280;138.6934471130371;"2022-10-24 22:10:04"
1281;138.69345092773438;"2022-10-24 22:10:05"
1282;138.69800186157227;"2022-10-24 22:10:06"
1283;138.69356155395508;"2022-10-24 22:10:07"
1284;138.69356155395508;"2022-10-24 22:10:09"
1285;138.69356155395508;"2022-10-24 22:10:10"
1286;138.69356155395508;"2022-10-24 22:10:11"
1287;138.69356155395508;"2022-10-24 22:10:12"
1288;138.69356155395508;"2022-10-24 22:10:13"
1289;138.69356155395508;"2022-10-24 22:10:14"
1290;138.69356155395508;"2022-10-24 22:10:15"
1291;138.69361877441406;"2022-10-24 22:10:16"
1292;138.6940689086914;"2022-10-24 22:10:17"
1293;138.6940689086914;"2022-10-24 22:10:18"
1294;138.69407272338867;"2022-10-24 22:10:20"
1295;138.69407272338867;"2022-10-24 22:10:21"
1296;138.69407653808594;"2022-10-24 22:10:22"
1297;138.69407653808594;"2022-10-24 22:10:23"
1298;138.69407653808594;"2022-10-24 22:10:24"
1299;138.69419479370117;"2022-10-24 22:10:25"
1300;138.69413375854492;"2022-10-24 22:10:26"
1301;138.69413375854492;"2022-10-24 22:10:27"
1302;138.6941375732422;"2022-10-24 22:10:28"
1303;138.6940460205078;"2022-10-24 22:10:29"
1304;138.6940460205078;"2022-10-24 22:10:31"
1305;138.6940460205078;"2022-10-24 22:10:32"
1306;138.6940460205078;"2022-10-24 22:10:33"
1307;138.7004623413086;"2022-10-24 22:10:34"
1308;138.70858001708984;"2022-10-24 22:10:35"
1309;138.71541213989258;"2022-10-24 22:10:36"
1310;138.69438934326172;"2022-10-24 22:10:37"
1311;138.69438934326172;"2022-10-24 22:10:38"
1312;138.69438934326172;"2022-10-24 22:10:39"
1313;138.69451141357422;"2022-10-24 22:10:41"
1314;138.6945571899414;"2022-10-24 22:10:42"
1315;138.6945571899414;"2022-10-24 22:10:43"
1316;138.6945571899414;"2022-10-24 22:10:44"
1317;138.69456100463867;"2022-10-24 22:10:45"
1318;138.69456100463867;"2022-10-24 22:10:46"
1319;138.69449996948242;"2022-10-24 22:10:47"
1320;138.6942138671875;"2022-10-24 22:10:48"
1321;138.6942138671875;"2022-10-24 22:10:49"
1322;138.69427490234375;"2022-10-24 22:10:50"
1323;138.69438552856445;"2022-10-24 22:10:51"
1324;138.69452285766602;"2022-10-24 22:10:52"
1325;138.69452285766602;"2022-10-24 22:10:53"
1326;138.69458389282227;"2022-10-24 22:10:55"
1327;138.6946144104004;"2022-10-24 22:10:56"
1328;138.6946144104004;"2022-10-24 22:10:57"
1329;138.6947021484375;"2022-10-24 22:10:58"
1330;138.6947021484375;"2022-10-24 22:10:59"
1331;138.6947021484375;"2022-10-24 22:11:00"
1332;138.6947021484375;"2022-10-24 22:11:01"
1333;138.6947021484375;"2022-10-24 22:11:02"
1334;138.6947021484375;"2022-10-24 22:11:03"
1335;138.69476318359375;"2022-10-24 22:11:04"
1336;138.69476318359375;"2022-10-24 22:11:05"
1337;138.69417190551758;"2022-10-24 22:11:06"
1338;138.69417190551758;"2022-10-24 22:11:07"
1339;138.69429397583008;"2022-10-24 22:11:09"
1340;138.69429397583008;"2022-10-24 22:11:10"
1341;138.6943473815918;"2022-10-24 22:11:11"
1342;138.6943473815918;"2022-10-24 22:11:12"
1343;138.6943473815918;"2022-10-24 22:11:13"
1344;138.6943473815918;"2022-10-24 22:11:14"
1345;138.69440841674805;"2022-10-24 22:11:15"
1346;138.6959571838379;"2022-10-24 22:11:16"
1347;138.6952247619629;"2022-10-24 22:11:18"
1348;138.6952247619629;"2022-10-24 22:11:19"
1349;138.6952247619629;"2022-10-24 22:11:20"
1350;138.69522857666016;"2022-10-24 22:11:21"
1351;138.69522857666016;"2022-10-24 22:11:22"
1352;138.6954116821289;"2022-10-24 22:11:23"
1353;138.6954116821289;"2022-10-24 22:11:24"
1354;138.6954116821289;"2022-10-24 22:11:25"
1355;138.6954116821289;"2022-10-24 22:11:26"
1356;138.6954116821289;"2022-10-24 22:11:27"
1357;138.6954116821289;"2022-10-24 22:11:29"
1358;138.69547271728516;"2022-10-24 22:11:30"
1359;138.69547271728516;"2022-10-24 22:11:31"
1360;138.6974868774414;"2022-10-24 22:11:32"
1361;138.70433044433594;"2022-10-24 22:11:33"
1362;138.7104949951172;"2022-10-24 22:11:34"
1363;138.6954689025879;"2022-10-24 22:11:36"
1364;138.6954689025879;"2022-10-24 22:11:37"
1365;138.6954689025879;"2022-10-24 22:11:38"
1366;138.6957130432129;"2022-10-24 22:11:39"
1367;138.6957130432129;"2022-10-24 22:11:40"
1368;138.6957130432129;"2022-10-24 22:11:41"
1369;138.6957130432129;"2022-10-24 22:11:42"
1370;138.69592666625977;"2022-10-24 22:11:43"
1371;138.69593048095703;"2022-10-24 22:11:44"
1372;138.69593048095703;"2022-10-24 22:11:45"
1373;138.69593048095703;"2022-10-24 22:11:46"
1374;138.69593048095703;"2022-10-24 22:11:48"
1375;138.69593048095703;"2022-10-24 22:11:49"
1376;138.6959342956543;"2022-10-24 22:11:50"
1377;138.69626235961914;"2022-10-24 22:11:51"
1378;138.69626235961914;"2022-10-24 22:11:52"
1379;138.69626235961914;"2022-10-24 22:11:53"
1380;138.69662857055664;"2022-10-24 22:11:54"
1381;138.69662857055664;"2022-10-24 22:11:55"
1382;138.69662857055664;"2022-10-24 22:11:56"
1383;138.69662857055664;"2022-10-24 22:11:57"
1384;138.69662857055664;"2022-10-24 22:11:58"
1385;138.69662857055664;"2022-10-24 22:11:59"
1386;138.69662857055664;"2022-10-24 22:12:00"
1387;138.69662857055664;"2022-10-24 22:12:01"
1388;138.69662857055664;"2022-10-24 22:12:02"
1389;138.69662857055664;"2022-10-24 22:12:04"
1390;138.69662857055664;"2022-10-24 22:12:05"
1391;138.69662857055664;"2022-10-24 22:12:06"
1392;138.69662857055664;"2022-10-24 22:12:07"
1393;138.69662857055664;"2022-10-24 22:12:08"
1394;138.69662857055664;"2022-10-24 22:12:09"
1395;138.69662857055664;"2022-10-24 22:12:10"
1396;138.69662857055664;"2022-10-24 22:12:11"
1397;138.69662857055664;"2022-10-24 22:12:12"
1398;138.69662857055664;"2022-10-24 22:12:13"
1399;138.69662857055664;"2022-10-24 22:12:14"
1400;138.69662857055664;"2022-10-24 22:12:15"
1401;138.69662857055664;"2022-10-24 22:12:16"
1402;138.69662857055664;"2022-10-24 22:12:18"
1403;138.69662857055664;"2022-10-24 22:12:19"
1404;138.69662857055664;"2022-10-24 22:12:20"
1405;138.6965675354004;"2022-10-24 22:12:21"
1406;138.6965675354004;"2022-10-24 22:12:22"
1407;138.69662857055664;"2022-10-24 22:12:23"
1408;138.69675064086914;"2022-10-24 22:12:24"
1409;138.69675064086914;"2022-10-24 22:12:25"
1410;138.69696807861328;"2022-10-24 22:12:26"
1411;138.69696807861328;"2022-10-24 22:12:27"
1412;138.69709014892578;"2022-10-24 22:12:28"
1413;138.69712829589844;"2022-10-24 22:12:30"
1414;138.69712829589844;"2022-10-24 22:12:31"
1415;138.69712829589844;"2022-10-24 22:12:32"
1416;138.69712829589844;"2022-10-24 22:12:33"
1417;138.69712829589844;"2022-10-24 22:12:34"
1418;138.69725036621094;"2022-10-24 22:12:35"
1419;138.6973114013672;"2022-10-24 22:12:36"
1420;138.69734954833984;"2022-10-24 22:12:37"
1421;138.6973876953125;"2022-10-24 22:12:38"
1422;138.6973876953125;"2022-10-24 22:12:39"
1423;138.6973876953125;"2022-10-24 22:12:40"
1424;138.6973876953125;"2022-10-24 22:12:41"
1425;138.6973876953125;"2022-10-24 22:12:42"
1426;138.6973876953125;"2022-10-24 22:12:43"
1427;138.6973876953125;"2022-10-24 22:12:44"
1428;138.6973876953125;"2022-10-24 22:12:46"
1429;138.70009994506836;"2022-10-24 22:12:47"
1430;138.70632934570312;"2022-10-24 22:12:48"
1431;138.71250915527344;"2022-10-24 22:12:49"
1432;138.71848678588867;"2022-10-24 22:12:50"
1433;138.69738388061523;"2022-10-24 22:12:51"
1434;138.69738388061523;"2022-10-24 22:12:52"
1435;138.70033264160156;"2022-10-24 22:12:53"
1436;138.70805740356445;"2022-10-24 22:12:55"
1437;138.7161865234375;"2022-10-24 22:12:56"
1438;138.69756317138672;"2022-10-24 22:12:57"
1439;138.69756317138672;"2022-10-24 22:12:58"
1440;138.69756317138672;"2022-10-24 22:13:00"
1441;138.69756317138672;"2022-10-24 22:13:01"
1442;138.69756317138672;"2022-10-24 22:13:02"
1443;138.69972229003906;"2022-10-24 22:13:03"
1444;138.70703506469727;"2022-10-24 22:13:04"
1445;138.71645736694336;"2022-10-24 22:13:06"
1446;138.69774627685547;"2022-10-24 22:13:07"
1447;138.69774627685547;"2022-10-24 22:13:08"
1448;138.69774627685547;"2022-10-24 22:13:09"
1449;138.69775390625;"2022-10-24 22:13:10"
1450;138.69775390625;"2022-10-24 22:13:11"
1451;138.69788360595703;"2022-10-24 22:13:12"
1452;138.6979217529297;"2022-10-24 22:13:14"
1453;138.69792556762695;"2022-10-24 22:13:15"
1454;138.69792556762695;"2022-10-24 22:13:16"
1455;138.69793701171875;"2022-10-24 22:13:17"
1456;138.69795989990234;"2022-10-24 22:13:18"
1457;138.69795989990234;"2022-10-24 22:13:19"
1458;138.69795989990234;"2022-10-24 22:13:20"
1459;138.69795989990234;"2022-10-24 22:13:21"
1460;138.69810485839844;"2022-10-24 22:13:23"
1461;138.69810485839844;"2022-10-24 22:13:24"
1462;138.69810485839844;"2022-10-24 22:13:25"
1463;138.69811630249023;"2022-10-24 22:13:26"
1464;138.6964111328125;"2022-10-24 22:13:27"
1465;138.69641494750977;"2022-10-24 22:13:28"
1466;138.69651412963867;"2022-10-24 22:13:29"
1467;138.69651412963867;"2022-10-24 22:13:30"
1468;138.69651412963867;"2022-10-24 22:13:32"
1469;138.69645309448242;"2022-10-24 22:13:33"
1470;138.70169830322266;"2022-10-24 22:13:34"
1471;138.6955909729004;"2022-10-24 22:13:35"
1472;138.6955909729004;"2022-10-24 22:13:36"
1473;138.69993591308594;"2022-10-24 22:13:37"
1474;138.69554901123047;"2022-10-24 22:13:38"
1475;138.69554901123047;"2022-10-24 22:13:39"
1476;138.69554901123047;"2022-10-24 22:13:41"
1477;138.69554901123047;"2022-10-24 22:13:42"
1478;138.69554901123047;"2022-10-24 22:13:43"
1479;138.69561004638672;"2022-10-24 22:13:44"
1480;138.69573211669922;"2022-10-24 22:13:45"
1481;138.69573211669922;"2022-10-24 22:13:46"
1482;138.69573211669922;"2022-10-24 22:13:47"
1483;138.69573211669922;"2022-10-24 22:13:48"
1484;138.69573211669922;"2022-10-24 22:13:49"
1485;138.69577407836914;"2022-10-24 22:13:50"
1486;138.69577407836914;"2022-10-24 22:13:52"
1487;138.69577407836914;"2022-10-24 22:13:53"
1488;138.6958351135254;"2022-10-24 22:13:54"
1489;138.6958351135254;"2022-10-24 22:13:55"
1490;138.70452880859375;"2022-10-24 22:13:56"
1491;138.71249389648438;"2022-10-24 22:13:58"
1492;138.69593048095703;"2022-10-24 22:13:59"
1493;138.69605255126953;"2022-10-24 22:14:00"
1494;138.69605255126953;"2022-10-24 22:14:01"
1495;138.69605255126953;"2022-10-24 22:14:02"
1496;138.69605255126953;"2022-10-24 22:14:03"
1497;138.69611358642578;"2022-10-24 22:14:04"
1498;138.69611358642578;"2022-10-24 22:14:05"
1499;138.70326232910156;"2022-10-24 22:14:07"
1500;138.71258926391602;"2022-10-24 22:14:09"
1501;138.71793365478516;"2022-10-24 22:14:10"
1502;138.69641494750977;"2022-10-24 22:14:11"
1503;138.69641876220703;"2022-10-24 22:14:12"
1504;138.7005729675293;"2022-10-24 22:14:14"
1505;138.70792388916016;"2022-10-24 22:14:15"
1506;138.6964340209961;"2022-10-24 22:14:16"
1507;138.6965560913086;"2022-10-24 22:14:17"
1508;138.6965560913086;"2022-10-24 22:14:18"
1509;138.6965560913086;"2022-10-24 22:14:19"
1510;138.6965560913086;"2022-10-24 22:14:20"
1511;138.69661712646484;"2022-10-24 22:14:21"
1512;138.6966781616211;"2022-10-24 22:14:22"
1513;138.6986961364746;"2022-10-24 22:14:23"
1514;138.70933151245117;"2022-10-24 22:14:25"
1515;138.71506118774414;"2022-10-24 22:14:26"
1516;138.69680786132812;"2022-10-24 22:14:27"
1517;138.69707489013672;"2022-10-24 22:14:28"
1518;138.69713592529297;"2022-10-24 22:14:30"
1519;138.69912338256836;"2022-10-24 22:14:31"
1520;138.69989776611328;"2022-10-24 22:14:32"
1521;138.69989776611328;"2022-10-24 22:14:33"
1522;138.69989776611328;"2022-10-24 22:14:34"
1523;138.69995880126953;"2022-10-24 22:14:35"
1524;138.69995880126953;"2022-10-24 22:14:36"
1525;138.69995880126953;"2022-10-24 22:14:37"
1526;138.69995880126953;"2022-10-24 22:14:38"
1527;138.69995880126953;"2022-10-24 22:14:39"
1528;138.69995880126953;"2022-10-24 22:14:41"
1529;138.70001983642578;"2022-10-24 22:14:42"
1530;138.70001983642578;"2022-10-24 22:14:43"
1531;138.70001983642578;"2022-10-24 22:14:44"
1532;138.70001983642578;"2022-10-24 22:14:45"
1533;138.70001983642578;"2022-10-24 22:14:46"
1534;138.70001983642578;"2022-10-24 22:14:47"
1535;138.7000846862793;"2022-10-24 22:14:48"
1536;138.7000846862793;"2022-10-24 22:14:49"
1537;138.7002067565918;"2022-10-24 22:14:50"
1538;138.7002067565918;"2022-10-24 22:14:51"
1539;138.70026779174805;"2022-10-24 22:14:52"
1540;138.7003288269043;"2022-10-24 22:14:54"
1541;138.70026779174805;"2022-10-24 22:14:55"
1542;138.70026779174805;"2022-10-24 22:14:56"
1543;138.7003936767578;"2022-10-24 22:14:57"
1544;138.7003936767578;"2022-10-24 22:14:58"
1545;138.7003936767578;"2022-10-24 22:14:59"
1546;138.7003936767578;"2022-10-24 22:15:00"
1547;138.7003936767578;"2022-10-24 22:15:01"
1548;138.7003936767578;"2022-10-24 22:15:02"
1549;138.7003936767578;"2022-10-24 22:15:03"
1550;138.70057678222656;"2022-10-24 22:15:04"
1551;138.70058059692383;"2022-10-24 22:15:05"
1552;138.70070266723633;"2022-10-24 22:15:06"
1553;138.70070266723633;"2022-10-24 22:15:07"
1554;138.70070266723633;"2022-10-24 22:15:09"
1555;138.70070266723633;"2022-10-24 22:15:10"
1556;138.70070266723633;"2022-10-24 22:15:11"
1557;138.70079040527344;"2022-10-24 22:15:12"
1558;138.70090103149414;"2022-10-24 22:15:13"
1559;138.70090103149414;"2022-10-24 22:15:14"
1560;138.70099258422852;"2022-10-24 22:15:15"
1561;138.70111465454102;"2022-10-24 22:15:16"
1562;138.70123672485352;"2022-10-24 22:15:17"
1563;138.70123672485352;"2022-10-24 22:15:18"
1564;138.70123672485352;"2022-10-24 22:15:19"
1565;138.70123672485352;"2022-10-24 22:15:20"
1566;138.70123672485352;"2022-10-24 22:15:22"
1567;138.70129776000977;"2022-10-24 22:15:23"
1568;138.70129776000977;"2022-10-24 22:15:24"
1569;138.70129776000977;"2022-10-24 22:15:25"
1570;138.70123672485352;"2022-10-24 22:15:26"
1571;138.70135879516602;"2022-10-24 22:15:27"
1572;138.70135879516602;"2022-10-24 22:15:28"
1573;138.70135879516602;"2022-10-24 22:15:29"
1574;138.70135879516602;"2022-10-24 22:15:30"
1575;138.70351791381836;"2022-10-24 22:15:31"
1576;138.71190643310547;"2022-10-24 22:15:33"
1577;138.71868896484375;"2022-10-24 22:15:34"
1578;138.70148468017578;"2022-10-24 22:15:35"
1579;138.70154571533203;"2022-10-24 22:15:36"
1580;138.70166778564453;"2022-10-24 22:15:37"
1581;138.70178985595703;"2022-10-24 22:15:38"
1582;138.70185089111328;"2022-10-24 22:15:39"
1583;138.70185089111328;"2022-10-24 22:15:41"
1584;138.70185089111328;"2022-10-24 22:15:42"
1585;138.70185089111328;"2022-10-24 22:15:43"
1586;138.70185089111328;"2022-10-24 22:15:44"
1587;138.70185089111328;"2022-10-24 22:15:45"
1588;138.70185089111328;"2022-10-24 22:15:46"
1589;138.70185089111328;"2022-10-24 22:15:47"
1590;138.70185089111328;"2022-10-24 22:15:48"
1591;138.70185089111328;"2022-10-24 22:15:49"
1592;138.70185089111328;"2022-10-24 22:15:50"
1593;138.70203399658203;"2022-10-24 22:15:52"
1594;138.70203399658203;"2022-10-24 22:15:53"
1595;138.70215606689453;"2022-10-24 22:15:54"
1596;138.70215606689453;"2022-10-24 22:15:55"
1597;138.70215606689453;"2022-10-24 22:15:56"
1598;138.70221710205078;"2022-10-24 22:15:57"
1599;138.70252227783203;"2022-10-24 22:15:58"
1600;138.70264434814453;"2022-10-24 22:15:59"
1601;138.70956420898438;"2022-10-24 22:16:00"
1602;138.71640396118164;"2022-10-24 22:16:02"
1603;138.72368621826172;"2022-10-24 22:16:03"
1604;138.70288467407227;"2022-10-24 22:16:04"
1605;138.70288467407227;"2022-10-24 22:16:05"
1606;138.70288467407227;"2022-10-24 22:16:06"
1607;138.70288467407227;"2022-10-24 22:16:07"
1608;138.70306777954102;"2022-10-24 22:16:08"
1609;138.70331192016602;"2022-10-24 22:16:09"
1610;138.70331192016602;"2022-10-24 22:16:11"
1611;138.70355606079102;"2022-10-24 22:16:12"
1612;138.70355606079102;"2022-10-24 22:16:13"
1613;138.69995498657227;"2022-10-24 22:16:14"
1614;138.69995498657227;"2022-10-24 22:16:15"
1615;138.7004508972168;"2022-10-24 22:16:16"
1616;138.70802307128906;"2022-10-24 22:16:17"
1617;138.71477127075195;"2022-10-24 22:16:18"
1618;138.72133255004883;"2022-10-24 22:16:20"
1619;138.7003402709961;"2022-10-24 22:16:21"
1620;138.70069122314453;"2022-10-24 22:16:22"
1621;138.70082092285156;"2022-10-24 22:16:23"
1622;138.7012939453125;"2022-10-24 22:16:24"
1623;138.7012939453125;"2022-10-24 22:16:25"
1624;138.7012939453125;"2022-10-24 22:16:26"
1625;138.70130157470703;"2022-10-24 22:16:27"
1626;138.70130157470703;"2022-10-24 22:16:29"
1627;138.70130157470703;"2022-10-24 22:16:30"
1628;138.701416015625;"2022-10-24 22:16:31"
1629;138.70159912109375;"2022-10-24 22:16:32"
1630;138.70159912109375;"2022-10-24 22:16:33"
1631;138.70159912109375;"2022-10-24 22:16:34"
1632;138.7016830444336;"2022-10-24 22:16:35"
1633;138.70176315307617;"2022-10-24 22:16:36"
1634;138.70196533203125;"2022-10-24 22:16:37"
1635;138.70196533203125;"2022-10-24 22:16:38"
1636;138.70196533203125;"2022-10-24 22:16:40"
1637;138.70196533203125;"2022-10-24 22:16:41"
1638;138.70196533203125;"2022-10-24 22:16:42"
1639;138.70196533203125;"2022-10-24 22:16:43"
1640;138.70196533203125;"2022-10-24 22:16:44"
1641;138.7034454345703;"2022-10-24 22:16:45"
1642;138.7003936767578;"2022-10-24 22:16:46"
1643;138.7003936767578;"2022-10-24 22:16:47"
1644;138.7003936767578;"2022-10-24 22:16:48"
1645;138.7003936767578;"2022-10-24 22:16:49"
1646;138.7003936767578;"2022-10-24 22:16:51"
1647;138.70039749145508;"2022-10-24 22:16:52"
1648;138.70048141479492;"2022-10-24 22:16:53"
1649;138.70054244995117;"2022-10-24 22:16:54"
1650;138.7012939453125;"2022-10-24 22:16:55"
1651;138.70738983154297;"2022-10-24 22:16:56"
1652;138.70203399658203;"2022-10-24 22:16:58"
1653;138.70203399658203;"2022-10-24 22:16:59"
1654;138.70203399658203;"2022-10-24 22:17:00"
1655;138.70203399658203;"2022-10-24 22:17:01"
1656;138.7020721435547;"2022-10-24 22:17:02"
1657;138.7020721435547;"2022-10-24 22:17:03"
1658;138.7047348022461;"2022-10-24 22:17:04"
1659;138.7019805908203;"2022-10-24 22:17:06"
1660;138.7019805908203;"2022-10-24 22:17:07"
1661;138.7019805908203;"2022-10-24 22:17:08"
1662;138.7019805908203;"2022-10-24 22:17:09"
1663;138.7019805908203;"2022-10-24 22:17:10"
1664;138.70186233520508;"2022-10-24 22:17:11"
1665;138.70186233520508;"2022-10-24 22:17:12"
1666;138.70186233520508;"2022-10-24 22:17:13"
1667;138.70186233520508;"2022-10-24 22:17:14"
1668;138.70186233520508;"2022-10-24 22:17:15"
1669;138.70197677612305;"2022-10-24 22:17:17"
1670;138.70197677612305;"2022-10-24 22:17:18"
1671;138.70197677612305;"2022-10-24 22:17:19"
1672;138.70197677612305;"2022-10-24 22:17:20"
1673;138.70202255249023;"2022-10-24 22:17:21"
1674;138.70302963256836;"2022-10-24 22:17:22"
1675;138.70303344726562;"2022-10-24 22:17:23"
1676;138.70730590820312;"2022-10-24 22:17:24"
1677;138.70742416381836;"2022-10-24 22:17:25"
1678;138.70742416381836;"2022-10-24 22:17:26"
1679;138.70742416381836;"2022-10-24 22:17:28"
1680;138.70751571655273;"2022-10-24 22:17:29"
1681;138.70745468139648;"2022-10-24 22:17:30"
1682;138.70751571655273;"2022-10-24 22:17:31"
1683;138.70751571655273;"2022-10-24 22:17:32"
1684;138.70757675170898;"2022-10-24 22:17:33"
1685;138.70757675170898;"2022-10-24 22:17:34"
1686;138.70757675170898;"2022-10-24 22:17:35"
1687;138.70757675170898;"2022-10-24 22:17:36"
1688;138.70757675170898;"2022-10-24 22:17:37"
1689;138.70757675170898;"2022-10-24 22:17:39"
1690;138.7076072692871;"2022-10-24 22:17:40"
1691;138.7076072692871;"2022-10-24 22:17:41"
1692;138.7076072692871;"2022-10-24 22:17:42"
1693;138.70757675170898;"2022-10-24 22:17:43"
1694;138.70757675170898;"2022-10-24 22:17:44"
1695;138.70775985717773;"2022-10-24 22:17:45"
1696;138.70788192749023;"2022-10-24 22:17:46"
1697;138.70788192749023;"2022-10-24 22:17:47"
1698;138.70800399780273;"2022-10-24 22:17:48"
1699;138.70812606811523;"2022-10-24 22:17:50"
1700;138.70812606811523;"2022-10-24 22:17:51"
1701;138.70812606811523;"2022-10-24 22:17:52"
1702;138.70812225341797;"2022-10-24 22:17:53"
1703;138.70824432373047;"2022-10-24 22:17:54"
1704;138.70824432373047;"2022-10-24 22:17:55"
1705;138.70824432373047;"2022-10-24 22:17:56"
1706;138.70830917358398;"2022-10-24 22:17:57"
1707;138.70830917358398;"2022-10-24 22:17:58"
1708;138.70830917358398;"2022-10-24 22:18:00"
1709;138.70830917358398;"2022-10-24 22:18:01"
1710;138.70830917358398;"2022-10-24 22:18:02"
1711;138.7083625793457;"2022-10-24 22:18:03"
1712;138.70854568481445;"2022-10-24 22:18:04"
1713;138.71510314941406;"2022-10-24 22:18:05"
1714;138.70852661132812;"2022-10-24 22:18:06"
1715;138.70852661132812;"2022-10-24 22:18:07"
1716;138.70852661132812;"2022-10-24 22:18:09"
1717;138.70852661132812;"2022-10-24 22:18:10"
1718;138.70852661132812;"2022-10-24 22:18:11"
1719;138.70852661132812;"2022-10-24 22:18:12"
1720;138.70852661132812;"2022-10-24 22:18:13"
1721;138.70852661132812;"2022-10-24 22:18:14"
1722;138.70852661132812;"2022-10-24 22:18:15"
1723;138.70852661132812;"2022-10-24 22:18:16"
1724;138.70852661132812;"2022-10-24 22:18:17"
1725;138.70852661132812;"2022-10-24 22:18:19"
1726;138.70852661132812;"2022-10-24 22:18:20"
1727;138.70852661132812;"2022-10-24 22:18:21"
1728;138.70852661132812;"2022-10-24 22:18:22"
1729;138.70852661132812;"2022-10-24 22:18:23"
1730;138.70852661132812;"2022-10-24 22:18:24"
1731;138.70852661132812;"2022-10-24 22:18:25"
1732;138.70852661132812;"2022-10-24 22:18:26"
1733;138.70852661132812;"2022-10-24 22:18:27"
1734;138.70852661132812;"2022-10-24 22:18:28"
1735;138.70853805541992;"2022-10-24 22:18:29"
1736;138.7092170715332;"2022-10-24 22:18:30"
1737;138.7092170715332;"2022-10-24 22:18:32"
1738;138.70946502685547;"2022-10-24 22:18:33"
1739;138.70946502685547;"2022-10-24 22:18:34"
1740;138.70954132080078;"2022-10-24 22:18:35"
1741;138.70954132080078;"2022-10-24 22:18:36"
1742;138.70959854125977;"2022-10-24 22:18:37"
1743;138.70996475219727;"2022-10-24 22:18:39"
1744;138.71000289916992;"2022-10-24 22:18:40"
1745;138.70941162109375;"2022-10-24 22:18:41"
1746;138.70941162109375;"2022-10-24 22:18:42"
1747;138.70941162109375;"2022-10-24 22:18:43"
1748;138.70941162109375;"2022-10-24 22:18:44"
1749;138.70941162109375;"2022-10-24 22:18:45"
1750;138.70941162109375;"2022-10-24 22:18:46"
1751;138.70952987670898;"2022-10-24 22:18:47"
1752;138.70945739746094;"2022-10-24 22:18:48"
1753;138.70951461791992;"2022-10-24 22:18:50"
1754;138.70951461791992;"2022-10-24 22:18:51"
1755;138.70951461791992;"2022-10-24 22:18:52"
1756;138.70969009399414;"2022-10-24 22:18:53"
1757;138.70969009399414;"2022-10-24 22:18:54"
1758;138.70969009399414;"2022-10-24 22:18:55"
1759;138.70969009399414;"2022-10-24 22:18:56"
1760;138.70969009399414;"2022-10-24 22:18:57"
1761;138.7098159790039;"2022-10-24 22:18:58"
1762;138.7098159790039;"2022-10-24 22:18:59"
1763;138.70978546142578;"2022-10-24 22:19:00"
1764;138.70978546142578;"2022-10-24 22:19:01"
1765;138.70978546142578;"2022-10-24 22:19:03"
1766;138.71102142333984;"2022-10-24 22:19:04"
1767;138.70975494384766;"2022-10-24 22:19:05"
1768;138.70999145507812;"2022-10-24 22:19:06"
1769;138.70999145507812;"2022-10-24 22:19:07"
1770;138.71005249023438;"2022-10-24 22:19:09"
1771;138.71005249023438;"2022-10-24 22:19:10"
1772;138.71005249023438;"2022-10-24 22:19:11"
1773;138.71020126342773;"2022-10-24 22:19:12"
1774;138.71032333374023;"2022-10-24 22:19:13"
1775;138.71032333374023;"2022-10-24 22:19:14"
1776;138.71032333374023;"2022-10-24 22:19:15"
1777;138.7103271484375;"2022-10-24 22:19:16"
1778;138.7103271484375;"2022-10-24 22:19:17"
1779;138.71063232421875;"2022-10-24 22:19:18"
1780;138.710693359375;"2022-10-24 22:19:20"
1781;138.710693359375;"2022-10-24 22:19:21"
1782;138.711181640625;"2022-10-24 22:19:22"
1783;138.711181640625;"2022-10-24 22:19:23"
1784;138.71124649047852;"2022-10-24 22:19:24"
1785;138.71124649047852;"2022-10-24 22:19:25"
1786;138.71124649047852;"2022-10-24 22:19:27"
1787;138.71124649047852;"2022-10-24 22:19:28"
1788;138.71124649047852;"2022-10-24 22:19:29"
1789;138.70776748657227;"2022-10-24 22:19:30"
1790;138.70776748657227;"2022-10-24 22:19:31"
1791;138.70776748657227;"2022-10-24 22:19:32"
1792;138.70777130126953;"2022-10-24 22:19:33"
1793;138.7077751159668;"2022-10-24 22:19:34"
1794;138.7077751159668;"2022-10-24 22:19:35"
1795;138.7078971862793;"2022-10-24 22:19:36"
1796;138.7078971862793;"2022-10-24 22:19:37"
1797;138.70783615112305;"2022-10-24 22:19:38"
1798;138.7078971862793;"2022-10-24 22:19:39"
1799;138.7078971862793;"2022-10-24 22:19:41"
1800;138.70790100097656;"2022-10-24 22:19:42"
1801;138.70790100097656;"2022-10-24 22:19:43"
1802;138.70790100097656;"2022-10-24 22:19:44"
1803;138.70790100097656;"2022-10-24 22:19:45"
1804;138.70802307128906;"2022-10-24 22:19:46"
1805;138.70814514160156;"2022-10-24 22:19:47"
1806;138.70814514160156;"2022-10-24 22:19:48"
1807;138.708251953125;"2022-10-24 22:19:49"
1808;138.70828247070312;"2022-10-24 22:19:51"
1809;138.70828247070312;"2022-10-24 22:19:52"
1810;138.70828247070312;"2022-10-24 22:19:53"
1811;138.70828247070312;"2022-10-24 22:19:54"
1812;138.70828247070312;"2022-10-24 22:19:55"
1813;138.708251953125;"2022-10-24 22:19:56"
1814;138.7083740234375;"2022-10-24 22:19:57"
1815;138.7083740234375;"2022-10-24 22:19:58"
1816;138.7083740234375;"2022-10-24 22:19:59"
1817;138.7083740234375;"2022-10-24 22:20:00"
1818;138.7083740234375;"2022-10-24 22:20:01"
1819;138.7083740234375;"2022-10-24 22:20:03"
1820;138.708984375;"2022-10-24 22:20:04"
1821;138.708984375;"2022-10-24 22:20:05"
1822;138.708984375;"2022-10-24 22:20:06"
1823;138.7091064453125;"2022-10-24 22:20:07"
1824;138.7091064453125;"2022-10-24 22:20:08"
1825;138.7093505859375;"2022-10-24 22:20:09"
1826;138.7093505859375;"2022-10-24 22:20:10"
1827;138.7093505859375;"2022-10-24 22:20:11"
1828;138.7093505859375;"2022-10-24 22:20:12"
1829;138.7093505859375;"2022-10-24 22:20:14"
1830;138.7093505859375;"2022-10-24 22:20:15"
1831;138.70947265625;"2022-10-24 22:20:16"
1832;138.70947265625;"2022-10-24 22:20:17"
1833;138.70947265625;"2022-10-24 22:20:18"
1834;138.70947265625;"2022-10-24 22:20:19"
1835;138.70947265625;"2022-10-24 22:20:20"
1836;138.70816802978516;"2022-10-24 22:20:21"
1837;138.70829391479492;"2022-10-24 22:20:22"
1838;138.70829391479492;"2022-10-24 22:20:24"
1839;138.70853424072266;"2022-10-24 22:20:25"
1840;138.70853424072266;"2022-10-24 22:20:26"
1841;138.70854568481445;"2022-10-24 22:20:27"
1842;138.70854568481445;"2022-10-24 22:20:28"
1843;138.70854568481445;"2022-10-24 22:20:29"
1844;138.70854568481445;"2022-10-24 22:20:30"
1845;138.70854568481445;"2022-10-24 22:20:31"
1846;138.70854568481445;"2022-10-24 22:20:32"
1847;138.70854568481445;"2022-10-24 22:20:33"
1848;138.70854568481445;"2022-10-24 22:20:35"
1849;138.70854568481445;"2022-10-24 22:20:36"
1850;138.7086639404297;"2022-10-24 22:20:37"
1851;138.7086639404297;"2022-10-24 22:20:38"
1852;138.7086639404297;"2022-10-24 22:20:39"
1853;138.7089614868164;"2022-10-24 22:20:40"
1854;138.7089614868164;"2022-10-24 22:20:41"
1855;138.7089614868164;"2022-10-24 22:20:42"
1856;138.7089614868164;"2022-10-24 22:20:43"
1857;138.7089614868164;"2022-10-24 22:20:44"
1858;138.7090835571289;"2022-10-24 22:20:45"
1859;138.7090835571289;"2022-10-24 22:20:46"
1860;138.70940017700195;"2022-10-24 22:20:47"
1861;138.70940017700195;"2022-10-24 22:20:48"
1862;138.70940017700195;"2022-10-24 22:20:50"
1863;138.7094612121582;"2022-10-24 22:20:51"
1864;138.7094612121582;"2022-10-24 22:20:52"
1865;138.7094612121582;"2022-10-24 22:20:53"
1866;138.7094612121582;"2022-10-24 22:20:54"
1867;138.7094612121582;"2022-10-24 22:20:55"
1868;138.7094612121582;"2022-10-24 22:20:56"
1869;138.7094612121582;"2022-10-24 22:20:57"
1870;138.7094612121582;"2022-10-24 22:20:58"
1871;138.7094612121582;"2022-10-24 22:20:59"
1872;138.7094612121582;"2022-10-24 22:21:00"
1873;138.7094612121582;"2022-10-24 22:21:01"
1874;138.7094612121582;"2022-10-24 22:21:02"
1875;138.7094612121582;"2022-10-24 22:21:04"
1876;138.7094612121582;"2022-10-24 22:21:05"
1877;138.7094612121582;"2022-10-24 22:21:06"
1878;138.7094612121582;"2022-10-24 22:21:07"
1879;138.70951461791992;"2022-10-24 22:21:08"
1880;138.70951461791992;"2022-10-24 22:21:09"
1881;138.70951461791992;"2022-10-24 22:21:11"
1882;138.70951461791992;"2022-10-24 22:21:12"
1883;138.70951461791992;"2022-10-24 22:21:13"
1884;138.70951461791992;"2022-10-24 22:21:14"
1885;138.70951461791992;"2022-10-24 22:21:15"
1886;138.70951461791992;"2022-10-24 22:21:16"
1887;138.70951461791992;"2022-10-24 22:21:17"
1888;138.70951461791992;"2022-10-24 22:21:18"
1889;138.7096405029297;"2022-10-24 22:21:19"
1890;138.7096405029297;"2022-10-24 22:21:20"
1891;138.70986938476562;"2022-10-24 22:21:21"
1892;138.70986938476562;"2022-10-24 22:21:23"
1893;138.70986938476562;"2022-10-24 22:21:24"
1894;138.71017456054688;"2022-10-24 22:21:25"
1895;138.71017456054688;"2022-10-24 22:21:26"
1896;138.71029663085938;"2022-10-24 22:21:27"
1897;138.71041870117188;"2022-10-24 22:21:28"
1898;138.71054077148438;"2022-10-24 22:21:29"
1899;138.71066284179688;"2022-10-24 22:21:30"
1900;138.71066284179688;"2022-10-24 22:21:31"
1901;138.71066284179688;"2022-10-24 22:21:32"
1902;138.71066284179688;"2022-10-24 22:21:33"
1903;138.71066284179688;"2022-10-24 22:21:35"
1904;138.71066284179688;"2022-10-24 22:21:36"
1905;138.71066284179688;"2022-10-24 22:21:37"
1906;138.71066284179688;"2022-10-24 22:21:38"
1907;138.71066284179688;"2022-10-24 22:21:39"
1908;138.71084594726562;"2022-10-24 22:21:40"
1909;138.71084594726562;"2022-10-24 22:21:41"
1910;138.71084594726562;"2022-10-24 22:21:42"
1911;138.7110595703125;"2022-10-24 22:21:43"
1912;138.71106338500977;"2022-10-24 22:21:44"
1913;138.71106338500977;"2022-10-24 22:21:45"
1914;138.70752334594727;"2022-10-24 22:21:46"
1915;138.70764541625977;"2022-10-24 22:21:48"
1916;138.70764541625977;"2022-10-24 22:21:49"
1917;138.7074851989746;"2022-10-24 22:21:50"
1918;138.7074851989746;"2022-10-24 22:21:51"
1919;138.7074851989746;"2022-10-24 22:21:52"
1920;138.7074851989746;"2022-10-24 22:21:53"
1921;138.70742416381836;"2022-10-24 22:21:54"
1922;138.70742416381836;"2022-10-24 22:21:55"
1923;138.70742416381836;"2022-10-24 22:21:56"
1924;138.70742416381836;"2022-10-24 22:21:57"
1925;138.70742416381836;"2022-10-24 22:21:58"
1926;138.70742416381836;"2022-10-24 22:22:00"
1927;138.70742416381836;"2022-10-24 22:22:01"
1928;138.70742416381836;"2022-10-24 22:22:02"
1929;138.70742416381836;"2022-10-24 22:22:03"
1930;138.7074851989746;"2022-10-24 22:22:04"
1931;138.7074851989746;"2022-10-24 22:22:05"
1932;138.7074851989746;"2022-10-24 22:22:06"
1933;138.7074851989746;"2022-10-24 22:22:07"
1934;138.7074851989746;"2022-10-24 22:22:08"
1935;138.7074851989746;"2022-10-24 22:22:09"
1936;138.70755004882812;"2022-10-24 22:22:10"
1937;138.7074851989746;"2022-10-24 22:22:11"
1938;138.7074851989746;"2022-10-24 22:22:12"
1939;138.7074851989746;"2022-10-24 22:22:14"
1940;138.7074851989746;"2022-10-24 22:22:15"
1941;138.7074851989746;"2022-10-24 22:22:16"
1942;138.7074851989746;"2022-10-24 22:22:17"
1943;138.7074851989746;"2022-10-24 22:22:18"
1944;138.7074851989746;"2022-10-24 22:22:19"
1945;138.7074851989746;"2022-10-24 22:22:20"
1946;138.7074851989746;"2022-10-24 22:22:21"
1947;138.7074851989746;"2022-10-24 22:22:22"
1948;138.7074851989746;"2022-10-24 22:22:23"
1949;138.7074851989746;"2022-10-24 22:22:25"
1950;138.7074851989746;"2022-10-24 22:22:26"
1951;138.7074851989746;"2022-10-24 22:22:27"
1952;138.7074851989746;"2022-10-24 22:22:28"
1953;138.7074851989746;"2022-10-24 22:22:29"
1954;138.7076072692871;"2022-10-24 22:22:30"
1955;138.7076072692871;"2022-10-24 22:22:31"
1956;138.7076072692871;"2022-10-24 22:22:32"
1957;138.70754623413086;"2022-10-24 22:22:33"
1958;138.70754623413086;"2022-10-24 22:22:34"
1959;138.7079200744629;"2022-10-24 22:22:36"
1960;138.7079200744629;"2022-10-24 22:22:37"
1961;138.7079200744629;"2022-10-24 22:22:38"
1962;138.7079200744629;"2022-10-24 22:22:39"
1963;138.70792388916016;"2022-10-24 22:22:40"
1964;138.70803833007812;"2022-10-24 22:22:41"
1965;138.70822143554688;"2022-10-24 22:22:42"
1966;138.70824432373047;"2022-10-24 22:22:43"
1967;138.70825958251953;"2022-10-24 22:22:44"
1968;138.70825958251953;"2022-10-24 22:22:45"
1969;138.70825958251953;"2022-10-24 22:22:47"
1970;138.70822143554688;"2022-10-24 22:22:48"
1971;138.70822143554688;"2022-10-24 22:22:49"
1972;138.708251953125;"2022-10-24 22:22:50"
1973;138.708251953125;"2022-10-24 22:22:51"
1974;138.70829391479492;"2022-10-24 22:22:52"
1975;138.70834350585938;"2022-10-24 22:22:53"
1976;138.70834350585938;"2022-10-24 22:22:54"
1977;138.70834350585938;"2022-10-24 22:22:55"
1978;138.70844650268555;"2022-10-24 22:22:56"
1979;138.70844650268555;"2022-10-24 22:22:57"
1980;138.70844650268555;"2022-10-24 22:22:58"
1981;138.70844650268555;"2022-10-24 22:22:59"
1982;138.70844650268555;"2022-10-24 22:23:01"
1983;138.70844650268555;"2022-10-24 22:23:02"
1984;138.70844650268555;"2022-10-24 22:23:03"
1985;138.70844650268555;"2022-10-24 22:23:04"
1986;138.70844650268555;"2022-10-24 22:23:05"
1987;138.70844650268555;"2022-10-24 22:23:06"
1988;138.7085075378418;"2022-10-24 22:23:07"
1989;138.7085075378418;"2022-10-24 22:23:08"
1990;138.7085075378418;"2022-10-24 22:23:09"
1991;138.7085075378418;"2022-10-24 22:23:10"
1992;138.7085075378418;"2022-10-24 22:23:12"
1993;138.7085075378418;"2022-10-24 22:23:13"
1994;138.70894241333008;"2022-10-24 22:23:14"
1995;138.7090301513672;"2022-10-24 22:23:15"
1996;138.7090721130371;"2022-10-24 22:23:16"
1997;138.70906448364258;"2022-10-24 22:23:17"
1998;138.7090950012207;"2022-10-24 22:23:19"
1999;138.7090950012207;"2022-10-24 22:23:20"
2000;138.7090950012207;"2022-10-24 22:23:21"
2001;138.70918655395508;"2022-10-24 22:23:22"
2002;138.70918655395508;"2022-10-24 22:23:23"
