"idRam";"registro";"hora"
1;61.5;"2022-10-24 21:45:42"
2;61.4;"2022-10-24 21:45:43"
3;61.5;"2022-10-24 21:45:44"
4;61.5;"2022-10-24 21:45:45"
5;61.4;"2022-10-24 21:45:46"
6;61.5;"2022-10-24 21:45:47"
7;61.3;"2022-10-24 21:45:48"
8;61.4;"2022-10-24 21:45:49"
9;61.6;"2022-10-24 21:45:50"
10;61.5;"2022-10-24 21:45:51"
11;61.6;"2022-10-24 21:45:52"
12;61.6;"2022-10-24 21:45:54"
13;61.6;"2022-10-24 21:45:55"
14;61.8;"2022-10-24 21:45:56"
15;61.4;"2022-10-24 21:45:57"
16;61.5;"2022-10-24 21:45:58"
17;61.6;"2022-10-24 21:45:59"
18;62.0;"2022-10-24 21:46:00"
19;62.0;"2022-10-24 21:46:01"
20;61.9;"2022-10-24 21:46:02"
21;61.8;"2022-10-24 21:46:03"
22;61.8;"2022-10-24 21:46:04"
23;61.9;"2022-10-24 21:46:06"
24;61.9;"2022-10-24 21:46:07"
25;62.0;"2022-10-24 21:46:08"
26;61.9;"2022-10-24 21:46:09"
27;61.9;"2022-10-24 21:46:10"
28;61.8;"2022-10-24 21:46:11"
29;61.9;"2022-10-24 21:46:12"
30;63.1;"2022-10-24 21:46:13"
31;63.4;"2022-10-24 21:46:14"
32;63.3;"2022-10-24 21:46:15"
33;63.4;"2022-10-24 21:46:16"
34;63.7;"2022-10-24 21:46:18"
35;63.6;"2022-10-24 21:46:19"
36;63.6;"2022-10-24 21:46:20"
37;63.5;"2022-10-24 21:46:21"
38;63.6;"2022-10-24 21:46:22"
39;63.9;"2022-10-24 21:46:23"
40;63.5;"2022-10-24 21:46:24"
41;65.3;"2022-10-24 21:46:25"
42;65.3;"2022-10-24 21:46:27"
43;65.3;"2022-10-24 21:46:28"
44;65.0;"2022-10-24 21:46:29"
45;65.2;"2022-10-24 21:46:30"
46;64.6;"2022-10-24 21:46:31"
47;63.1;"2022-10-24 21:46:34"
48;63.1;"2022-10-24 21:46:35"
49;63.1;"2022-10-24 21:46:36"
50;63.2;"2022-10-24 21:46:38"
51;63.3;"2022-10-24 21:46:39"
52;63.3;"2022-10-24 21:46:40"
53;63.4;"2022-10-24 21:46:41"
54;63.4;"2022-10-24 21:46:42"
55;63.4;"2022-10-24 21:46:43"
56;63.4;"2022-10-24 21:46:44"
57;63.4;"2022-10-24 21:46:45"
58;63.3;"2022-10-24 21:46:46"
59;63.4;"2022-10-24 21:46:47"
60;63.3;"2022-10-24 21:46:48"
61;63.3;"2022-10-24 21:46:49"
62;63.0;"2022-10-24 21:46:50"
63;62.8;"2022-10-24 21:46:52"
64;62.9;"2022-10-24 21:46:53"
65;62.8;"2022-10-24 21:46:54"
66;63.1;"2022-10-24 21:46:55"
67;63.1;"2022-10-24 21:46:56"
68;63.1;"2022-10-24 21:46:57"
69;63.1;"2022-10-24 21:46:58"
70;63.1;"2022-10-24 21:46:59"
71;63.3;"2022-10-24 21:47:00"
72;63.6;"2022-10-24 21:47:02"
73;63.6;"2022-10-24 21:47:03"
74;63.4;"2022-10-24 21:47:04"
75;63.3;"2022-10-24 21:47:05"
76;63.2;"2022-10-24 21:47:06"
77;63.3;"2022-10-24 21:47:07"
78;63.5;"2022-10-24 21:47:09"
79;63.5;"2022-10-24 21:47:10"
80;63.6;"2022-10-24 21:47:11"
81;63.6;"2022-10-24 21:47:12"
82;63.7;"2022-10-24 21:47:13"
83;63.4;"2022-10-24 21:47:15"
84;63.5;"2022-10-24 21:47:16"
85;63.7;"2022-10-24 21:47:17"
86;63.6;"2022-10-24 21:47:18"
87;63.7;"2022-10-24 21:47:19"
88;63.6;"2022-10-24 21:47:20"
89;63.6;"2022-10-24 21:47:21"
90;63.6;"2022-10-24 21:47:22"
91;63.6;"2022-10-24 21:47:24"
92;63.6;"2022-10-24 21:47:25"
93;63.6;"2022-10-24 21:47:26"
94;63.6;"2022-10-24 21:47:27"
95;63.6;"2022-10-24 21:47:28"
96;63.6;"2022-10-24 21:47:29"
97;63.6;"2022-10-24 21:47:30"
98;63.6;"2022-10-24 21:47:31"
99;63.6;"2022-10-24 21:47:32"
100;63.6;"2022-10-24 21:47:33"
101;63.6;"2022-10-24 21:47:34"
102;63.5;"2022-10-24 21:47:36"
103;63.6;"2022-10-24 21:47:37"
104;63.5;"2022-10-24 21:47:38"
105;63.6;"2022-10-24 21:47:39"
106;63.6;"2022-10-24 21:47:40"
107;63.6;"2022-10-24 21:47:41"
108;63.6;"2022-10-24 21:47:42"
109;63.6;"2022-10-24 21:47:43"
110;63.6;"2022-10-24 21:47:44"
111;63.6;"2022-10-24 21:47:46"
112;63.6;"2022-10-24 21:47:47"
113;63.6;"2022-10-24 21:47:48"
114;63.6;"2022-10-24 21:47:49"
115;63.6;"2022-10-24 21:47:50"
116;63.6;"2022-10-24 21:47:51"
117;63.6;"2022-10-24 21:47:52"
118;63.5;"2022-10-24 21:47:53"
119;63.6;"2022-10-24 21:47:54"
120;63.6;"2022-10-24 21:47:55"
121;63.6;"2022-10-24 21:47:56"
122;63.6;"2022-10-24 21:47:57"
123;63.5;"2022-10-24 21:47:58"
124;63.6;"2022-10-24 21:48:00"
125;63.5;"2022-10-24 21:48:01"
126;63.6;"2022-10-24 21:48:02"
127;63.6;"2022-10-24 21:48:03"
128;63.6;"2022-10-24 21:48:04"
129;63.6;"2022-10-24 21:48:05"
130;63.6;"2022-10-24 21:48:06"
131;63.5;"2022-10-24 21:48:07"
132;63.5;"2022-10-24 21:48:08"
133;63.5;"2022-10-24 21:48:09"
134;63.6;"2022-10-24 21:48:11"
135;63.6;"2022-10-24 21:48:12"
136;63.6;"2022-10-24 21:48:13"
137;63.6;"2022-10-24 21:48:14"
138;63.6;"2022-10-24 21:48:15"
139;63.6;"2022-10-24 21:48:16"
140;63.6;"2022-10-24 21:48:17"
141;63.5;"2022-10-24 21:48:18"
142;63.5;"2022-10-24 21:48:19"
143;63.6;"2022-10-24 21:48:21"
144;63.5;"2022-10-24 21:48:22"
145;63.5;"2022-10-24 21:48:23"
146;63.5;"2022-10-24 21:48:24"
147;63.5;"2022-10-24 21:48:25"
148;63.5;"2022-10-24 21:48:26"
149;63.5;"2022-10-24 21:48:27"
150;63.5;"2022-10-24 21:48:28"
151;63.4;"2022-10-24 21:48:29"
152;63.4;"2022-10-24 21:48:30"
153;63.4;"2022-10-24 21:48:31"
154;63.4;"2022-10-24 21:48:32"
155;63.4;"2022-10-24 21:48:33"
156;63.3;"2022-10-24 21:48:34"
157;63.6;"2022-10-24 21:48:35"
158;63.6;"2022-10-24 21:48:37"
159;63.5;"2022-10-24 21:48:38"
160;63.4;"2022-10-24 21:48:39"
161;63.5;"2022-10-24 21:48:40"
162;63.5;"2022-10-24 21:48:41"
163;63.5;"2022-10-24 21:48:42"
164;63.5;"2022-10-24 21:48:43"
165;63.5;"2022-10-24 21:48:44"
166;63.5;"2022-10-24 21:48:45"
167;63.5;"2022-10-24 21:48:47"
168;63.5;"2022-10-24 21:48:48"
169;63.4;"2022-10-24 21:48:49"
170;63.5;"2022-10-24 21:48:50"
171;63.5;"2022-10-24 21:48:51"
172;63.3;"2022-10-24 21:48:52"
173;63.4;"2022-10-24 21:48:53"
174;63.4;"2022-10-24 21:48:54"
175;63.3;"2022-10-24 21:48:55"
176;63.3;"2022-10-24 21:48:56"
177;63.1;"2022-10-24 21:48:57"
178;63.1;"2022-10-24 21:48:59"
179;63.1;"2022-10-24 21:49:00"
180;63.1;"2022-10-24 21:49:01"
181;63.1;"2022-10-24 21:49:02"
182;63.1;"2022-10-24 21:49:03"
183;63.1;"2022-10-24 21:49:04"
184;63.1;"2022-10-24 21:49:06"
185;63.1;"2022-10-24 21:49:07"
186;63.1;"2022-10-24 21:49:08"
187;63.1;"2022-10-24 21:49:09"
188;63.1;"2022-10-24 21:49:10"
189;63.1;"2022-10-24 21:49:11"
190;63.2;"2022-10-24 21:49:12"
191;63.3;"2022-10-24 21:49:13"
192;63.3;"2022-10-24 21:49:14"
193;63.3;"2022-10-24 21:49:15"
194;63.2;"2022-10-24 21:49:16"
195;63.2;"2022-10-24 21:49:17"
196;63.2;"2022-10-24 21:49:19"
197;63.3;"2022-10-24 21:49:20"
198;63.1;"2022-10-24 21:49:21"
199;63.1;"2022-10-24 21:49:22"
200;62.9;"2022-10-24 21:49:23"
201;63.0;"2022-10-24 21:49:24"
202;63.0;"2022-10-24 21:49:25"
203;63.0;"2022-10-24 21:49:26"
204;62.5;"2022-10-24 21:49:28"
205;62.5;"2022-10-24 21:49:29"
206;62.5;"2022-10-24 21:49:30"
207;62.5;"2022-10-24 21:49:31"
208;62.6;"2022-10-24 21:49:32"
209;62.6;"2022-10-24 21:49:33"
210;62.5;"2022-10-24 21:49:34"
211;62.5;"2022-10-24 21:49:35"
212;62.5;"2022-10-24 21:49:36"
213;62.5;"2022-10-24 21:49:37"
214;62.7;"2022-10-24 21:49:38"
215;62.7;"2022-10-24 21:49:39"
216;62.7;"2022-10-24 21:49:41"
217;62.9;"2022-10-24 21:49:42"
218;62.7;"2022-10-24 21:49:43"
219;62.8;"2022-10-24 21:49:44"
220;62.9;"2022-10-24 21:49:45"
221;62.9;"2022-10-24 21:49:46"
222;62.9;"2022-10-24 21:49:47"
223;62.9;"2022-10-24 21:49:48"
224;62.9;"2022-10-24 21:49:49"
225;62.8;"2022-10-24 21:49:50"
226;62.7;"2022-10-24 21:49:52"
227;62.7;"2022-10-24 21:49:53"
228;62.8;"2022-10-24 21:49:54"
229;62.7;"2022-10-24 21:49:55"
230;62.8;"2022-10-24 21:49:56"
231;63.0;"2022-10-24 21:49:57"
232;63.4;"2022-10-24 21:49:58"
233;63.4;"2022-10-24 21:49:59"
234;63.4;"2022-10-24 21:50:00"
235;63.4;"2022-10-24 21:50:01"
236;63.4;"2022-10-24 21:50:02"
237;63.3;"2022-10-24 21:50:03"
238;63.4;"2022-10-24 21:50:04"
239;63.4;"2022-10-24 21:50:05"
240;63.4;"2022-10-24 21:50:07"
241;63.3;"2022-10-24 21:50:08"
242;63.4;"2022-10-24 21:50:09"
243;63.4;"2022-10-24 21:50:10"
244;63.4;"2022-10-24 21:50:11"
245;63.3;"2022-10-24 21:50:12"
246;63.4;"2022-10-24 21:50:13"
247;63.4;"2022-10-24 21:50:14"
248;63.4;"2022-10-24 21:50:15"
249;63.0;"2022-10-24 21:50:16"
250;62.9;"2022-10-24 21:50:17"
251;63.2;"2022-10-24 21:50:19"
252;63.2;"2022-10-24 21:50:20"
253;63.0;"2022-10-24 21:50:21"
254;63.0;"2022-10-24 21:50:22"
255;63.0;"2022-10-24 21:50:23"
256;62.9;"2022-10-24 21:50:24"
257;62.9;"2022-10-24 21:50:25"
258;62.9;"2022-10-24 21:50:26"
259;62.9;"2022-10-24 21:50:27"
260;62.9;"2022-10-24 21:50:28"
261;62.9;"2022-10-24 21:50:29"
262;63.1;"2022-10-24 21:50:30"
263;63.1;"2022-10-24 21:50:31"
264;63.1;"2022-10-24 21:50:32"
265;63.1;"2022-10-24 21:50:33"
266;63.1;"2022-10-24 21:50:35"
267;63.1;"2022-10-24 21:50:36"
268;62.9;"2022-10-24 21:50:37"
269;63.0;"2022-10-24 21:50:38"
270;63.0;"2022-10-24 21:50:39"
271;62.9;"2022-10-24 21:50:40"
272;62.9;"2022-10-24 21:50:42"
273;62.9;"2022-10-24 21:50:43"
274;62.9;"2022-10-24 21:50:44"
275;62.9;"2022-10-24 21:50:45"
276;62.9;"2022-10-24 21:50:46"
277;62.9;"2022-10-24 21:50:47"
278;62.9;"2022-10-24 21:50:48"
279;62.9;"2022-10-24 21:50:49"
280;63.0;"2022-10-24 21:50:50"
281;63.0;"2022-10-24 21:50:51"
282;63.1;"2022-10-24 21:50:52"
283;63.1;"2022-10-24 21:50:53"
284;63.0;"2022-10-24 21:50:55"
285;63.0;"2022-10-24 21:50:56"
286;63.0;"2022-10-24 21:50:57"
287;62.7;"2022-10-24 21:50:58"
288;62.7;"2022-10-24 21:50:59"
289;63.0;"2022-10-24 21:51:00"
290;64.5;"2022-10-24 21:51:01"
291;64.6;"2022-10-24 21:51:03"
292;64.5;"2022-10-24 21:51:04"
293;64.6;"2022-10-24 21:51:05"
294;64.5;"2022-10-24 21:51:06"
295;64.6;"2022-10-24 21:51:07"
296;65.1;"2022-10-24 21:51:08"
297;65.1;"2022-10-24 21:51:10"
298;64.2;"2022-10-24 21:51:11"
299;66.2;"2022-10-24 21:51:12"
300;66.3;"2022-10-24 21:51:13"
301;66.4;"2022-10-24 21:51:14"
302;66.1;"2022-10-24 21:51:15"
303;66.0;"2022-10-24 21:51:16"
304;66.0;"2022-10-24 21:51:17"
305;66.5;"2022-10-24 21:51:18"
306;66.7;"2022-10-24 21:51:20"
307;65.8;"2022-10-24 21:51:21"
308;64.6;"2022-10-24 21:51:22"
309;64.7;"2022-10-24 21:51:23"
310;64.8;"2022-10-24 21:51:25"
311;64.8;"2022-10-24 21:51:26"
312;64.9;"2022-10-24 21:51:27"
313;65.1;"2022-10-24 21:51:28"
314;65.0;"2022-10-24 21:51:29"
315;65.0;"2022-10-24 21:51:30"
316;65.0;"2022-10-24 21:51:31"
317;65.2;"2022-10-24 21:51:33"
318;65.4;"2022-10-24 21:51:34"
319;65.3;"2022-10-24 21:51:35"
320;65.4;"2022-10-24 21:51:36"
321;65.3;"2022-10-24 21:51:37"
322;65.5;"2022-10-24 21:51:38"
323;65.5;"2022-10-24 21:51:39"
324;65.5;"2022-10-24 21:51:40"
325;65.3;"2022-10-24 21:51:41"
326;65.3;"2022-10-24 21:51:42"
327;65.5;"2022-10-24 21:51:43"
328;65.4;"2022-10-24 21:51:44"
329;65.4;"2022-10-24 21:51:46"
330;65.3;"2022-10-24 21:51:47"
331;65.3;"2022-10-24 21:51:49"
332;65.2;"2022-10-24 21:51:51"
333;65.2;"2022-10-24 21:51:52"
334;65.3;"2022-10-24 21:51:53"
335;65.6;"2022-10-24 21:51:54"
336;65.3;"2022-10-24 21:51:55"
337;64.8;"2022-10-24 21:51:56"
338;65.1;"2022-10-24 21:51:57"
339;65.0;"2022-10-24 21:51:58"
340;65.0;"2022-10-24 21:51:59"
341;64.8;"2022-10-24 21:52:01"
342;64.8;"2022-10-24 21:52:02"
343;64.8;"2022-10-24 21:52:03"
344;64.8;"2022-10-24 21:52:04"
345;64.8;"2022-10-24 21:52:05"
346;64.8;"2022-10-24 21:52:06"
347;64.8;"2022-10-24 21:52:07"
348;64.8;"2022-10-24 21:52:09"
349;64.8;"2022-10-24 21:52:10"
350;64.8;"2022-10-24 21:52:11"
351;64.8;"2022-10-24 21:52:12"
352;64.8;"2022-10-24 21:52:13"
353;64.9;"2022-10-24 21:52:14"
354;64.8;"2022-10-24 21:52:15"
355;64.9;"2022-10-24 21:52:16"
356;65.2;"2022-10-24 21:52:17"
357;65.0;"2022-10-24 21:52:18"
358;65.0;"2022-10-24 21:52:19"
359;65.0;"2022-10-24 21:52:20"
360;65.0;"2022-10-24 21:52:21"
361;64.9;"2022-10-24 21:52:23"
362;65.0;"2022-10-24 21:52:24"
363;65.0;"2022-10-24 21:52:25"
364;64.9;"2022-10-24 21:52:26"
365;64.9;"2022-10-24 21:52:27"
366;64.9;"2022-10-24 21:52:28"
367;64.9;"2022-10-24 21:52:29"
368;64.9;"2022-10-24 21:52:30"
369;64.8;"2022-10-24 21:52:31"
370;64.8;"2022-10-24 21:52:32"
371;64.8;"2022-10-24 21:52:33"
372;64.8;"2022-10-24 21:52:34"
373;64.8;"2022-10-24 21:52:35"
374;64.8;"2022-10-24 21:52:37"
375;64.8;"2022-10-24 21:52:38"
376;64.9;"2022-10-24 21:52:39"
377;64.9;"2022-10-24 21:52:40"
378;65.0;"2022-10-24 21:52:41"
379;64.9;"2022-10-24 21:52:42"
380;64.7;"2022-10-24 21:52:43"
381;64.9;"2022-10-24 21:52:44"
382;65.0;"2022-10-24 21:52:45"
383;65.0;"2022-10-24 21:52:46"
384;65.0;"2022-10-24 21:52:47"
385;64.8;"2022-10-24 21:52:48"
386;64.8;"2022-10-24 21:52:49"
387;64.7;"2022-10-24 21:52:51"
388;64.8;"2022-10-24 21:52:52"
389;65.0;"2022-10-24 21:52:53"
390;65.0;"2022-10-24 21:52:54"
391;65.1;"2022-10-24 21:52:55"
392;65.0;"2022-10-24 21:52:56"
393;65.0;"2022-10-24 21:52:57"
394;65.0;"2022-10-24 21:52:58"
395;64.9;"2022-10-24 21:53:00"
396;64.9;"2022-10-24 21:53:01"
397;64.8;"2022-10-24 21:53:02"
398;64.8;"2022-10-24 21:53:03"
399;64.8;"2022-10-24 21:53:04"
400;64.8;"2022-10-24 21:53:05"
401;64.8;"2022-10-24 21:53:06"
402;64.8;"2022-10-24 21:53:07"
403;64.8;"2022-10-24 21:53:08"
404;64.8;"2022-10-24 21:53:09"
405;64.8;"2022-10-24 21:53:11"
406;65.2;"2022-10-24 21:53:12"
407;64.9;"2022-10-24 21:53:13"
408;65.0;"2022-10-24 21:53:14"
409;65.1;"2022-10-24 21:53:15"
410;65.2;"2022-10-24 21:53:16"
411;65.1;"2022-10-24 21:53:17"
412;65.1;"2022-10-24 21:53:18"
413;64.9;"2022-10-24 21:53:19"
414;64.9;"2022-10-24 21:53:20"
415;64.9;"2022-10-24 21:53:21"
416;65.0;"2022-10-24 21:53:22"
417;65.2;"2022-10-24 21:53:23"
418;65.2;"2022-10-24 21:53:25"
419;65.0;"2022-10-24 21:53:26"
420;65.0;"2022-10-24 21:53:27"
421;65.0;"2022-10-24 21:53:28"
422;65.0;"2022-10-24 21:53:29"
423;65.0;"2022-10-24 21:53:30"
424;64.9;"2022-10-24 21:53:31"
425;64.9;"2022-10-24 21:53:32"
426;64.9;"2022-10-24 21:53:34"
427;64.9;"2022-10-24 21:53:35"
428;64.9;"2022-10-24 21:53:36"
429;64.9;"2022-10-24 21:53:37"
430;64.9;"2022-10-24 21:53:38"
431;64.9;"2022-10-24 21:53:39"
432;64.9;"2022-10-24 21:53:40"
433;64.9;"2022-10-24 21:53:41"
434;64.9;"2022-10-24 21:53:42"
435;64.9;"2022-10-24 21:53:43"
436;64.9;"2022-10-24 21:53:45"
437;64.9;"2022-10-24 21:53:46"
438;64.9;"2022-10-24 21:53:47"
439;64.9;"2022-10-24 21:53:48"
440;64.9;"2022-10-24 21:53:49"
441;64.9;"2022-10-24 21:53:50"
442;64.9;"2022-10-24 21:53:51"
443;64.9;"2022-10-24 21:53:52"
444;64.9;"2022-10-24 21:53:53"
445;64.9;"2022-10-24 21:53:54"
446;64.9;"2022-10-24 21:53:55"
447;64.9;"2022-10-24 21:53:57"
448;64.9;"2022-10-24 21:53:58"
449;64.9;"2022-10-24 21:53:59"
450;65.0;"2022-10-24 21:54:00"
451;64.9;"2022-10-24 21:54:01"
452;64.9;"2022-10-24 21:54:02"
453;64.8;"2022-10-24 21:54:03"
454;64.8;"2022-10-24 21:54:04"
455;64.8;"2022-10-24 21:54:05"
456;64.7;"2022-10-24 21:54:06"
457;64.7;"2022-10-24 21:54:07"
458;64.7;"2022-10-24 21:54:08"
459;64.7;"2022-10-24 21:54:10"
460;64.7;"2022-10-24 21:54:11"
461;64.7;"2022-10-24 21:54:12"
462;64.7;"2022-10-24 21:54:13"
463;64.7;"2022-10-24 21:54:14"
464;64.6;"2022-10-24 21:54:15"
465;64.6;"2022-10-24 21:54:16"
466;64.6;"2022-10-24 21:54:17"
467;64.6;"2022-10-24 21:54:18"
468;64.6;"2022-10-24 21:54:19"
469;64.6;"2022-10-24 21:54:20"
470;64.7;"2022-10-24 21:54:21"
471;64.7;"2022-10-24 21:54:23"
472;64.7;"2022-10-24 21:54:24"
473;64.7;"2022-10-24 21:54:25"
474;64.9;"2022-10-24 21:54:26"
475;64.8;"2022-10-24 21:54:27"
476;64.2;"2022-10-24 21:54:28"
477;64.2;"2022-10-24 21:54:29"
478;64.2;"2022-10-24 21:54:30"
479;64.4;"2022-10-24 21:54:31"
480;65.5;"2022-10-24 21:54:33"
481;65.4;"2022-10-24 21:54:34"
482;65.4;"2022-10-24 21:54:35"
483;65.2;"2022-10-24 21:54:36"
484;65.2;"2022-10-24 21:54:37"
485;65.1;"2022-10-24 21:54:38"
486;65.1;"2022-10-24 21:54:39"
487;65.1;"2022-10-24 21:54:40"
488;65.0;"2022-10-24 21:54:41"
489;65.2;"2022-10-24 21:54:42"
490;65.6;"2022-10-24 21:54:44"
491;65.6;"2022-10-24 21:54:45"
492;67.7;"2022-10-24 21:54:46"
493;67.9;"2022-10-24 21:54:47"
494;67.8;"2022-10-24 21:54:48"
495;67.8;"2022-10-24 21:54:49"
496;67.8;"2022-10-24 21:54:51"
497;67.8;"2022-10-24 21:54:52"
498;67.7;"2022-10-24 21:54:53"
499;67.6;"2022-10-24 21:54:54"
500;67.6;"2022-10-24 21:54:55"
501;67.4;"2022-10-24 21:54:56"
502;65.7;"2022-10-24 21:54:57"
503;65.7;"2022-10-24 21:54:58"
504;65.7;"2022-10-24 21:54:59"
505;66.0;"2022-10-24 21:55:01"
506;65.9;"2022-10-24 21:55:02"
507;65.9;"2022-10-24 21:55:03"
508;66.0;"2022-10-24 21:55:04"
509;65.9;"2022-10-24 21:55:05"
510;66.0;"2022-10-24 21:55:06"
511;65.9;"2022-10-24 21:55:07"
512;66.0;"2022-10-24 21:55:08"
513;66.1;"2022-10-24 21:55:10"
514;66.1;"2022-10-24 21:55:11"
515;66.1;"2022-10-24 21:55:12"
516;66.0;"2022-10-24 21:55:13"
517;66.1;"2022-10-24 21:55:14"
518;66.0;"2022-10-24 21:55:15"
519;66.1;"2022-10-24 21:55:16"
520;66.0;"2022-10-24 21:55:17"
521;65.8;"2022-10-24 21:55:18"
522;65.4;"2022-10-24 21:55:19"
523;65.3;"2022-10-24 21:55:20"
524;65.4;"2022-10-24 21:55:21"
525;65.4;"2022-10-24 21:55:23"
526;65.4;"2022-10-24 21:55:24"
527;65.3;"2022-10-24 21:55:25"
528;65.3;"2022-10-24 21:55:26"
529;65.3;"2022-10-24 21:55:27"
530;65.3;"2022-10-24 21:55:28"
531;65.2;"2022-10-24 21:55:29"
532;65.3;"2022-10-24 21:55:30"
533;65.5;"2022-10-24 21:55:31"
534;65.4;"2022-10-24 21:55:33"
535;65.4;"2022-10-24 21:55:34"
536;65.5;"2022-10-24 21:55:35"
537;65.3;"2022-10-24 21:55:36"
538;65.4;"2022-10-24 21:55:37"
539;65.4;"2022-10-24 21:55:38"
540;65.3;"2022-10-24 21:55:39"
541;65.3;"2022-10-24 21:55:40"
542;65.5;"2022-10-24 21:55:41"
543;65.6;"2022-10-24 21:55:42"
544;65.3;"2022-10-24 21:55:43"
545;65.3;"2022-10-24 21:55:44"
546;65.4;"2022-10-24 21:55:45"
547;65.7;"2022-10-24 21:55:47"
548;65.6;"2022-10-24 21:55:48"
549;65.6;"2022-10-24 21:55:49"
550;65.6;"2022-10-24 21:55:50"
551;65.6;"2022-10-24 21:55:51"
552;65.6;"2022-10-24 21:55:53"
553;65.7;"2022-10-24 21:55:54"
554;65.7;"2022-10-24 21:55:55"
555;65.6;"2022-10-24 21:55:56"
556;65.7;"2022-10-24 21:55:57"
557;65.7;"2022-10-24 21:55:58"
558;65.6;"2022-10-24 21:55:59"
559;65.8;"2022-10-24 21:56:01"
560;65.9;"2022-10-24 21:56:02"
561;66.1;"2022-10-24 21:56:03"
562;65.9;"2022-10-24 21:56:04"
563;66.0;"2022-10-24 21:56:05"
564;66.0;"2022-10-24 21:56:07"
565;66.2;"2022-10-24 21:56:08"
566;66.3;"2022-10-24 21:56:09"
567;66.5;"2022-10-24 21:56:10"
568;66.5;"2022-10-24 21:56:11"
569;66.5;"2022-10-24 21:56:12"
570;66.3;"2022-10-24 21:56:14"
571;66.4;"2022-10-24 21:56:15"
572;66.4;"2022-10-24 21:56:16"
573;66.4;"2022-10-24 21:56:17"
574;66.4;"2022-10-24 21:56:18"
575;66.4;"2022-10-24 21:56:19"
576;66.2;"2022-10-24 21:56:20"
577;65.7;"2022-10-24 21:56:21"
578;65.8;"2022-10-24 21:56:23"
579;65.7;"2022-10-24 21:56:24"
580;65.7;"2022-10-24 21:56:25"
581;65.7;"2022-10-24 21:56:26"
582;65.7;"2022-10-24 21:56:27"
583;65.7;"2022-10-24 21:56:28"
584;65.7;"2022-10-24 21:56:29"
585;65.7;"2022-10-24 21:56:30"
586;65.7;"2022-10-24 21:56:31"
587;65.7;"2022-10-24 21:56:32"
588;65.7;"2022-10-24 21:56:34"
589;65.8;"2022-10-24 21:56:35"
590;65.7;"2022-10-24 21:56:36"
591;65.8;"2022-10-24 21:56:37"
592;65.7;"2022-10-24 21:56:38"
593;65.7;"2022-10-24 21:56:39"
594;65.8;"2022-10-24 21:56:40"
595;65.9;"2022-10-24 21:56:41"
596;65.9;"2022-10-24 21:56:42"
597;65.9;"2022-10-24 21:56:43"
598;65.9;"2022-10-24 21:56:45"
599;65.9;"2022-10-24 21:56:46"
600;65.9;"2022-10-24 21:56:47"
601;65.9;"2022-10-24 21:56:48"
602;65.9;"2022-10-24 21:56:49"
603;66.0;"2022-10-24 21:56:50"
604;66.1;"2022-10-24 21:56:52"
605;66.1;"2022-10-24 21:56:53"
606;66.2;"2022-10-24 21:56:54"
607;66.2;"2022-10-24 21:56:55"
608;66.2;"2022-10-24 21:56:56"
609;66.1;"2022-10-24 21:56:57"
610;66.1;"2022-10-24 21:56:58"
611;66.1;"2022-10-24 21:56:59"
612;66.0;"2022-10-24 21:57:00"
613;66.0;"2022-10-24 21:57:01"
614;66.0;"2022-10-24 21:57:02"
615;65.8;"2022-10-24 21:57:03"
616;65.9;"2022-10-24 21:57:05"
617;65.9;"2022-10-24 21:57:06"
618;65.9;"2022-10-24 21:57:07"
619;65.9;"2022-10-24 21:57:08"
620;65.9;"2022-10-24 21:57:09"
621;65.9;"2022-10-24 21:57:10"
622;65.9;"2022-10-24 21:57:11"
623;65.9;"2022-10-24 21:57:12"
624;65.9;"2022-10-24 21:57:13"
625;65.9;"2022-10-24 21:57:15"
626;65.9;"2022-10-24 21:57:16"
627;66.0;"2022-10-24 21:57:17"
628;65.9;"2022-10-24 21:57:18"
629;66.0;"2022-10-24 21:57:19"
630;66.1;"2022-10-24 21:57:29"
631;66.1;"2022-10-24 21:57:30"
632;66.1;"2022-10-24 21:57:31"
633;66.1;"2022-10-24 21:57:32"
634;66.0;"2022-10-24 21:57:33"
635;65.9;"2022-10-24 21:57:34"
636;65.9;"2022-10-24 21:57:36"
637;66.1;"2022-10-24 21:57:37"
638;66.2;"2022-10-24 21:57:38"
639;66.1;"2022-10-24 21:57:39"
640;66.0;"2022-10-24 21:57:40"
641;65.8;"2022-10-24 21:57:41"
642;65.8;"2022-10-24 21:57:42"
643;65.8;"2022-10-24 21:57:43"
644;65.9;"2022-10-24 21:57:44"
645;66.0;"2022-10-24 21:57:46"
646;65.9;"2022-10-24 21:57:47"
647;65.9;"2022-10-24 21:57:48"
648;65.9;"2022-10-24 21:57:49"
649;65.8;"2022-10-24 21:57:50"
650;65.9;"2022-10-24 21:57:51"
651;65.8;"2022-10-24 21:57:52"
652;65.9;"2022-10-24 21:57:53"
653;65.8;"2022-10-24 21:57:54"
654;65.8;"2022-10-24 21:57:55"
655;65.9;"2022-10-24 21:57:56"
656;65.9;"2022-10-24 21:57:57"
657;65.9;"2022-10-24 21:57:58"
658;65.9;"2022-10-24 21:57:59"
659;65.9;"2022-10-24 21:58:00"
660;65.9;"2022-10-24 21:58:01"
661;65.9;"2022-10-24 21:58:03"
662;65.9;"2022-10-24 21:58:04"
663;65.9;"2022-10-24 21:58:05"
664;65.8;"2022-10-24 21:58:06"
665;65.8;"2022-10-24 21:58:07"
666;65.8;"2022-10-24 21:58:08"
667;65.8;"2022-10-24 21:58:09"
668;65.8;"2022-10-24 21:58:10"
669;65.8;"2022-10-24 21:58:11"
670;65.8;"2022-10-24 21:58:12"
671;65.7;"2022-10-24 21:58:13"
672;65.8;"2022-10-24 21:58:15"
673;65.7;"2022-10-24 21:58:16"
674;65.9;"2022-10-24 21:58:17"
675;65.9;"2022-10-24 21:58:18"
676;65.9;"2022-10-24 21:58:19"
677;65.8;"2022-10-24 21:58:20"
678;65.7;"2022-10-24 21:58:21"
679;65.7;"2022-10-24 21:58:22"
680;65.6;"2022-10-24 21:58:23"
681;65.6;"2022-10-24 21:58:24"
682;65.6;"2022-10-24 21:58:25"
683;65.6;"2022-10-24 21:58:26"
684;65.6;"2022-10-24 21:58:28"
685;65.6;"2022-10-24 21:58:29"
686;65.7;"2022-10-24 21:58:30"
687;65.6;"2022-10-24 21:58:31"
688;65.7;"2022-10-24 21:58:32"
689;65.6;"2022-10-24 21:58:33"
690;65.6;"2022-10-24 21:58:34"
691;65.7;"2022-10-24 21:58:35"
692;65.7;"2022-10-24 21:58:36"
693;65.9;"2022-10-24 21:58:37"
694;65.8;"2022-10-24 21:58:38"
695;65.8;"2022-10-24 21:58:40"
696;65.7;"2022-10-24 21:58:41"
697;65.9;"2022-10-24 21:58:42"
698;65.8;"2022-10-24 21:58:43"
699;65.7;"2022-10-24 21:58:44"
700;65.7;"2022-10-24 21:58:45"
701;65.6;"2022-10-24 21:58:46"
702;65.7;"2022-10-24 21:58:47"
703;65.7;"2022-10-24 21:58:48"
704;65.6;"2022-10-24 21:58:49"
705;65.7;"2022-10-24 21:58:51"
706;65.5;"2022-10-24 21:58:52"
707;65.7;"2022-10-24 21:58:53"
708;65.3;"2022-10-24 21:58:54"
709;65.3;"2022-10-24 21:58:55"
710;65.3;"2022-10-24 21:58:56"
711;65.3;"2022-10-24 21:58:57"
712;65.3;"2022-10-24 21:58:59"
713;65.2;"2022-10-24 21:59:00"
714;65.1;"2022-10-24 21:59:01"
715;65.2;"2022-10-24 21:59:02"
716;65.3;"2022-10-24 21:59:03"
717;65.2;"2022-10-24 21:59:04"
718;65.1;"2022-10-24 21:59:05"
719;65.2;"2022-10-24 21:59:06"
720;65.1;"2022-10-24 21:59:07"
721;65.1;"2022-10-24 21:59:08"
722;65.3;"2022-10-24 21:59:09"
723;65.2;"2022-10-24 21:59:11"
724;65.3;"2022-10-24 21:59:12"
725;65.2;"2022-10-24 21:59:13"
726;65.3;"2022-10-24 21:59:14"
727;65.3;"2022-10-24 21:59:15"
728;65.3;"2022-10-24 21:59:16"
729;65.3;"2022-10-24 21:59:17"
730;65.2;"2022-10-24 21:59:18"
731;65.3;"2022-10-24 21:59:19"
732;65.3;"2022-10-24 21:59:20"
733;65.3;"2022-10-24 21:59:22"
734;65.3;"2022-10-24 21:59:23"
735;65.3;"2022-10-24 21:59:24"
736;65.2;"2022-10-24 21:59:25"
737;65.2;"2022-10-24 21:59:26"
738;65.1;"2022-10-24 21:59:27"
739;65.0;"2022-10-24 21:59:28"
740;65.0;"2022-10-24 21:59:29"
741;65.0;"2022-10-24 21:59:30"
742;65.2;"2022-10-24 21:59:31"
743;65.0;"2022-10-24 21:59:32"
744;65.2;"2022-10-24 21:59:34"
745;65.3;"2022-10-24 21:59:35"
746;65.3;"2022-10-24 21:59:36"
747;65.2;"2022-10-24 21:59:37"
748;65.3;"2022-10-24 21:59:38"
749;65.3;"2022-10-24 21:59:39"
750;65.3;"2022-10-24 21:59:40"
751;65.2;"2022-10-24 21:59:41"
752;65.3;"2022-10-24 21:59:42"
753;65.2;"2022-10-24 21:59:43"
754;65.1;"2022-10-24 21:59:45"
755;65.1;"2022-10-24 21:59:46"
756;65.1;"2022-10-24 21:59:47"
757;65.1;"2022-10-24 21:59:48"
758;65.0;"2022-10-24 21:59:49"
759;65.1;"2022-10-24 21:59:50"
760;65.1;"2022-10-24 21:59:51"
761;65.1;"2022-10-24 21:59:52"
762;65.1;"2022-10-24 21:59:53"
763;65.1;"2022-10-24 21:59:55"
764;65.1;"2022-10-24 21:59:56"
765;65.1;"2022-10-24 21:59:57"
766;65.1;"2022-10-24 21:59:58"
767;65.1;"2022-10-24 21:59:59"
768;65.2;"2022-10-24 22:00:00"
769;65.2;"2022-10-24 22:00:01"
770;65.2;"2022-10-24 22:00:02"
771;65.2;"2022-10-24 22:00:03"
772;65.2;"2022-10-24 22:00:04"
773;65.4;"2022-10-24 22:00:06"
774;65.4;"2022-10-24 22:00:07"
775;65.5;"2022-10-24 22:00:08"
776;65.5;"2022-10-24 22:00:09"
777;65.5;"2022-10-24 22:00:10"
778;65.4;"2022-10-24 22:00:11"
779;65.9;"2022-10-24 22:00:12"
780;66.0;"2022-10-24 22:00:14"
781;66.1;"2022-10-24 22:00:15"
782;66.1;"2022-10-24 22:00:16"
783;66.2;"2022-10-24 22:00:17"
784;66.2;"2022-10-24 22:00:18"
785;66.3;"2022-10-24 22:00:19"
786;66.2;"2022-10-24 22:00:20"
787;66.1;"2022-10-24 22:00:21"
788;66.1;"2022-10-24 22:00:22"
789;66.1;"2022-10-24 22:00:23"
790;66.1;"2022-10-24 22:00:25"
791;66.0;"2022-10-24 22:00:26"
792;66.0;"2022-10-24 22:00:27"
793;66.0;"2022-10-24 22:00:28"
794;66.0;"2022-10-24 22:00:29"
795;66.0;"2022-10-24 22:00:30"
796;66.1;"2022-10-24 22:00:31"
797;66.1;"2022-10-24 22:00:32"
798;65.8;"2022-10-24 22:00:33"
799;65.9;"2022-10-24 22:00:34"
800;65.7;"2022-10-24 22:00:35"
801;65.7;"2022-10-24 22:00:36"
802;65.7;"2022-10-24 22:00:37"
803;65.7;"2022-10-24 22:00:38"
804;65.6;"2022-10-24 22:00:39"
805;65.6;"2022-10-24 22:00:41"
806;65.5;"2022-10-24 22:00:42"
807;65.5;"2022-10-24 22:00:43"
808;65.4;"2022-10-24 22:00:44"
809;65.6;"2022-10-24 22:00:45"
810;65.6;"2022-10-24 22:00:46"
811;65.7;"2022-10-24 22:00:47"
812;65.7;"2022-10-24 22:00:48"
813;65.6;"2022-10-24 22:00:49"
814;65.8;"2022-10-24 22:00:50"
815;65.7;"2022-10-24 22:00:51"
816;65.7;"2022-10-24 22:00:52"
817;65.6;"2022-10-24 22:00:54"
818;65.6;"2022-10-24 22:00:55"
819;65.6;"2022-10-24 22:00:56"
820;65.6;"2022-10-24 22:00:57"
821;65.5;"2022-10-24 22:00:58"
822;65.5;"2022-10-24 22:00:59"
823;65.6;"2022-10-24 22:01:00"
824;65.6;"2022-10-24 22:01:01"
825;65.6;"2022-10-24 22:01:02"
826;65.6;"2022-10-24 22:01:03"
827;65.6;"2022-10-24 22:01:05"
828;65.4;"2022-10-24 22:01:06"
829;65.6;"2022-10-24 22:01:07"
830;65.6;"2022-10-24 22:01:08"
831;65.6;"2022-10-24 22:01:09"
832;65.5;"2022-10-24 22:01:10"
833;65.5;"2022-10-24 22:01:11"
834;65.5;"2022-10-24 22:01:12"
835;65.4;"2022-10-24 22:01:13"
836;65.5;"2022-10-24 22:01:14"
837;65.5;"2022-10-24 22:01:16"
838;65.5;"2022-10-24 22:01:17"
839;65.3;"2022-10-24 22:01:18"
840;65.3;"2022-10-24 22:01:19"
841;65.7;"2022-10-24 22:01:20"
842;66.7;"2022-10-24 22:01:21"
843;67.2;"2022-10-24 22:01:22"
844;67.4;"2022-10-24 22:01:23"
845;67.3;"2022-10-24 22:01:25"
846;67.5;"2022-10-24 22:01:27"
847;67.4;"2022-10-24 22:01:28"
848;67.1;"2022-10-24 22:01:31"
849;67.2;"2022-10-24 22:01:32"
850;67.1;"2022-10-24 22:01:34"
851;67.4;"2022-10-24 22:01:36"
852;67.6;"2022-10-24 22:01:38"
853;68.0;"2022-10-24 22:01:41"
854;68.6;"2022-10-24 22:01:44"
855;68.8;"2022-10-24 22:01:46"
856;68.6;"2022-10-24 22:01:48"
857;68.4;"2022-10-24 22:01:51"
858;68.2;"2022-10-24 22:01:53"
859;68.3;"2022-10-24 22:01:55"
860;68.1;"2022-10-24 22:01:56"
861;68.1;"2022-10-24 22:01:58"
862;68.3;"2022-10-24 22:02:01"
863;68.5;"2022-10-24 22:02:02"
864;68.6;"2022-10-24 22:02:05"
865;68.6;"2022-10-24 22:02:07"
866;68.5;"2022-10-24 22:02:09"
867;68.4;"2022-10-24 22:02:11"
868;68.5;"2022-10-24 22:02:12"
869;68.6;"2022-10-24 22:02:14"
870;68.6;"2022-10-24 22:02:16"
871;69.3;"2022-10-24 22:02:18"
872;69.2;"2022-10-24 22:02:19"
873;69.2;"2022-10-24 22:02:21"
874;69.0;"2022-10-24 22:02:24"
875;68.9;"2022-10-24 22:02:26"
876;68.6;"2022-10-24 22:02:29"
877;68.4;"2022-10-24 22:02:30"
878;68.2;"2022-10-24 22:02:32"
879;68.2;"2022-10-24 22:02:34"
880;67.9;"2022-10-24 22:02:35"
881;67.9;"2022-10-24 22:02:36"
882;67.8;"2022-10-24 22:02:37"
883;67.9;"2022-10-24 22:02:38"
884;67.8;"2022-10-24 22:02:39"
885;67.8;"2022-10-24 22:02:40"
886;67.8;"2022-10-24 22:02:41"
887;67.8;"2022-10-24 22:02:43"
888;67.7;"2022-10-24 22:02:44"
889;67.7;"2022-10-24 22:02:45"
890;67.7;"2022-10-24 22:02:46"
891;67.7;"2022-10-24 22:02:47"
892;67.7;"2022-10-24 22:02:48"
893;67.5;"2022-10-24 22:02:49"
894;68.0;"2022-10-24 22:02:50"
895;68.3;"2022-10-24 22:02:51"
896;68.1;"2022-10-24 22:02:52"
897;68.0;"2022-10-24 22:02:54"
898;68.0;"2022-10-24 22:02:55"
899;67.9;"2022-10-24 22:02:56"
900;67.8;"2022-10-24 22:02:57"
901;68.0;"2022-10-24 22:02:58"
902;68.0;"2022-10-24 22:02:59"
903;67.9;"2022-10-24 22:03:00"
904;67.9;"2022-10-24 22:03:01"
905;68.0;"2022-10-24 22:03:02"
906;68.0;"2022-10-24 22:03:03"
907;68.1;"2022-10-24 22:03:05"
908;68.1;"2022-10-24 22:03:06"
909;67.7;"2022-10-24 22:03:07"
910;67.8;"2022-10-24 22:03:08"
911;67.8;"2022-10-24 22:03:09"
912;67.8;"2022-10-24 22:03:10"
913;67.8;"2022-10-24 22:03:11"
914;67.8;"2022-10-24 22:03:12"
915;67.8;"2022-10-24 22:03:13"
916;68.0;"2022-10-24 22:03:14"
917;68.0;"2022-10-24 22:03:16"
918;67.3;"2022-10-24 22:03:17"
919;67.5;"2022-10-24 22:03:18"
920;67.4;"2022-10-24 22:03:19"
921;67.3;"2022-10-24 22:03:20"
922;67.2;"2022-10-24 22:03:21"
923;67.3;"2022-10-24 22:03:22"
924;67.6;"2022-10-24 22:03:23"
925;67.7;"2022-10-24 22:03:24"
926;67.7;"2022-10-24 22:03:25"
927;67.6;"2022-10-24 22:03:26"
928;67.6;"2022-10-24 22:03:27"
929;67.5;"2022-10-24 22:03:28"
930;67.5;"2022-10-24 22:03:29"
931;67.5;"2022-10-24 22:03:30"
932;67.5;"2022-10-24 22:03:32"
933;67.7;"2022-10-24 22:03:33"
934;67.7;"2022-10-24 22:03:34"
935;67.7;"2022-10-24 22:03:35"
936;67.5;"2022-10-24 22:03:36"
937;67.7;"2022-10-24 22:03:37"
938;67.6;"2022-10-24 22:03:38"
939;67.6;"2022-10-24 22:03:39"
940;67.7;"2022-10-24 22:03:40"
941;67.7;"2022-10-24 22:03:41"
942;67.9;"2022-10-24 22:03:43"
943;68.0;"2022-10-24 22:03:44"
944;67.9;"2022-10-24 22:03:45"
945;67.9;"2022-10-24 22:03:46"
946;67.8;"2022-10-24 22:03:47"
947;67.9;"2022-10-24 22:03:48"
948;68.0;"2022-10-24 22:03:49"
949;68.1;"2022-10-24 22:03:50"
950;68.2;"2022-10-24 22:03:51"
951;68.3;"2022-10-24 22:03:52"
952;68.1;"2022-10-24 22:03:53"
953;68.0;"2022-10-24 22:03:54"
954;67.9;"2022-10-24 22:03:56"
955;68.0;"2022-10-24 22:03:57"
956;68.0;"2022-10-24 22:03:58"
957;67.9;"2022-10-24 22:03:59"
958;68.0;"2022-10-24 22:04:00"
959;67.9;"2022-10-24 22:04:01"
960;68.2;"2022-10-24 22:04:02"
961;68.1;"2022-10-24 22:04:04"
962;67.8;"2022-10-24 22:04:05"
963;67.8;"2022-10-24 22:04:07"
964;67.8;"2022-10-24 22:04:08"
965;68.0;"2022-10-24 22:04:09"
966;68.1;"2022-10-24 22:04:10"
967;67.9;"2022-10-24 22:04:11"
968;68.0;"2022-10-24 22:04:12"
969;67.9;"2022-10-24 22:04:13"
970;68.0;"2022-10-24 22:04:14"
971;68.0;"2022-10-24 22:04:15"
972;68.1;"2022-10-24 22:04:17"
973;68.2;"2022-10-24 22:04:18"
974;68.1;"2022-10-24 22:04:19"
975;67.8;"2022-10-24 22:04:20"
976;68.0;"2022-10-24 22:04:21"
977;68.0;"2022-10-24 22:04:22"
978;68.0;"2022-10-24 22:04:23"
979;67.9;"2022-10-24 22:04:24"
980;68.1;"2022-10-24 22:04:26"
981;68.1;"2022-10-24 22:04:27"
982;68.0;"2022-10-24 22:04:28"
983;68.0;"2022-10-24 22:04:29"
984;68.0;"2022-10-24 22:04:30"
985;67.8;"2022-10-24 22:04:31"
986;67.8;"2022-10-24 22:04:32"
987;67.8;"2022-10-24 22:04:33"
988;67.9;"2022-10-24 22:04:34"
989;68.0;"2022-10-24 22:04:35"
990;68.0;"2022-10-24 22:04:37"
991;68.0;"2022-10-24 22:04:38"
992;68.1;"2022-10-24 22:04:39"
993;67.7;"2022-10-24 22:04:40"
994;67.7;"2022-10-24 22:04:41"
995;67.5;"2022-10-24 22:04:42"
996;67.6;"2022-10-24 22:04:43"
997;67.7;"2022-10-24 22:04:44"
998;67.5;"2022-10-24 22:04:45"
999;67.4;"2022-10-24 22:04:46"
1000;67.5;"2022-10-24 22:04:47"
1001;67.5;"2022-10-24 22:04:48"
1002;67.7;"2022-10-24 22:04:50"
1003;67.7;"2022-10-24 22:04:51"
1004;67.8;"2022-10-24 22:04:52"
1005;67.6;"2022-10-24 22:04:53"
1006;67.6;"2022-10-24 22:04:54"
1007;67.6;"2022-10-24 22:04:55"
1008;67.6;"2022-10-24 22:04:56"
1009;67.6;"2022-10-24 22:04:57"
1010;67.8;"2022-10-24 22:04:59"
1011;67.8;"2022-10-24 22:05:00"
1012;67.9;"2022-10-24 22:05:01"
1013;67.8;"2022-10-24 22:05:02"
1014;67.7;"2022-10-24 22:05:03"
1015;68.0;"2022-10-24 22:05:04"
1016;68.0;"2022-10-24 22:05:05"
1017;67.8;"2022-10-24 22:05:06"
1018;67.8;"2022-10-24 22:05:07"
1019;67.9;"2022-10-24 22:05:09"
1020;67.8;"2022-10-24 22:05:10"
1021;67.5;"2022-10-24 22:05:11"
1022;68.0;"2022-10-24 22:05:12"
1023;68.1;"2022-10-24 22:05:13"
1024;67.9;"2022-10-24 22:05:14"
1025;67.8;"2022-10-24 22:05:15"
1026;67.9;"2022-10-24 22:05:16"
1027;67.8;"2022-10-24 22:05:17"
1028;67.8;"2022-10-24 22:05:18"
1029;67.7;"2022-10-24 22:05:19"
1030;67.7;"2022-10-24 22:05:21"
1031;67.6;"2022-10-24 22:05:22"
1032;67.8;"2022-10-24 22:05:23"
1033;67.7;"2022-10-24 22:05:24"
1034;67.9;"2022-10-24 22:05:25"
1035;67.9;"2022-10-24 22:05:27"
1036;67.8;"2022-10-24 22:05:28"
1037;67.6;"2022-10-24 22:05:29"
1038;67.8;"2022-10-24 22:05:30"
1039;67.8;"2022-10-24 22:05:31"
1040;67.8;"2022-10-24 22:05:32"
1041;67.8;"2022-10-24 22:05:33"
1042;67.8;"2022-10-24 22:05:34"
1043;67.8;"2022-10-24 22:05:36"
1044;68.3;"2022-10-24 22:05:38"
1045;68.7;"2022-10-24 22:05:39"
1046;68.3;"2022-10-24 22:05:40"
1047;68.4;"2022-10-24 22:05:41"
1048;68.4;"2022-10-24 22:05:42"
1049;68.3;"2022-10-24 22:05:43"
1050;67.9;"2022-10-24 22:05:44"
1051;68.2;"2022-10-24 22:05:45"
1052;68.2;"2022-10-24 22:05:46"
1053;68.3;"2022-10-24 22:05:48"
1054;68.2;"2022-10-24 22:05:49"
1055;68.4;"2022-10-24 22:05:50"
1056;68.3;"2022-10-24 22:05:51"
1057;68.5;"2022-10-24 22:05:53"
1058;68.8;"2022-10-24 22:05:54"
1059;68.6;"2022-10-24 22:05:55"
1060;68.8;"2022-10-24 22:05:56"
1061;68.5;"2022-10-24 22:05:57"
1062;68.3;"2022-10-24 22:05:58"
1063;68.3;"2022-10-24 22:05:59"
1064;68.5;"2022-10-24 22:06:00"
1065;68.5;"2022-10-24 22:06:01"
1066;68.7;"2022-10-24 22:06:03"
1067;68.7;"2022-10-24 22:06:04"
1068;68.6;"2022-10-24 22:06:05"
1069;68.6;"2022-10-24 22:06:06"
1070;68.5;"2022-10-24 22:06:07"
1071;68.0;"2022-10-24 22:06:08"
1072;68.0;"2022-10-24 22:06:09"
1073;68.0;"2022-10-24 22:06:10"
1074;68.0;"2022-10-24 22:06:11"
1075;68.0;"2022-10-24 22:06:12"
1076;68.0;"2022-10-24 22:06:13"
1077;67.9;"2022-10-24 22:06:15"
1078;68.0;"2022-10-24 22:06:16"
1079;67.8;"2022-10-24 22:06:17"
1080;67.8;"2022-10-24 22:06:18"
1081;67.8;"2022-10-24 22:06:19"
1082;67.7;"2022-10-24 22:06:20"
1083;67.7;"2022-10-24 22:06:21"
1084;67.7;"2022-10-24 22:06:22"
1085;67.8;"2022-10-24 22:06:23"
1086;67.8;"2022-10-24 22:06:24"
1087;67.9;"2022-10-24 22:06:26"
1088;68.0;"2022-10-24 22:06:27"
1089;68.2;"2022-10-24 22:06:28"
1090;69.3;"2022-10-24 22:06:30"
1091;68.3;"2022-10-24 22:06:31"
1092;68.7;"2022-10-24 22:06:32"
1093;69.9;"2022-10-24 22:06:33"
1094;69.0;"2022-10-24 22:06:34"
1095;68.9;"2022-10-24 22:06:36"
1096;68.8;"2022-10-24 22:06:37"
1097;68.6;"2022-10-24 22:06:38"
1098;68.5;"2022-10-24 22:06:39"
1099;69.0;"2022-10-24 22:06:40"
1100;68.6;"2022-10-24 22:06:41"
1101;70.1;"2022-10-24 22:06:42"
1102;68.8;"2022-10-24 22:06:43"
1103;68.9;"2022-10-24 22:06:45"
1104;68.9;"2022-10-24 22:06:46"
1105;68.9;"2022-10-24 22:06:47"
1106;68.8;"2022-10-24 22:06:48"
1107;68.8;"2022-10-24 22:06:49"
1108;69.0;"2022-10-24 22:06:50"
1109;69.1;"2022-10-24 22:06:51"
1110;69.4;"2022-10-24 22:06:53"
1111;69.2;"2022-10-24 22:06:54"
1112;68.8;"2022-10-24 22:06:55"
1113;68.9;"2022-10-24 22:06:56"
1114;68.8;"2022-10-24 22:06:57"
1115;68.8;"2022-10-24 22:06:58"
1116;68.7;"2022-10-24 22:07:00"
1117;69.0;"2022-10-24 22:07:01"
1118;69.1;"2022-10-24 22:07:02"
1119;68.8;"2022-10-24 22:07:03"
1120;68.9;"2022-10-24 22:07:04"
1121;69.0;"2022-10-24 22:07:06"
1122;68.9;"2022-10-24 22:07:07"
1123;68.8;"2022-10-24 22:07:09"
1124;68.7;"2022-10-24 22:07:10"
1125;68.7;"2022-10-24 22:07:11"
1126;68.7;"2022-10-24 22:07:12"
1127;68.6;"2022-10-24 22:07:13"
1128;68.6;"2022-10-24 22:07:14"
1129;68.7;"2022-10-24 22:07:15"
1130;68.5;"2022-10-24 22:07:16"
1131;69.0;"2022-10-24 22:07:17"
1132;69.1;"2022-10-24 22:07:18"
1133;69.1;"2022-10-24 22:07:19"
1134;69.0;"2022-10-24 22:07:20"
1135;69.0;"2022-10-24 22:07:22"
1136;69.1;"2022-10-24 22:07:23"
1137;69.0;"2022-10-24 22:07:24"
1138;69.1;"2022-10-24 22:07:25"
1139;69.1;"2022-10-24 22:07:26"
1140;68.8;"2022-10-24 22:07:27"
1141;68.3;"2022-10-24 22:07:28"
1142;68.2;"2022-10-24 22:07:29"
1143;68.4;"2022-10-24 22:07:30"
1144;68.7;"2022-10-24 22:07:32"
1145;68.7;"2022-10-24 22:07:33"
1146;68.9;"2022-10-24 22:07:34"
1147;69.1;"2022-10-24 22:07:35"
1148;69.0;"2022-10-24 22:07:36"
1149;68.9;"2022-10-24 22:07:37"
1150;68.9;"2022-10-24 22:07:38"
1151;68.9;"2022-10-24 22:07:39"
1152;68.9;"2022-10-24 22:07:40"
1153;68.8;"2022-10-24 22:07:41"
1154;69.0;"2022-10-24 22:07:43"
1155;69.1;"2022-10-24 22:07:44"
1156;69.1;"2022-10-24 22:07:45"
1157;68.9;"2022-10-24 22:07:46"
1158;69.1;"2022-10-24 22:07:47"
1159;69.0;"2022-10-24 22:07:48"
1160;69.2;"2022-10-24 22:07:49"
1161;69.2;"2022-10-24 22:07:50"
1162;69.7;"2022-10-24 22:07:51"
1163;69.9;"2022-10-24 22:07:52"
1164;69.9;"2022-10-24 22:07:54"
1165;69.9;"2022-10-24 22:07:55"
1166;69.7;"2022-10-24 22:07:56"
1167;70.0;"2022-10-24 22:07:57"
1168;69.9;"2022-10-24 22:07:58"
1169;70.1;"2022-10-24 22:07:59"
1170;69.7;"2022-10-24 22:08:00"
1171;69.8;"2022-10-24 22:08:01"
1172;69.8;"2022-10-24 22:08:02"
1173;69.7;"2022-10-24 22:08:03"
1174;69.5;"2022-10-24 22:08:05"
1175;69.5;"2022-10-24 22:08:06"
1176;69.5;"2022-10-24 22:08:07"
1177;69.5;"2022-10-24 22:08:08"
1178;69.4;"2022-10-24 22:08:09"
1179;69.2;"2022-10-24 22:08:10"
1180;69.4;"2022-10-24 22:08:11"
1181;69.4;"2022-10-24 22:08:12"
1182;69.2;"2022-10-24 22:08:13"
1183;69.4;"2022-10-24 22:08:14"
1184;69.5;"2022-10-24 22:08:15"
1185;69.6;"2022-10-24 22:08:17"
1186;69.1;"2022-10-24 22:08:18"
1187;69.2;"2022-10-24 22:08:19"
1188;69.7;"2022-10-24 22:08:20"
1189;69.6;"2022-10-24 22:08:21"
1190;69.6;"2022-10-24 22:08:22"
1191;69.9;"2022-10-24 22:08:23"
1192;69.9;"2022-10-24 22:08:24"
1193;69.6;"2022-10-24 22:08:26"
1194;69.5;"2022-10-24 22:08:27"
1195;69.4;"2022-10-24 22:08:28"
1196;69.4;"2022-10-24 22:08:29"
1197;69.4;"2022-10-24 22:08:30"
1198;69.4;"2022-10-24 22:08:31"
1199;69.4;"2022-10-24 22:08:32"
1200;69.6;"2022-10-24 22:08:33"
1201;69.7;"2022-10-24 22:08:34"
1202;69.7;"2022-10-24 22:08:35"
1203;69.7;"2022-10-24 22:08:36"
1204;69.6;"2022-10-24 22:08:38"
1205;69.6;"2022-10-24 22:08:39"
1206;69.3;"2022-10-24 22:08:40"
1207;69.4;"2022-10-24 22:08:41"
1208;69.3;"2022-10-24 22:08:42"
1209;69.4;"2022-10-24 22:08:43"
1210;69.3;"2022-10-24 22:08:44"
1211;69.5;"2022-10-24 22:08:45"
1212;69.6;"2022-10-24 22:08:46"
1213;69.4;"2022-10-24 22:08:47"
1214;69.6;"2022-10-24 22:08:48"
1215;69.7;"2022-10-24 22:08:49"
1216;69.8;"2022-10-24 22:08:50"
1217;69.4;"2022-10-24 22:08:51"
1218;69.7;"2022-10-24 22:08:53"
1219;66.8;"2022-10-24 22:08:54"
1220;67.6;"2022-10-24 22:08:55"
1221;67.5;"2022-10-24 22:08:56"
1222;67.6;"2022-10-24 22:08:57"
1223;67.4;"2022-10-24 22:08:59"
1224;67.9;"2022-10-24 22:09:00"
1225;67.5;"2022-10-24 22:09:01"
1226;66.8;"2022-10-24 22:09:02"
1227;67.2;"2022-10-24 22:09:03"
1228;67.3;"2022-10-24 22:09:04"
1229;67.6;"2022-10-24 22:09:05"
1230;67.4;"2022-10-24 22:09:06"
1231;67.5;"2022-10-24 22:09:07"
1232;67.6;"2022-10-24 22:09:08"
1233;67.6;"2022-10-24 22:09:09"
1234;67.9;"2022-10-24 22:09:10"
1235;66.9;"2022-10-24 22:09:12"
1236;67.7;"2022-10-24 22:09:13"
1237;67.9;"2022-10-24 22:09:14"
1238;67.7;"2022-10-24 22:09:15"
1239;67.7;"2022-10-24 22:09:17"
1240;67.4;"2022-10-24 22:09:18"
1241;67.4;"2022-10-24 22:09:19"
1242;67.3;"2022-10-24 22:09:20"
1243;67.2;"2022-10-24 22:09:21"
1244;67.2;"2022-10-24 22:09:22"
1245;67.4;"2022-10-24 22:09:24"
1246;67.4;"2022-10-24 22:09:25"
1247;67.4;"2022-10-24 22:09:26"
1248;67.3;"2022-10-24 22:09:27"
1249;66.9;"2022-10-24 22:09:28"
1250;66.1;"2022-10-24 22:09:29"
1251;66.1;"2022-10-24 22:09:30"
1252;66.1;"2022-10-24 22:09:31"
1253;66.4;"2022-10-24 22:09:32"
1254;66.2;"2022-10-24 22:09:34"
1255;66.5;"2022-10-24 22:09:35"
1256;66.7;"2022-10-24 22:09:36"
1257;66.7;"2022-10-24 22:09:37"
1258;66.7;"2022-10-24 22:09:38"
1259;66.9;"2022-10-24 22:09:39"
1260;66.4;"2022-10-24 22:09:40"
1261;66.3;"2022-10-24 22:09:42"
1262;66.1;"2022-10-24 22:09:43"
1263;66.4;"2022-10-24 22:09:44"
1264;66.5;"2022-10-24 22:09:45"
1265;66.3;"2022-10-24 22:09:46"
1266;66.1;"2022-10-24 22:09:47"
1267;66.5;"2022-10-24 22:09:48"
1268;66.9;"2022-10-24 22:09:49"
1269;67.1;"2022-10-24 22:09:51"
1270;66.4;"2022-10-24 22:09:52"
1271;66.4;"2022-10-24 22:09:53"
1272;66.4;"2022-10-24 22:09:54"
1273;66.2;"2022-10-24 22:09:55"
1274;66.4;"2022-10-24 22:09:57"
1275;66.5;"2022-10-24 22:09:58"
1276;66.5;"2022-10-24 22:09:59"
1277;66.3;"2022-10-24 22:10:01"
1278;66.5;"2022-10-24 22:10:02"
1279;66.4;"2022-10-24 22:10:03"
1280;66.6;"2022-10-24 22:10:04"
1281;66.7;"2022-10-24 22:10:05"
1282;66.9;"2022-10-24 22:10:06"
1283;67.0;"2022-10-24 22:10:07"
1284;66.7;"2022-10-24 22:10:09"
1285;66.7;"2022-10-24 22:10:10"
1286;66.5;"2022-10-24 22:10:11"
1287;66.4;"2022-10-24 22:10:12"
1288;66.3;"2022-10-24 22:10:13"
1289;66.2;"2022-10-24 22:10:14"
1290;66.3;"2022-10-24 22:10:15"
1291;66.5;"2022-10-24 22:10:16"
1292;66.5;"2022-10-24 22:10:17"
1293;66.8;"2022-10-24 22:10:18"
1294;66.9;"2022-10-24 22:10:20"
1295;66.9;"2022-10-24 22:10:21"
1296;66.8;"2022-10-24 22:10:22"
1297;66.7;"2022-10-24 22:10:23"
1298;66.4;"2022-10-24 22:10:24"
1299;66.8;"2022-10-24 22:10:25"
1300;66.8;"2022-10-24 22:10:26"
1301;66.8;"2022-10-24 22:10:27"
1302;66.8;"2022-10-24 22:10:28"
1303;66.7;"2022-10-24 22:10:29"
1304;66.7;"2022-10-24 22:10:31"
1305;66.6;"2022-10-24 22:10:32"
1306;66.7;"2022-10-24 22:10:33"
1307;66.5;"2022-10-24 22:10:34"
1308;66.4;"2022-10-24 22:10:35"
1309;66.6;"2022-10-24 22:10:36"
1310;66.4;"2022-10-24 22:10:37"
1311;66.4;"2022-10-24 22:10:38"
1312;66.4;"2022-10-24 22:10:39"
1313;66.4;"2022-10-24 22:10:41"
1314;66.0;"2022-10-24 22:10:42"
1315;66.0;"2022-10-24 22:10:43"
1316;66.0;"2022-10-24 22:10:44"
1317;66.0;"2022-10-24 22:10:45"
1318;65.9;"2022-10-24 22:10:46"
1319;66.0;"2022-10-24 22:10:47"
1320;66.0;"2022-10-24 22:10:48"
1321;66.1;"2022-10-24 22:10:49"
1322;66.3;"2022-10-24 22:10:50"
1323;66.3;"2022-10-24 22:10:51"
1324;66.4;"2022-10-24 22:10:52"
1325;66.3;"2022-10-24 22:10:53"
1326;66.6;"2022-10-24 22:10:55"
1327;66.2;"2022-10-24 22:10:56"
1328;66.2;"2022-10-24 22:10:57"
1329;66.2;"2022-10-24 22:10:58"
1330;66.5;"2022-10-24 22:10:59"
1331;66.5;"2022-10-24 22:11:00"
1332;66.3;"2022-10-24 22:11:01"
1333;66.5;"2022-10-24 22:11:02"
1334;66.4;"2022-10-24 22:11:03"
1335;66.5;"2022-10-24 22:11:04"
1336;66.4;"2022-10-24 22:11:05"
1337;66.6;"2022-10-24 22:11:06"
1338;66.6;"2022-10-24 22:11:07"
1339;66.6;"2022-10-24 22:11:09"
1340;66.6;"2022-10-24 22:11:10"
1341;66.5;"2022-10-24 22:11:11"
1342;66.4;"2022-10-24 22:11:12"
1343;66.4;"2022-10-24 22:11:13"
1344;66.5;"2022-10-24 22:11:14"
1345;66.7;"2022-10-24 22:11:15"
1346;67.0;"2022-10-24 22:11:16"
1347;67.1;"2022-10-24 22:11:18"
1348;67.3;"2022-10-24 22:11:19"
1349;67.2;"2022-10-24 22:11:20"
1350;67.3;"2022-10-24 22:11:21"
1351;67.3;"2022-10-24 22:11:22"
1352;67.2;"2022-10-24 22:11:23"
1353;67.2;"2022-10-24 22:11:24"
1354;67.1;"2022-10-24 22:11:25"
1355;67.1;"2022-10-24 22:11:26"
1356;67.0;"2022-10-24 22:11:27"
1357;67.0;"2022-10-24 22:11:29"
1358;66.9;"2022-10-24 22:11:30"
1359;67.0;"2022-10-24 22:11:31"
1360;67.2;"2022-10-24 22:11:32"
1361;67.3;"2022-10-24 22:11:33"
1362;67.2;"2022-10-24 22:11:34"
1363;67.1;"2022-10-24 22:11:36"
1364;67.1;"2022-10-24 22:11:37"
1365;67.1;"2022-10-24 22:11:38"
1366;67.2;"2022-10-24 22:11:39"
1367;67.1;"2022-10-24 22:11:40"
1368;67.1;"2022-10-24 22:11:41"
1369;66.8;"2022-10-24 22:11:42"
1370;67.2;"2022-10-24 22:11:43"
1371;67.2;"2022-10-24 22:11:44"
1372;67.2;"2022-10-24 22:11:45"
1373;67.2;"2022-10-24 22:11:46"
1374;67.0;"2022-10-24 22:11:48"
1375;66.9;"2022-10-24 22:11:49"
1376;66.9;"2022-10-24 22:11:50"
1377;66.8;"2022-10-24 22:11:51"
1378;67.1;"2022-10-24 22:11:52"
1379;67.0;"2022-10-24 22:11:53"
1380;67.1;"2022-10-24 22:11:54"
1381;67.3;"2022-10-24 22:11:55"
1382;67.3;"2022-10-24 22:11:56"
1383;66.9;"2022-10-24 22:11:57"
1384;66.9;"2022-10-24 22:11:58"
1385;66.9;"2022-10-24 22:11:59"
1386;66.9;"2022-10-24 22:12:00"
1387;66.8;"2022-10-24 22:12:01"
1388;66.8;"2022-10-24 22:12:02"
1389;66.8;"2022-10-24 22:12:04"
1390;66.8;"2022-10-24 22:12:05"
1391;66.7;"2022-10-24 22:12:06"
1392;66.6;"2022-10-24 22:12:07"
1393;66.7;"2022-10-24 22:12:08"
1394;66.8;"2022-10-24 22:12:09"
1395;66.8;"2022-10-24 22:12:10"
1396;66.7;"2022-10-24 22:12:11"
1397;66.7;"2022-10-24 22:12:12"
1398;66.7;"2022-10-24 22:12:13"
1399;66.6;"2022-10-24 22:12:14"
1400;66.6;"2022-10-24 22:12:15"
1401;66.7;"2022-10-24 22:12:16"
1402;66.7;"2022-10-24 22:12:18"
1403;66.8;"2022-10-24 22:12:19"
1404;66.7;"2022-10-24 22:12:20"
1405;66.8;"2022-10-24 22:12:21"
1406;66.8;"2022-10-24 22:12:22"
1407;66.9;"2022-10-24 22:12:23"
1408;66.9;"2022-10-24 22:12:24"
1409;66.9;"2022-10-24 22:12:25"
1410;66.9;"2022-10-24 22:12:26"
1411;67.0;"2022-10-24 22:12:27"
1412;66.9;"2022-10-24 22:12:28"
1413;66.8;"2022-10-24 22:12:30"
1414;66.8;"2022-10-24 22:12:31"
1415;66.8;"2022-10-24 22:12:32"
1416;66.8;"2022-10-24 22:12:33"
1417;66.6;"2022-10-24 22:12:34"
1418;66.9;"2022-10-24 22:12:35"
1419;67.0;"2022-10-24 22:12:36"
1420;67.0;"2022-10-24 22:12:37"
1421;67.2;"2022-10-24 22:12:38"
1422;67.0;"2022-10-24 22:12:39"
1423;67.1;"2022-10-24 22:12:40"
1424;67.0;"2022-10-24 22:12:41"
1425;67.2;"2022-10-24 22:12:42"
1426;67.0;"2022-10-24 22:12:43"
1427;67.0;"2022-10-24 22:12:44"
1428;67.2;"2022-10-24 22:12:46"
1429;67.1;"2022-10-24 22:12:47"
1430;67.1;"2022-10-24 22:12:48"
1431;67.0;"2022-10-24 22:12:49"
1432;67.0;"2022-10-24 22:12:50"
1433;67.1;"2022-10-24 22:12:51"
1434;66.8;"2022-10-24 22:12:52"
1435;67.0;"2022-10-24 22:12:53"
1436;66.9;"2022-10-24 22:12:55"
1437;67.3;"2022-10-24 22:12:56"
1438;67.4;"2022-10-24 22:12:57"
1439;67.3;"2022-10-24 22:12:58"
1440;67.2;"2022-10-24 22:13:00"
1441;67.2;"2022-10-24 22:13:01"
1442;66.8;"2022-10-24 22:13:02"
1443;67.1;"2022-10-24 22:13:03"
1444;67.1;"2022-10-24 22:13:04"
1445;67.2;"2022-10-24 22:13:06"
1446;67.2;"2022-10-24 22:13:07"
1447;67.3;"2022-10-24 22:13:08"
1448;67.2;"2022-10-24 22:13:09"
1449;66.8;"2022-10-24 22:13:10"
1450;66.8;"2022-10-24 22:13:11"
1451;66.8;"2022-10-24 22:13:12"
1452;66.9;"2022-10-24 22:13:14"
1453;67.1;"2022-10-24 22:13:15"
1454;66.7;"2022-10-24 22:13:16"
1455;66.8;"2022-10-24 22:13:17"
1456;66.8;"2022-10-24 22:13:18"
1457;66.8;"2022-10-24 22:13:19"
1458;66.6;"2022-10-24 22:13:20"
1459;66.6;"2022-10-24 22:13:21"
1460;66.8;"2022-10-24 22:13:22"
1461;66.9;"2022-10-24 22:13:24"
1462;66.9;"2022-10-24 22:13:25"
1463;67.1;"2022-10-24 22:13:26"
1464;67.3;"2022-10-24 22:13:27"
1465;67.4;"2022-10-24 22:13:28"
1466;67.5;"2022-10-24 22:13:29"
1467;67.4;"2022-10-24 22:13:30"
1468;67.1;"2022-10-24 22:13:32"
1469;66.9;"2022-10-24 22:13:33"
1470;67.5;"2022-10-24 22:13:34"
1471;67.2;"2022-10-24 22:13:35"
1472;67.3;"2022-10-24 22:13:36"
1473;66.9;"2022-10-24 22:13:37"
1474;66.9;"2022-10-24 22:13:38"
1475;67.1;"2022-10-24 22:13:39"
1476;67.2;"2022-10-24 22:13:41"
1477;67.3;"2022-10-24 22:13:42"
1478;66.9;"2022-10-24 22:13:43"
1479;67.1;"2022-10-24 22:13:44"
1480;67.1;"2022-10-24 22:13:45"
1481;67.1;"2022-10-24 22:13:46"
1482;67.0;"2022-10-24 22:13:47"
1483;67.0;"2022-10-24 22:13:48"
1484;67.0;"2022-10-24 22:13:49"
1485;67.4;"2022-10-24 22:13:50"
1486;67.0;"2022-10-24 22:13:52"
1487;66.9;"2022-10-24 22:13:53"
1488;67.0;"2022-10-24 22:13:54"
1489;66.9;"2022-10-24 22:13:55"
1490;67.1;"2022-10-24 22:13:56"
1491;66.7;"2022-10-24 22:13:58"
1492;66.6;"2022-10-24 22:13:59"
1493;66.6;"2022-10-24 22:14:00"
1494;66.5;"2022-10-24 22:14:01"
1495;66.5;"2022-10-24 22:14:02"
1496;66.5;"2022-10-24 22:14:03"
1497;66.5;"2022-10-24 22:14:04"
1498;66.6;"2022-10-24 22:14:05"
1499;66.5;"2022-10-24 22:14:07"
1500;66.5;"2022-10-24 22:14:09"
1501;66.2;"2022-10-24 22:14:10"
1502;66.2;"2022-10-24 22:14:11"
1503;66.3;"2022-10-24 22:14:12"
1504;66.3;"2022-10-24 22:14:14"
1505;66.2;"2022-10-24 22:14:15"
1506;66.2;"2022-10-24 22:14:16"
1507;66.2;"2022-10-24 22:14:17"
1508;66.2;"2022-10-24 22:14:18"
1509;66.2;"2022-10-24 22:14:19"
1510;66.4;"2022-10-24 22:14:20"
1511;66.5;"2022-10-24 22:14:21"
1512;66.5;"2022-10-24 22:14:22"
1513;66.4;"2022-10-24 22:14:23"
1514;66.5;"2022-10-24 22:14:25"
1515;66.6;"2022-10-24 22:14:26"
1516;66.8;"2022-10-24 22:14:27"
1517;67.0;"2022-10-24 22:14:28"
1518;66.6;"2022-10-24 22:14:30"
1519;66.9;"2022-10-24 22:14:31"
1520;66.7;"2022-10-24 22:14:32"
1521;66.7;"2022-10-24 22:14:33"
1522;66.7;"2022-10-24 22:14:34"
1523;66.6;"2022-10-24 22:14:35"
1524;66.5;"2022-10-24 22:14:36"
1525;66.5;"2022-10-24 22:14:37"
1526;66.5;"2022-10-24 22:14:38"
1527;66.6;"2022-10-24 22:14:39"
1528;66.6;"2022-10-24 22:14:41"
1529;66.6;"2022-10-24 22:14:42"
1530;66.6;"2022-10-24 22:14:43"
1531;66.7;"2022-10-24 22:14:44"
1532;66.4;"2022-10-24 22:14:45"
1533;66.8;"2022-10-24 22:14:46"
1534;66.7;"2022-10-24 22:14:47"
1535;66.6;"2022-10-24 22:14:48"
1536;66.6;"2022-10-24 22:14:49"
1537;66.6;"2022-10-24 22:14:50"
1538;66.6;"2022-10-24 22:14:51"
1539;66.1;"2022-10-24 22:14:52"
1540;66.1;"2022-10-24 22:14:54"
1541;66.1;"2022-10-24 22:14:55"
1542;66.1;"2022-10-24 22:14:56"
1543;66.0;"2022-10-24 22:14:57"
1544;66.2;"2022-10-24 22:14:58"
1545;66.0;"2022-10-24 22:14:59"
1546;66.1;"2022-10-24 22:15:00"
1547;66.1;"2022-10-24 22:15:01"
1548;66.1;"2022-10-24 22:15:02"
1549;66.1;"2022-10-24 22:15:03"
1550;66.0;"2022-10-24 22:15:04"
1551;65.8;"2022-10-24 22:15:05"
1552;66.0;"2022-10-24 22:15:06"
1553;66.1;"2022-10-24 22:15:07"
1554;66.1;"2022-10-24 22:15:09"
1555;66.0;"2022-10-24 22:15:10"
1556;66.0;"2022-10-24 22:15:11"
1557;66.0;"2022-10-24 22:15:12"
1558;66.1;"2022-10-24 22:15:13"
1559;66.3;"2022-10-24 22:15:14"
1560;66.4;"2022-10-24 22:15:15"
1561;66.6;"2022-10-24 22:15:16"
1562;67.1;"2022-10-24 22:15:17"
1563;67.1;"2022-10-24 22:15:18"
1564;67.0;"2022-10-24 22:15:19"
1565;66.9;"2022-10-24 22:15:20"
1566;66.8;"2022-10-24 22:15:22"
1567;66.9;"2022-10-24 22:15:23"
1568;66.9;"2022-10-24 22:15:24"
1569;66.9;"2022-10-24 22:15:25"
1570;66.9;"2022-10-24 22:15:26"
1571;66.8;"2022-10-24 22:15:27"
1572;66.8;"2022-10-24 22:15:28"
1573;66.6;"2022-10-24 22:15:29"
1574;66.6;"2022-10-24 22:15:30"
1575;66.5;"2022-10-24 22:15:31"
1576;66.4;"2022-10-24 22:15:33"
1577;66.2;"2022-10-24 22:15:34"
1578;66.2;"2022-10-24 22:15:35"
1579;66.2;"2022-10-24 22:15:36"
1580;66.2;"2022-10-24 22:15:37"
1581;66.0;"2022-10-24 22:15:38"
1582;66.3;"2022-10-24 22:15:39"
1583;66.3;"2022-10-24 22:15:41"
1584;66.2;"2022-10-24 22:15:42"
1585;66.1;"2022-10-24 22:15:43"
1586;66.0;"2022-10-24 22:15:44"
1587;66.0;"2022-10-24 22:15:45"
1588;66.2;"2022-10-24 22:15:46"
1589;66.2;"2022-10-24 22:15:47"
1590;66.3;"2022-10-24 22:15:48"
1591;66.4;"2022-10-24 22:15:49"
1592;66.4;"2022-10-24 22:15:50"
1593;66.1;"2022-10-24 22:15:52"
1594;66.1;"2022-10-24 22:15:53"
1595;66.1;"2022-10-24 22:15:54"
1596;66.1;"2022-10-24 22:15:55"
1597;66.1;"2022-10-24 22:15:56"
1598;66.2;"2022-10-24 22:15:57"
1599;66.2;"2022-10-24 22:15:58"
1600;66.2;"2022-10-24 22:15:59"
1601;66.4;"2022-10-24 22:16:00"
1602;66.5;"2022-10-24 22:16:02"
1603;66.4;"2022-10-24 22:16:03"
1604;66.4;"2022-10-24 22:16:04"
1605;66.2;"2022-10-24 22:16:05"
1606;66.1;"2022-10-24 22:16:06"
1607;66.1;"2022-10-24 22:16:07"
1608;66.3;"2022-10-24 22:16:08"
1609;66.4;"2022-10-24 22:16:09"
1610;66.3;"2022-10-24 22:16:11"
1611;66.5;"2022-10-24 22:16:12"
1612;66.6;"2022-10-24 22:16:13"
1613;66.5;"2022-10-24 22:16:14"
1614;66.4;"2022-10-24 22:16:15"
1615;66.3;"2022-10-24 22:16:16"
1616;66.4;"2022-10-24 22:16:17"
1617;66.4;"2022-10-24 22:16:18"
1618;66.5;"2022-10-24 22:16:20"
1619;66.3;"2022-10-24 22:16:21"
1620;66.5;"2022-10-24 22:16:22"
1621;66.4;"2022-10-24 22:16:23"
1622;66.5;"2022-10-24 22:16:24"
1623;66.6;"2022-10-24 22:16:25"
1624;66.6;"2022-10-24 22:16:26"
1625;66.7;"2022-10-24 22:16:27"
1626;66.8;"2022-10-24 22:16:29"
1627;66.8;"2022-10-24 22:16:30"
1628;66.8;"2022-10-24 22:16:31"
1629;66.6;"2022-10-24 22:16:32"
1630;66.6;"2022-10-24 22:16:33"
1631;66.9;"2022-10-24 22:16:34"
1632;67.0;"2022-10-24 22:16:35"
1633;67.0;"2022-10-24 22:16:36"
1634;66.7;"2022-10-24 22:16:37"
1635;66.7;"2022-10-24 22:16:38"
1636;66.8;"2022-10-24 22:16:40"
1637;66.6;"2022-10-24 22:16:41"
1638;66.7;"2022-10-24 22:16:42"
1639;67.1;"2022-10-24 22:16:43"
1640;66.9;"2022-10-24 22:16:44"
1641;66.9;"2022-10-24 22:16:45"
1642;67.0;"2022-10-24 22:16:46"
1643;67.0;"2022-10-24 22:16:47"
1644;66.9;"2022-10-24 22:16:48"
1645;66.7;"2022-10-24 22:16:49"
1646;66.8;"2022-10-24 22:16:51"
1647;66.7;"2022-10-24 22:16:52"
1648;66.8;"2022-10-24 22:16:53"
1649;66.8;"2022-10-24 22:16:54"
1650;66.9;"2022-10-24 22:16:55"
1651;67.3;"2022-10-24 22:16:56"
1652;67.0;"2022-10-24 22:16:58"
1653;67.0;"2022-10-24 22:16:59"
1654;67.0;"2022-10-24 22:17:00"
1655;66.9;"2022-10-24 22:17:01"
1656;67.1;"2022-10-24 22:17:02"
1657;67.4;"2022-10-24 22:17:03"
1658;67.2;"2022-10-24 22:17:04"
1659;67.3;"2022-10-24 22:17:06"
1660;67.2;"2022-10-24 22:17:07"
1661;67.0;"2022-10-24 22:17:08"
1662;67.0;"2022-10-24 22:17:09"
1663;66.8;"2022-10-24 22:17:10"
1664;66.8;"2022-10-24 22:17:11"
1665;66.8;"2022-10-24 22:17:12"
1666;66.5;"2022-10-24 22:17:13"
1667;66.5;"2022-10-24 22:17:14"
1668;66.5;"2022-10-24 22:17:15"
1669;66.4;"2022-10-24 22:17:17"
1670;66.3;"2022-10-24 22:17:18"
1671;66.2;"2022-10-24 22:17:19"
1672;66.2;"2022-10-24 22:17:20"
1673;66.3;"2022-10-24 22:17:21"
1674;66.5;"2022-10-24 22:17:22"
1675;66.7;"2022-10-24 22:17:23"
1676;67.3;"2022-10-24 22:17:24"
1677;67.2;"2022-10-24 22:17:25"
1678;67.2;"2022-10-24 22:17:26"
1679;67.1;"2022-10-24 22:17:28"
1680;67.1;"2022-10-24 22:17:29"
1681;67.2;"2022-10-24 22:17:30"
1682;66.9;"2022-10-24 22:17:31"
1683;67.0;"2022-10-24 22:17:32"
1684;66.7;"2022-10-24 22:17:33"
1685;66.5;"2022-10-24 22:17:34"
1686;66.4;"2022-10-24 22:17:35"
1687;66.5;"2022-10-24 22:17:36"
1688;66.5;"2022-10-24 22:17:37"
1689;66.6;"2022-10-24 22:17:39"
1690;66.6;"2022-10-24 22:17:40"
1691;66.5;"2022-10-24 22:17:41"
1692;66.5;"2022-10-24 22:17:42"
1693;66.5;"2022-10-24 22:17:43"
1694;66.5;"2022-10-24 22:17:44"
1695;66.7;"2022-10-24 22:17:45"
1696;66.8;"2022-10-24 22:17:46"
1697;66.8;"2022-10-24 22:17:47"
1698;66.9;"2022-10-24 22:17:48"
1699;67.3;"2022-10-24 22:17:50"
1700;67.0;"2022-10-24 22:17:51"
1701;66.9;"2022-10-24 22:17:52"
1702;66.9;"2022-10-24 22:17:53"
1703;66.7;"2022-10-24 22:17:54"
1704;66.9;"2022-10-24 22:17:55"
1705;66.8;"2022-10-24 22:17:56"
1706;66.8;"2022-10-24 22:17:57"
1707;66.7;"2022-10-24 22:17:58"
1708;66.4;"2022-10-24 22:18:00"
1709;66.6;"2022-10-24 22:18:01"
1710;66.8;"2022-10-24 22:18:02"
1711;67.1;"2022-10-24 22:18:03"
1712;67.2;"2022-10-24 22:18:04"
1713;67.2;"2022-10-24 22:18:05"
1714;67.0;"2022-10-24 22:18:06"
1715;67.1;"2022-10-24 22:18:07"
1716;67.0;"2022-10-24 22:18:09"
1717;67.0;"2022-10-24 22:18:10"
1718;66.8;"2022-10-24 22:18:11"
1719;66.8;"2022-10-24 22:18:12"
1720;66.8;"2022-10-24 22:18:13"
1721;67.1;"2022-10-24 22:18:14"
1722;67.1;"2022-10-24 22:18:15"
1723;66.9;"2022-10-24 22:18:16"
1724;66.9;"2022-10-24 22:18:17"
1725;66.8;"2022-10-24 22:18:19"
1726;67.0;"2022-10-24 22:18:20"
1727;67.2;"2022-10-24 22:18:21"
1728;67.4;"2022-10-24 22:18:22"
1729;67.3;"2022-10-24 22:18:23"
1730;67.3;"2022-10-24 22:18:24"
1731;67.4;"2022-10-24 22:18:25"
1732;67.3;"2022-10-24 22:18:26"
1733;67.3;"2022-10-24 22:18:27"
1734;67.4;"2022-10-24 22:18:28"
1735;66.7;"2022-10-24 22:18:29"
1736;67.1;"2022-10-24 22:18:30"
1737;67.0;"2022-10-24 22:18:32"
1738;67.2;"2022-10-24 22:18:33"
1739;67.9;"2022-10-24 22:18:34"
1740;67.8;"2022-10-24 22:18:35"
1741;68.0;"2022-10-24 22:18:36"
1742;68.1;"2022-10-24 22:18:37"
1743;68.0;"2022-10-24 22:18:39"
1744;67.7;"2022-10-24 22:18:40"
1745;68.1;"2022-10-24 22:18:41"
1746;68.1;"2022-10-24 22:18:42"
1747;68.1;"2022-10-24 22:18:43"
1748;68.1;"2022-10-24 22:18:44"
1749;68.0;"2022-10-24 22:18:45"
1750;68.0;"2022-10-24 22:18:46"
1751;67.9;"2022-10-24 22:18:47"
1752;68.1;"2022-10-24 22:18:48"
1753;68.1;"2022-10-24 22:18:50"
1754;68.1;"2022-10-24 22:18:51"
1755;68.1;"2022-10-24 22:18:52"
1756;68.2;"2022-10-24 22:18:53"
1757;68.1;"2022-10-24 22:18:54"
1758;68.0;"2022-10-24 22:18:55"
1759;68.0;"2022-10-24 22:18:56"
1760;68.0;"2022-10-24 22:18:57"
1761;67.8;"2022-10-24 22:18:58"
1762;67.5;"2022-10-24 22:18:59"
1763;67.6;"2022-10-24 22:19:00"
1764;67.5;"2022-10-24 22:19:01"
1765;67.3;"2022-10-24 22:19:03"
1766;67.3;"2022-10-24 22:19:04"
1767;67.3;"2022-10-24 22:19:05"
1768;67.5;"2022-10-24 22:19:06"
1769;67.5;"2022-10-24 22:19:07"
1770;67.3;"2022-10-24 22:19:09"
1771;67.6;"2022-10-24 22:19:10"
1772;67.5;"2022-10-24 22:19:11"
1773;67.4;"2022-10-24 22:19:12"
1774;67.7;"2022-10-24 22:19:13"
1775;67.7;"2022-10-24 22:19:14"
1776;67.7;"2022-10-24 22:19:15"
1777;67.7;"2022-10-24 22:19:16"
1778;67.7;"2022-10-24 22:19:17"
1779;67.8;"2022-10-24 22:19:18"
1780;67.4;"2022-10-24 22:19:20"
1781;67.4;"2022-10-24 22:19:21"
1782;67.4;"2022-10-24 22:19:22"
1783;67.2;"2022-10-24 22:19:23"
1784;67.3;"2022-10-24 22:19:24"
1785;67.3;"2022-10-24 22:19:25"
1786;67.3;"2022-10-24 22:19:27"
1787;67.3;"2022-10-24 22:19:28"
1788;67.3;"2022-10-24 22:19:29"
1789;67.1;"2022-10-24 22:19:30"
1790;66.8;"2022-10-24 22:19:31"
1791;66.7;"2022-10-24 22:19:32"
1792;66.9;"2022-10-24 22:19:33"
1793;66.8;"2022-10-24 22:19:34"
1794;67.0;"2022-10-24 22:19:35"
1795;67.1;"2022-10-24 22:19:36"
1796;66.9;"2022-10-24 22:19:37"
1797;67.0;"2022-10-24 22:19:38"
1798;66.9;"2022-10-24 22:19:39"
1799;66.9;"2022-10-24 22:19:41"
1800;66.8;"2022-10-24 22:19:42"
1801;66.7;"2022-10-24 22:19:43"
1802;66.6;"2022-10-24 22:19:44"
1803;66.7;"2022-10-24 22:19:45"
1804;66.8;"2022-10-24 22:19:46"
1805;66.8;"2022-10-24 22:19:47"
1806;66.9;"2022-10-24 22:19:48"
1807;66.9;"2022-10-24 22:19:49"
1808;66.9;"2022-10-24 22:19:51"
1809;66.5;"2022-10-24 22:19:52"
1810;66.6;"2022-10-24 22:19:53"
1811;66.6;"2022-10-24 22:19:54"
1812;66.6;"2022-10-24 22:19:55"
1813;66.6;"2022-10-24 22:19:56"
1814;66.7;"2022-10-24 22:19:57"
1815;66.8;"2022-10-24 22:19:58"
1816;66.9;"2022-10-24 22:19:59"
1817;66.7;"2022-10-24 22:20:00"
1818;66.8;"2022-10-24 22:20:01"
1819;66.9;"2022-10-24 22:20:03"
1820;66.9;"2022-10-24 22:20:04"
1821;66.8;"2022-10-24 22:20:05"
1822;66.6;"2022-10-24 22:20:06"
1823;66.8;"2022-10-24 22:20:07"
1824;66.7;"2022-10-24 22:20:08"
1825;66.7;"2022-10-24 22:20:09"
1826;66.7;"2022-10-24 22:20:10"
1827;66.7;"2022-10-24 22:20:11"
1828;66.7;"2022-10-24 22:20:12"
1829;66.7;"2022-10-24 22:20:14"
1830;66.6;"2022-10-24 22:20:15"
1831;66.7;"2022-10-24 22:20:16"
1832;66.6;"2022-10-24 22:20:17"
1833;66.6;"2022-10-24 22:20:18"
1834;66.6;"2022-10-24 22:20:19"
1835;66.8;"2022-10-24 22:20:20"
1836;66.8;"2022-10-24 22:20:21"
1837;66.1;"2022-10-24 22:20:22"
1838;66.2;"2022-10-24 22:20:24"
1839;66.1;"2022-10-24 22:20:25"
1840;66.2;"2022-10-24 22:20:26"
1841;66.2;"2022-10-24 22:20:27"
1842;66.1;"2022-10-24 22:20:28"
1843;66.2;"2022-10-24 22:20:29"
1844;66.2;"2022-10-24 22:20:30"
1845;66.3;"2022-10-24 22:20:31"
1846;66.4;"2022-10-24 22:20:32"
1847;66.4;"2022-10-24 22:20:33"
1848;66.4;"2022-10-24 22:20:35"
1849;66.5;"2022-10-24 22:20:36"
1850;66.4;"2022-10-24 22:20:37"
1851;66.4;"2022-10-24 22:20:38"
1852;66.4;"2022-10-24 22:20:39"
1853;66.3;"2022-10-24 22:20:40"
1854;66.2;"2022-10-24 22:20:41"
1855;66.1;"2022-10-24 22:20:42"
1856;66.1;"2022-10-24 22:20:43"
1857;66.1;"2022-10-24 22:20:44"
1858;66.3;"2022-10-24 22:20:45"
1859;66.3;"2022-10-24 22:20:46"
1860;66.3;"2022-10-24 22:20:47"
1861;66.3;"2022-10-24 22:20:48"
1862;66.4;"2022-10-24 22:20:50"
1863;66.7;"2022-10-24 22:20:51"
1864;66.4;"2022-10-24 22:20:52"
1865;66.4;"2022-10-24 22:20:53"
1866;66.4;"2022-10-24 22:20:54"
1867;66.4;"2022-10-24 22:20:55"
1868;66.3;"2022-10-24 22:20:56"
1869;66.4;"2022-10-24 22:20:57"
1870;66.3;"2022-10-24 22:20:58"
1871;66.4;"2022-10-24 22:20:59"
1872;66.6;"2022-10-24 22:21:00"
1873;66.7;"2022-10-24 22:21:01"
1874;66.7;"2022-10-24 22:21:02"
1875;66.6;"2022-10-24 22:21:04"
1876;66.6;"2022-10-24 22:21:05"
1877;66.6;"2022-10-24 22:21:06"
1878;66.4;"2022-10-24 22:21:07"
1879;66.4;"2022-10-24 22:21:08"
1880;66.4;"2022-10-24 22:21:09"
1881;66.5;"2022-10-24 22:21:11"
1882;66.5;"2022-10-24 22:21:12"
1883;66.7;"2022-10-24 22:21:13"
1884;66.7;"2022-10-24 22:21:14"
1885;66.7;"2022-10-24 22:21:15"
1886;66.6;"2022-10-24 22:21:16"
1887;66.7;"2022-10-24 22:21:17"
1888;66.7;"2022-10-24 22:21:18"
1889;66.6;"2022-10-24 22:21:19"
1890;66.8;"2022-10-24 22:21:20"
1891;66.8;"2022-10-24 22:21:21"
1892;66.7;"2022-10-24 22:21:22"
1893;66.6;"2022-10-24 22:21:24"
1894;66.6;"2022-10-24 22:21:25"
1895;66.7;"2022-10-24 22:21:26"
1896;66.8;"2022-10-24 22:21:27"
1897;66.8;"2022-10-24 22:21:28"
1898;66.7;"2022-10-24 22:21:29"
1899;66.8;"2022-10-24 22:21:30"
1900;66.8;"2022-10-24 22:21:31"
1901;66.8;"2022-10-24 22:21:32"
1902;66.9;"2022-10-24 22:21:33"
1903;66.9;"2022-10-24 22:21:35"
1904;66.7;"2022-10-24 22:21:36"
1905;66.8;"2022-10-24 22:21:37"
1906;66.6;"2022-10-24 22:21:38"
1907;66.8;"2022-10-24 22:21:39"
1908;66.6;"2022-10-24 22:21:40"
1909;66.8;"2022-10-24 22:21:41"
1910;66.7;"2022-10-24 22:21:42"
1911;66.8;"2022-10-24 22:21:43"
1912;66.8;"2022-10-24 22:21:44"
1913;67.0;"2022-10-24 22:21:45"
1914;66.9;"2022-10-24 22:21:46"
1915;66.7;"2022-10-24 22:21:48"
1916;66.8;"2022-10-24 22:21:49"
1917;66.8;"2022-10-24 22:21:50"
1918;66.8;"2022-10-24 22:21:51"
1919;66.8;"2022-10-24 22:21:52"
1920;66.8;"2022-10-24 22:21:53"
1921;66.6;"2022-10-24 22:21:54"
1922;66.5;"2022-10-24 22:21:55"
1923;66.5;"2022-10-24 22:21:56"
1924;66.5;"2022-10-24 22:21:57"
1925;66.5;"2022-10-24 22:21:58"
1926;66.5;"2022-10-24 22:22:00"
1927;66.6;"2022-10-24 22:22:01"
1928;66.6;"2022-10-24 22:22:02"
1929;66.7;"2022-10-24 22:22:03"
1930;66.4;"2022-10-24 22:22:04"
1931;66.5;"2022-10-24 22:22:05"
1932;66.7;"2022-10-24 22:22:06"
1933;66.7;"2022-10-24 22:22:07"
1934;66.6;"2022-10-24 22:22:08"
1935;66.6;"2022-10-24 22:22:09"
1936;66.6;"2022-10-24 22:22:10"
1937;66.6;"2022-10-24 22:22:11"
1938;66.7;"2022-10-24 22:22:12"
1939;66.7;"2022-10-24 22:22:14"
1940;66.4;"2022-10-24 22:22:15"
1941;66.2;"2022-10-24 22:22:16"
1942;66.3;"2022-10-24 22:22:17"
1943;66.1;"2022-10-24 22:22:18"
1944;66.2;"2022-10-24 22:22:19"
1945;66.2;"2022-10-24 22:22:20"
1946;66.2;"2022-10-24 22:22:21"
1947;66.1;"2022-10-24 22:22:22"
1948;66.2;"2022-10-24 22:22:23"
1949;66.2;"2022-10-24 22:22:25"
1950;66.1;"2022-10-24 22:22:26"
1951;66.1;"2022-10-24 22:22:27"
1952;66.1;"2022-10-24 22:22:28"
1953;66.2;"2022-10-24 22:22:29"
1954;66.3;"2022-10-24 22:22:30"
1955;66.3;"2022-10-24 22:22:31"
1956;66.3;"2022-10-24 22:22:32"
1957;66.2;"2022-10-24 22:22:33"
1958;66.2;"2022-10-24 22:22:34"
1959;66.3;"2022-10-24 22:22:36"
1960;66.5;"2022-10-24 22:22:37"
1961;66.3;"2022-10-24 22:22:38"
1962;66.4;"2022-10-24 22:22:39"
1963;66.4;"2022-10-24 22:22:40"
1964;66.4;"2022-10-24 22:22:41"
1965;66.6;"2022-10-24 22:22:42"
1966;66.4;"2022-10-24 22:22:43"
1967;66.2;"2022-10-24 22:22:44"
1968;66.3;"2022-10-24 22:22:45"
1969;66.3;"2022-10-24 22:22:47"
1970;66.3;"2022-10-24 22:22:48"
1971;66.2;"2022-10-24 22:22:49"
1972;66.0;"2022-10-24 22:22:50"
1973;66.1;"2022-10-24 22:22:51"
1974;65.9;"2022-10-24 22:22:52"
1975;65.8;"2022-10-24 22:22:53"
1976;65.8;"2022-10-24 22:22:54"
1977;65.9;"2022-10-24 22:22:55"
1978;66.0;"2022-10-24 22:22:56"
1979;66.2;"2022-10-24 22:22:57"
1980;66.2;"2022-10-24 22:22:58"
1981;66.1;"2022-10-24 22:22:59"
1982;66.1;"2022-10-24 22:23:01"
1983;66.1;"2022-10-24 22:23:02"
1984;66.3;"2022-10-24 22:23:03"
1985;66.3;"2022-10-24 22:23:04"
1986;66.5;"2022-10-24 22:23:05"
1987;66.5;"2022-10-24 22:23:06"
1988;66.4;"2022-10-24 22:23:07"
1989;66.6;"2022-10-24 22:23:08"
1990;66.6;"2022-10-24 22:23:09"
1991;66.6;"2022-10-24 22:23:10"
1992;66.7;"2022-10-24 22:23:12"
1993;66.8;"2022-10-24 22:23:13"
1994;65.7;"2022-10-24 22:23:14"
1995;66.4;"2022-10-24 22:23:15"
1996;66.7;"2022-10-24 22:23:16"
1997;66.2;"2022-10-24 22:23:17"
1998;66.2;"2022-10-24 22:23:19"
1999;66.1;"2022-10-24 22:23:20"
2000;66.3;"2022-10-24 22:23:21"
2001;66.4;"2022-10-24 22:23:22"
2002;66.6;"2022-10-24 22:23:23"
