"idTemp";"registro";"hora"
1;44.0;"2022-10-24 22:25:37"
2;41.0;"2022-10-24 22:25:38"
3;40.0;"2022-10-24 22:25:39"
4;39.0;"2022-10-24 22:25:41"
5;40.0;"2022-10-24 22:25:42"
6;44.0;"2022-10-24 22:25:43"
7;46.0;"2022-10-24 22:25:44"
8;40.0;"2022-10-24 22:25:45"
9;45.0;"2022-10-24 22:25:46"
10;46.0;"2022-10-24 22:25:47"
11;42.0;"2022-10-24 22:25:48"
12;47.0;"2022-10-24 22:25:50"
13;40.0;"2022-10-24 22:25:51"
14;41.0;"2022-10-24 22:25:52"
15;47.0;"2022-10-24 22:25:53"
16;45.0;"2022-10-24 22:25:54"
17;43.0;"2022-10-24 22:25:55"
18;47.0;"2022-10-24 22:25:56"
19;41.0;"2022-10-24 22:25:58"
20;41.0;"2022-10-24 22:25:59"
21;42.0;"2022-10-24 22:26:00"
22;41.0;"2022-10-24 22:26:01"
23;40.0;"2022-10-24 22:26:02"
24;40.0;"2022-10-24 22:26:03"
25;39.0;"2022-10-24 22:26:04"
26;38.0;"2022-10-24 22:26:05"
27;38.0;"2022-10-24 22:26:06"
28;39.0;"2022-10-24 22:26:07"
29;38.0;"2022-10-24 22:26:08"
30;41.0;"2022-10-24 22:26:10"
31;38.0;"2022-10-24 22:26:11"
32;38.0;"2022-10-24 22:26:12"
33;37.0;"2022-10-24 22:26:13"
34;39.0;"2022-10-24 22:26:14"
35;39.0;"2022-10-24 22:26:15"
36;39.0;"2022-10-24 22:26:16"
37;40.0;"2022-10-24 22:26:17"
38;39.0;"2022-10-24 22:26:18"
39;39.0;"2022-10-24 22:26:19"
40;39.0;"2022-10-24 22:26:20"
41;38.0;"2022-10-24 22:26:21"
42;41.0;"2022-10-24 22:26:23"
43;39.0;"2022-10-24 22:26:24"
44;41.0;"2022-10-24 22:26:25"
45;40.0;"2022-10-24 22:26:26"
46;39.0;"2022-10-24 22:26:27"
47;39.0;"2022-10-24 22:26:28"
48;37.0;"2022-10-24 22:26:29"
49;37.0;"2022-10-24 22:26:30"
50;38.0;"2022-10-24 22:26:31"
51;43.0;"2022-10-24 22:26:32"
52;41.0;"2022-10-24 22:26:33"
53;40.0;"2022-10-24 22:26:35"
54;38.0;"2022-10-24 22:26:36"
55;36.0;"2022-10-24 22:26:37"
56;39.0;"2022-10-24 22:26:38"
57;37.0;"2022-10-24 22:26:39"
58;37.0;"2022-10-24 22:26:40"
59;37.0;"2022-10-24 22:26:41"
60;38.0;"2022-10-24 22:26:42"
61;37.0;"2022-10-24 22:26:43"
62;36.0;"2022-10-24 22:26:44"
63;37.0;"2022-10-24 22:26:45"
64;38.0;"2022-10-24 22:26:46"
65;37.0;"2022-10-24 22:26:47"
66;37.0;"2022-10-24 22:26:49"
67;37.0;"2022-10-24 22:26:50"
68;37.0;"2022-10-24 22:26:51"
69;37.0;"2022-10-24 22:26:52"
70;38.0;"2022-10-24 22:26:53"
71;41.0;"2022-10-24 22:26:54"
72;38.0;"2022-10-24 22:26:55"
73;37.0;"2022-10-24 22:26:56"
74;37.0;"2022-10-24 22:26:57"
75;37.0;"2022-10-24 22:26:58"
76;36.0;"2022-10-24 22:26:59"
77;35.0;"2022-10-24 22:27:00"
78;36.0;"2022-10-24 22:27:01"
79;36.0;"2022-10-24 22:27:03"
80;37.0;"2022-10-24 22:27:04"
81;37.0;"2022-10-24 22:27:05"
82;41.0;"2022-10-24 22:27:06"
83;36.0;"2022-10-24 22:27:07"
84;37.0;"2022-10-24 22:27:08"
85;37.0;"2022-10-24 22:27:09"
86;36.0;"2022-10-24 22:27:10"
87;39.0;"2022-10-24 22:27:11"
88;36.0;"2022-10-24 22:27:12"
89;37.0;"2022-10-24 22:27:14"
90;36.0;"2022-10-24 22:27:15"
91;36.0;"2022-10-24 22:27:16"
92;36.0;"2022-10-24 22:27:17"
93;37.0;"2022-10-24 22:27:18"
94;36.0;"2022-10-24 22:27:19"
95;37.0;"2022-10-24 22:27:20"
96;37.0;"2022-10-24 22:27:21"
97;36.0;"2022-10-24 22:27:22"
98;37.0;"2022-10-24 22:27:23"
99;37.0;"2022-10-24 22:27:24"
100;37.0;"2022-10-24 22:27:25"
101;37.0;"2022-10-24 22:27:27"
102;36.0;"2022-10-24 22:27:28"
103;37.0;"2022-10-24 22:27:29"
104;36.0;"2022-10-24 22:27:30"
105;37.0;"2022-10-24 22:27:31"
106;37.0;"2022-10-24 22:27:32"
107;36.0;"2022-10-24 22:27:33"
108;37.0;"2022-10-24 22:27:34"
109;38.0;"2022-10-24 22:27:35"
110;37.0;"2022-10-24 22:27:36"
111;35.0;"2022-10-24 22:27:37"
112;36.0;"2022-10-24 22:27:39"
113;44.0;"2022-10-24 22:27:40"
114;36.0;"2022-10-24 22:27:41"
115;38.0;"2022-10-24 22:27:42"
116;37.0;"2022-10-24 22:27:43"
117;36.0;"2022-10-24 22:27:44"
118;36.0;"2022-10-24 22:27:45"
119;36.0;"2022-10-24 22:27:46"
120;37.0;"2022-10-24 22:27:47"
121;37.0;"2022-10-24 22:27:48"
122;37.0;"2022-10-24 22:27:49"
123;37.0;"2022-10-24 22:27:50"
124;38.0;"2022-10-24 22:27:51"
125;38.0;"2022-10-24 22:27:53"
126;38.0;"2022-10-24 22:27:54"
127;38.0;"2022-10-24 22:27:55"
128;37.0;"2022-10-24 22:27:56"
129;36.0;"2022-10-24 22:27:57"
130;38.0;"2022-10-24 22:27:58"
131;40.0;"2022-10-24 22:27:59"
132;37.0;"2022-10-24 22:28:00"
133;36.0;"2022-10-24 22:28:01"
134;42.0;"2022-10-24 22:28:02"
135;43.0;"2022-10-24 22:28:03"
136;37.0;"2022-10-24 22:28:04"
137;43.0;"2022-10-24 22:28:06"
138;39.0;"2022-10-24 22:28:07"
139;38.0;"2022-10-24 22:28:08"
140;37.0;"2022-10-24 22:28:09"
141;38.0;"2022-10-24 22:28:10"
142;37.0;"2022-10-24 22:28:11"
143;37.0;"2022-10-24 22:28:12"
144;37.0;"2022-10-24 22:28:13"
145;38.0;"2022-10-24 22:28:15"
146;36.0;"2022-10-24 22:28:16"
147;37.0;"2022-10-24 22:28:17"
148;36.0;"2022-10-24 22:28:18"
149;38.0;"2022-10-24 22:28:19"
150;37.0;"2022-10-24 22:28:20"
151;39.0;"2022-10-24 22:28:21"
152;37.0;"2022-10-24 22:28:22"
153;37.0;"2022-10-24 22:28:23"
154;37.0;"2022-10-24 22:28:24"
155;37.0;"2022-10-24 22:28:25"
156;37.0;"2022-10-24 22:28:26"
157;39.0;"2022-10-24 22:28:27"
158;41.0;"2022-10-24 22:28:29"
159;36.0;"2022-10-24 22:28:30"
160;36.0;"2022-10-24 22:28:31"
161;36.0;"2022-10-24 22:28:32"
162;37.0;"2022-10-24 22:28:33"
163;36.0;"2022-10-24 22:28:34"
164;37.0;"2022-10-24 22:28:35"
165;41.0;"2022-10-24 22:28:36"
166;38.0;"2022-10-24 22:28:38"
167;46.0;"2022-10-24 22:28:39"
168;42.0;"2022-10-24 22:28:40"
169;40.0;"2022-10-24 22:28:41"
170;39.0;"2022-10-24 22:28:42"
171;39.0;"2022-10-24 22:28:43"
172;43.0;"2022-10-24 22:28:45"
173;45.0;"2022-10-24 22:28:46"
174;40.0;"2022-10-24 22:28:47"
175;42.0;"2022-10-24 22:28:48"
176;40.0;"2022-10-24 22:28:50"
177;40.0;"2022-10-24 22:28:51"
178;42.0;"2022-10-24 22:28:52"
179;38.0;"2022-10-24 22:28:53"
180;49.0;"2022-10-24 22:28:55"
181;45.0;"2022-10-24 22:28:56"
182;40.0;"2022-10-24 22:28:57"
183;40.0;"2022-10-24 22:28:58"
184;36.0;"2022-10-24 22:28:59"
185;38.0;"2022-10-24 22:29:00"
186;38.0;"2022-10-24 22:29:01"
187;43.0;"2022-10-24 22:29:03"
188;42.0;"2022-10-24 22:29:04"
189;48.0;"2022-10-24 22:29:05"
190;49.0;"2022-10-24 22:29:06"
191;48.0;"2022-10-24 22:29:07"
192;43.0;"2022-10-24 22:29:08"
193;45.0;"2022-10-24 22:29:09"
194;43.0;"2022-10-24 22:29:10"
195;47.0;"2022-10-24 22:29:11"
196;44.0;"2022-10-24 22:29:13"
197;43.0;"2022-10-24 22:29:14"
198;43.0;"2022-10-24 22:29:15"
199;41.0;"2022-10-24 22:29:16"
200;38.0;"2022-10-24 22:29:17"
201;39.0;"2022-10-24 22:29:18"
202;42.0;"2022-10-24 22:29:19"
203;40.0;"2022-10-24 22:29:20"
204;44.0;"2022-10-24 22:29:21"
205;43.0;"2022-10-24 22:29:22"
206;39.0;"2022-10-24 22:29:23"
207;41.0;"2022-10-24 22:29:24"
208;40.0;"2022-10-24 22:29:25"
209;46.0;"2022-10-24 22:29:26"
210;38.0;"2022-10-24 22:29:28"
211;38.0;"2022-10-24 22:29:29"
212;49.0;"2022-10-24 22:29:30"
213;48.0;"2022-10-24 22:29:31"
214;47.0;"2022-10-24 22:29:32"
215;46.0;"2022-10-24 22:29:33"
216;43.0;"2022-10-24 22:29:34"
217;42.0;"2022-10-24 22:29:35"
218;45.0;"2022-10-24 22:29:36"
219;46.0;"2022-10-24 22:29:37"
220;47.0;"2022-10-24 22:29:38"
221;48.0;"2022-10-24 22:29:39"
222;44.0;"2022-10-24 22:29:40"
223;44.0;"2022-10-24 22:29:42"
224;43.0;"2022-10-24 22:29:43"
225;43.0;"2022-10-24 22:29:44"
226;42.0;"2022-10-24 22:29:45"
227;41.0;"2022-10-24 22:29:46"
228;42.0;"2022-10-24 22:29:47"
229;42.0;"2022-10-24 22:29:48"
230;41.0;"2022-10-24 22:29:49"
231;42.0;"2022-10-24 22:29:50"
232;42.0;"2022-10-24 22:29:51"
233;41.0;"2022-10-24 22:29:52"
234;46.0;"2022-10-24 22:29:53"
235;43.0;"2022-10-24 22:29:55"
236;43.0;"2022-10-24 22:29:56"
237;40.0;"2022-10-24 22:29:57"
238;40.0;"2022-10-24 22:29:58"
239;41.0;"2022-10-24 22:29:59"
240;40.0;"2022-10-24 22:30:00"
241;39.0;"2022-10-24 22:30:01"
242;43.0;"2022-10-24 22:30:02"
243;40.0;"2022-10-24 22:30:03"
244;39.0;"2022-10-24 22:30:04"
245;39.0;"2022-10-24 22:30:05"
246;48.0;"2022-10-24 22:30:06"
247;43.0;"2022-10-24 22:30:08"
248;46.0;"2022-10-24 22:30:09"
249;39.0;"2022-10-24 22:30:10"
250;39.0;"2022-10-24 22:30:11"
251;40.0;"2022-10-24 22:30:12"
252;40.0;"2022-10-24 22:30:13"
253;40.0;"2022-10-24 22:30:14"
254;41.0;"2022-10-24 22:30:15"
255;39.0;"2022-10-24 22:30:17"
256;40.0;"2022-10-24 22:30:18"
257;39.0;"2022-10-24 22:30:19"
258;39.0;"2022-10-24 22:30:21"
259;39.0;"2022-10-24 22:30:22"
260;40.0;"2022-10-24 22:30:23"
261;39.0;"2022-10-24 22:30:24"
262;39.0;"2022-10-24 22:30:25"
263;38.0;"2022-10-24 22:30:26"
264;39.0;"2022-10-24 22:30:27"
265;38.0;"2022-10-24 22:30:28"
266;39.0;"2022-10-24 22:30:29"
267;38.0;"2022-10-24 22:30:30"
268;40.0;"2022-10-24 22:30:31"
269;39.0;"2022-10-24 22:30:32"
270;37.0;"2022-10-24 22:30:33"
271;37.0;"2022-10-24 22:30:35"
272;39.0;"2022-10-24 22:30:36"
273;39.0;"2022-10-24 22:30:37"
274;45.0;"2022-10-24 22:30:38"
275;47.0;"2022-10-24 22:30:39"
276;45.0;"2022-10-24 22:30:40"
277;43.0;"2022-10-24 22:30:41"
278;49.0;"2022-10-24 22:30:42"
279;49.0;"2022-10-24 22:30:43"
280;51.0;"2022-10-24 22:30:44"
281;48.0;"2022-10-24 22:30:46"
282;43.0;"2022-10-24 22:30:47"
283;43.0;"2022-10-24 22:30:48"
284;39.0;"2022-10-24 22:30:49"
285;40.0;"2022-10-24 22:30:50"
286;40.0;"2022-10-24 22:30:51"
287;42.0;"2022-10-24 22:30:52"
288;42.0;"2022-10-24 22:30:54"
289;39.0;"2022-10-24 22:30:55"
290;38.0;"2022-10-24 22:30:56"
291;37.0;"2022-10-24 22:30:57"
292;41.0;"2022-10-24 22:30:58"
293;38.0;"2022-10-24 22:30:59"
294;45.0;"2022-10-24 22:31:00"
295;39.0;"2022-10-24 22:31:01"
296;38.0;"2022-10-24 22:31:02"
297;40.0;"2022-10-24 22:31:03"
298;44.0;"2022-10-24 22:31:04"
299;38.0;"2022-10-24 22:31:06"
300;38.0;"2022-10-24 22:31:07"
301;40.0;"2022-10-24 22:31:08"
302;47.0;"2022-10-24 22:31:09"
303;47.0;"2022-10-24 22:31:10"
304;47.0;"2022-10-24 22:31:11"
305;47.0;"2022-10-24 22:31:12"
306;41.0;"2022-10-24 22:31:13"
307;41.0;"2022-10-24 22:31:14"
308;45.0;"2022-10-24 22:31:16"
309;45.0;"2022-10-24 22:31:17"
310;45.0;"2022-10-24 22:31:18"
311;45.0;"2022-10-24 22:31:19"
312;45.0;"2022-10-24 22:31:20"
313;41.0;"2022-10-24 22:31:21"
314;43.0;"2022-10-24 22:31:22"
315;42.0;"2022-10-24 22:31:23"
316;45.0;"2022-10-24 22:31:24"
317;43.0;"2022-10-24 22:31:25"
318;43.0;"2022-10-24 22:31:27"
319;44.0;"2022-10-24 22:31:28"
320;43.0;"2022-10-24 22:31:29"
321;40.0;"2022-10-24 22:31:30"
322;37.0;"2022-10-24 22:31:31"
323;44.0;"2022-10-24 22:31:32"
324;40.0;"2022-10-24 22:31:34"
325;45.0;"2022-10-24 22:31:35"
326;50.0;"2022-10-24 22:31:37"
327;49.0;"2022-10-24 22:31:38"
328;45.0;"2022-10-24 22:31:39"
329;45.0;"2022-10-24 22:31:41"
330;43.0;"2022-10-24 22:31:42"
331;44.0;"2022-10-24 22:31:43"
332;43.0;"2022-10-24 22:31:45"
333;40.0;"2022-10-24 22:31:46"
334;39.0;"2022-10-24 22:31:47"
335;39.0;"2022-10-24 22:31:48"
336;39.0;"2022-10-24 22:31:49"
337;43.0;"2022-10-24 22:31:50"
338;41.0;"2022-10-24 22:31:51"
339;43.0;"2022-10-24 22:31:52"
340;47.0;"2022-10-24 22:31:53"
341;39.0;"2022-10-24 22:31:55"
342;40.0;"2022-10-24 22:31:56"
343;38.0;"2022-10-24 22:31:57"
344;39.0;"2022-10-24 22:31:58"
345;44.0;"2022-10-24 22:31:59"
346;39.0;"2022-10-24 22:32:00"
347;38.0;"2022-10-24 22:32:02"
348;38.0;"2022-10-24 22:32:03"
349;38.0;"2022-10-24 22:32:05"
350;38.0;"2022-10-24 22:32:06"
351;39.0;"2022-10-24 22:32:07"
352;48.0;"2022-10-24 22:32:08"
353;39.0;"2022-10-24 22:32:09"
354;38.0;"2022-10-24 22:32:10"
355;38.0;"2022-10-24 22:32:11"
356;39.0;"2022-10-24 22:32:12"
357;38.0;"2022-10-24 22:32:13"
358;47.0;"2022-10-24 22:32:15"
359;48.0;"2022-10-24 22:32:16"
360;48.0;"2022-10-24 22:32:17"
361;39.0;"2022-10-24 22:32:18"
362;41.0;"2022-10-24 22:32:19"
363;44.0;"2022-10-24 22:32:20"
364;42.0;"2022-10-24 22:32:21"
365;39.0;"2022-10-24 22:32:22"
366;38.0;"2022-10-24 22:32:23"
367;39.0;"2022-10-24 22:32:24"
368;37.0;"2022-10-24 22:32:26"
369;38.0;"2022-10-24 22:32:27"
370;39.0;"2022-10-24 22:32:28"
371;38.0;"2022-10-24 22:32:29"
372;38.0;"2022-10-24 22:32:30"
373;43.0;"2022-10-24 22:32:31"
374;37.0;"2022-10-24 22:32:32"
375;45.0;"2022-10-24 22:32:33"
376;37.0;"2022-10-24 22:32:35"
377;41.0;"2022-10-24 22:32:36"
378;38.0;"2022-10-24 22:32:37"
379;38.0;"2022-10-24 22:32:38"
380;48.0;"2022-10-24 22:32:39"
381;41.0;"2022-10-24 22:32:40"
382;39.0;"2022-10-24 22:32:41"
383;38.0;"2022-10-24 22:32:42"
384;38.0;"2022-10-24 22:32:43"
385;39.0;"2022-10-24 22:32:44"
386;38.0;"2022-10-24 22:32:45"
387;39.0;"2022-10-24 22:32:47"
388;40.0;"2022-10-24 22:32:48"
389;46.0;"2022-10-24 22:32:49"
390;48.0;"2022-10-24 22:32:50"
391;46.0;"2022-10-24 22:32:51"
392;45.0;"2022-10-24 22:32:52"
393;39.0;"2022-10-24 22:32:53"
394;45.0;"2022-10-24 22:32:54"
395;39.0;"2022-10-24 22:32:55"
396;42.0;"2022-10-24 22:32:56"
397;47.0;"2022-10-24 22:32:58"
398;41.0;"2022-10-24 22:32:59"
399;43.0;"2022-10-24 22:33:00"
400;41.0;"2022-10-24 22:33:01"
401;42.0;"2022-10-24 22:33:02"
402;45.0;"2022-10-24 22:33:03"
403;49.0;"2022-10-24 22:33:05"
404;49.0;"2022-10-24 22:33:06"
405;47.0;"2022-10-24 22:33:07"
406;47.0;"2022-10-24 22:33:08"
407;40.0;"2022-10-24 22:33:09"
408;43.0;"2022-10-24 22:33:10"
409;49.0;"2022-10-24 22:33:12"
410;46.0;"2022-10-24 22:33:13"
411;48.0;"2022-10-24 22:33:14"
412;46.0;"2022-10-24 22:33:15"
413;47.0;"2022-10-24 22:33:16"
414;40.0;"2022-10-24 22:33:17"
415;46.0;"2022-10-24 22:33:18"
416;39.0;"2022-10-24 22:33:19"
417;41.0;"2022-10-24 22:33:20"
418;40.0;"2022-10-24 22:33:21"
419;40.0;"2022-10-24 22:33:23"
420;39.0;"2022-10-24 22:33:24"
421;39.0;"2022-10-24 22:33:25"
422;44.0;"2022-10-24 22:33:26"
423;43.0;"2022-10-24 22:33:27"
424;39.0;"2022-10-24 22:33:28"
425;39.0;"2022-10-24 22:33:29"
426;42.0;"2022-10-24 22:33:30"
427;38.0;"2022-10-24 22:33:31"
428;38.0;"2022-10-24 22:33:32"
429;38.0;"2022-10-24 22:33:33"
430;38.0;"2022-10-24 22:33:34"
431;38.0;"2022-10-24 22:33:35"
432;39.0;"2022-10-24 22:33:37"
433;39.0;"2022-10-24 22:33:38"
434;39.0;"2022-10-24 22:33:39"
435;38.0;"2022-10-24 22:33:40"
436;42.0;"2022-10-24 22:33:41"
437;37.0;"2022-10-24 22:33:42"
438;37.0;"2022-10-24 22:33:43"
439;38.0;"2022-10-24 22:33:44"
440;38.0;"2022-10-24 22:33:45"
441;39.0;"2022-10-24 22:33:46"
442;38.0;"2022-10-24 22:33:47"
443;41.0;"2022-10-24 22:33:49"
444;39.0;"2022-10-24 22:33:50"
445;38.0;"2022-10-24 22:33:51"
446;47.0;"2022-10-24 22:33:52"
447;42.0;"2022-10-24 22:33:53"
448;45.0;"2022-10-24 22:33:54"
449;37.0;"2022-10-24 22:33:55"
450;39.0;"2022-10-24 22:33:56"
451;38.0;"2022-10-24 22:33:57"
452;38.0;"2022-10-24 22:33:59"
453;40.0;"2022-10-24 22:34:00"
454;40.0;"2022-10-24 22:34:01"
455;43.0;"2022-10-24 22:34:02"
456;39.0;"2022-10-24 22:34:03"
457;38.0;"2022-10-24 22:34:04"
458;39.0;"2022-10-24 22:34:05"
459;39.0;"2022-10-24 22:34:06"
460;41.0;"2022-10-24 22:34:07"
461;42.0;"2022-10-24 22:34:08"
462;39.0;"2022-10-24 22:34:09"
463;42.0;"2022-10-24 22:34:11"
464;38.0;"2022-10-24 22:34:12"
465;39.0;"2022-10-24 22:34:13"
466;39.0;"2022-10-24 22:34:14"
467;41.0;"2022-10-24 22:34:15"
468;39.0;"2022-10-24 22:34:16"
469;39.0;"2022-10-24 22:34:17"
470;37.0;"2022-10-24 22:34:18"
471;46.0;"2022-10-24 22:34:19"
472;48.0;"2022-10-24 22:34:20"
473;38.0;"2022-10-24 22:34:21"
474;44.0;"2022-10-24 22:34:22"
475;36.0;"2022-10-24 22:34:24"
476;38.0;"2022-10-24 22:34:25"
477;46.0;"2022-10-24 22:34:26"
478;41.0;"2022-10-24 22:34:27"
479;43.0;"2022-10-24 22:34:28"
480;39.0;"2022-10-24 22:34:29"
481;40.0;"2022-10-24 22:34:31"
482;46.0;"2022-10-24 22:34:32"
483;42.0;"2022-10-24 22:34:33"
484;41.0;"2022-10-24 22:34:34"
485;38.0;"2022-10-24 22:34:35"
486;38.0;"2022-10-24 22:34:36"
487;39.0;"2022-10-24 22:34:37"
488;37.0;"2022-10-24 22:34:38"
489;37.0;"2022-10-24 22:34:39"
490;38.0;"2022-10-24 22:34:40"
491;39.0;"2022-10-24 22:34:41"
492;38.0;"2022-10-24 22:34:43"
493;38.0;"2022-10-24 22:34:44"
494;38.0;"2022-10-24 22:34:45"
495;38.0;"2022-10-24 22:34:46"
496;40.0;"2022-10-24 22:34:47"
497;38.0;"2022-10-24 22:34:48"
498;39.0;"2022-10-24 22:34:49"
499;39.0;"2022-10-24 22:34:50"
500;39.0;"2022-10-24 22:34:51"
501;38.0;"2022-10-24 22:34:52"
502;38.0;"2022-10-24 22:34:53"
503;38.0;"2022-10-24 22:34:54"
504;38.0;"2022-10-24 22:34:55"
505;39.0;"2022-10-24 22:34:57"
506;39.0;"2022-10-24 22:34:58"
507;41.0;"2022-10-24 22:34:59"
508;37.0;"2022-10-24 22:35:00"
509;38.0;"2022-10-24 22:35:01"
510;37.0;"2022-10-24 22:35:02"
511;37.0;"2022-10-24 22:35:03"
512;37.0;"2022-10-24 22:35:04"
513;38.0;"2022-10-24 22:35:05"
514;37.0;"2022-10-24 22:35:06"
515;36.0;"2022-10-24 22:35:08"
516;37.0;"2022-10-24 22:35:09"
517;36.0;"2022-10-24 22:35:10"
518;36.0;"2022-10-24 22:35:11"
519;35.0;"2022-10-24 22:35:12"
520;37.0;"2022-10-24 22:35:13"
521;37.0;"2022-10-24 22:35:14"
522;37.0;"2022-10-24 22:35:15"
523;39.0;"2022-10-24 22:35:16"
524;38.0;"2022-10-24 22:35:18"
525;38.0;"2022-10-24 22:35:19"
526;37.0;"2022-10-24 22:35:20"
527;38.0;"2022-10-24 22:35:21"
528;37.0;"2022-10-24 22:35:22"
529;36.0;"2022-10-24 22:35:23"
530;36.0;"2022-10-24 22:35:24"
531;36.0;"2022-10-24 22:35:25"
532;36.0;"2022-10-24 22:35:26"
533;37.0;"2022-10-24 22:35:28"
534;36.0;"2022-10-24 22:35:29"
535;38.0;"2022-10-24 22:35:30"
536;36.0;"2022-10-24 22:35:31"
537;37.0;"2022-10-24 22:35:32"
538;36.0;"2022-10-24 22:35:33"
539;37.0;"2022-10-24 22:35:34"
540;35.0;"2022-10-24 22:35:35"
541;37.0;"2022-10-24 22:35:36"
542;36.0;"2022-10-24 22:35:37"
543;37.0;"2022-10-24 22:35:38"
544;37.0;"2022-10-24 22:35:39"
545;38.0;"2022-10-24 22:35:41"
546;36.0;"2022-10-24 22:35:42"
547;36.0;"2022-10-24 22:35:43"
548;37.0;"2022-10-24 22:35:44"
549;37.0;"2022-10-24 22:35:45"
550;37.0;"2022-10-24 22:35:46"
551;36.0;"2022-10-24 22:35:47"
552;38.0;"2022-10-24 22:35:48"
553;37.0;"2022-10-24 22:35:49"
554;44.0;"2022-10-24 22:35:50"
555;36.0;"2022-10-24 22:35:52"
556;37.0;"2022-10-24 22:35:53"
557;36.0;"2022-10-24 22:35:54"
558;36.0;"2022-10-24 22:35:55"
559;37.0;"2022-10-24 22:35:56"
560;39.0;"2022-10-24 22:35:57"
561;36.0;"2022-10-24 22:35:58"
562;36.0;"2022-10-24 22:35:59"
563;39.0;"2022-10-24 22:36:00"
564;37.0;"2022-10-24 22:36:02"
565;37.0;"2022-10-24 22:36:03"
566;37.0;"2022-10-24 22:36:04"
567;38.0;"2022-10-24 22:36:05"
568;36.0;"2022-10-24 22:36:06"
569;36.0;"2022-10-24 22:36:07"
570;37.0;"2022-10-24 22:36:08"
571;39.0;"2022-10-24 22:36:09"
572;40.0;"2022-10-24 22:36:11"
573;41.0;"2022-10-24 22:36:12"
574;36.0;"2022-10-24 22:36:13"
575;35.0;"2022-10-24 22:36:14"
576;36.0;"2022-10-24 22:36:15"
577;36.0;"2022-10-24 22:36:16"
578;37.0;"2022-10-24 22:36:17"
579;37.0;"2022-10-24 22:36:18"
580;47.0;"2022-10-24 22:36:19"
581;44.0;"2022-10-24 22:36:20"
582;40.0;"2022-10-24 22:36:21"
583;38.0;"2022-10-24 22:36:22"
584;38.0;"2022-10-24 22:36:23"
585;36.0;"2022-10-24 22:36:25"
586;36.0;"2022-10-24 22:36:26"
587;37.0;"2022-10-24 22:36:27"
588;37.0;"2022-10-24 22:36:28"
589;41.0;"2022-10-24 22:36:29"
590;42.0;"2022-10-24 22:36:30"
591;35.0;"2022-10-24 22:36:31"
592;38.0;"2022-10-24 22:36:32"
593;37.0;"2022-10-24 22:36:34"
594;37.0;"2022-10-24 22:36:35"
595;38.0;"2022-10-24 22:36:36"
596;37.0;"2022-10-24 22:36:37"
597;36.0;"2022-10-24 22:36:38"
598;37.0;"2022-10-24 22:36:39"
599;38.0;"2022-10-24 22:36:40"
600;38.0;"2022-10-24 22:36:41"
601;37.0;"2022-10-24 22:36:42"
602;37.0;"2022-10-24 22:36:43"
603;36.0;"2022-10-24 22:36:45"
604;36.0;"2022-10-24 22:36:46"
605;36.0;"2022-10-24 22:36:47"
606;41.0;"2022-10-24 22:36:48"
607;38.0;"2022-10-24 22:36:49"
608;38.0;"2022-10-24 22:36:50"
609;38.0;"2022-10-24 22:36:51"
610;39.0;"2022-10-24 22:36:52"
611;36.0;"2022-10-24 22:36:53"
612;36.0;"2022-10-24 22:36:54"
613;36.0;"2022-10-24 22:36:55"
614;39.0;"2022-10-24 22:36:56"
615;40.0;"2022-10-24 22:36:57"
616;43.0;"2022-10-24 22:36:59"
617;47.0;"2022-10-24 22:37:00"
618;44.0;"2022-10-24 22:37:01"
619;47.0;"2022-10-24 22:37:02"
620;46.0;"2022-10-24 22:37:03"
621;46.0;"2022-10-24 22:37:04"
622;44.0;"2022-10-24 22:37:05"
623;43.0;"2022-10-24 22:37:06"
624;38.0;"2022-10-24 22:37:07"
625;37.0;"2022-10-24 22:37:08"
626;37.0;"2022-10-24 22:37:09"
627;37.0;"2022-10-24 22:37:11"
628;43.0;"2022-10-24 22:37:12"
629;41.0;"2022-10-24 22:37:13"
630;41.0;"2022-10-24 22:37:14"
631;37.0;"2022-10-24 22:37:15"
632;38.0;"2022-10-24 22:37:17"
633;46.0;"2022-10-24 22:37:18"
634;44.0;"2022-10-24 22:37:19"
635;38.0;"2022-10-24 22:37:20"
636;37.0;"2022-10-24 22:37:21"
637;37.0;"2022-10-24 22:37:22"
638;37.0;"2022-10-24 22:37:23"
639;38.0;"2022-10-24 22:37:24"
640;37.0;"2022-10-24 22:37:25"
641;38.0;"2022-10-24 22:37:27"
642;36.0;"2022-10-24 22:37:28"
643;40.0;"2022-10-24 22:37:29"
644;39.0;"2022-10-24 22:37:30"
645;37.0;"2022-10-24 22:37:31"
646;46.0;"2022-10-24 22:37:32"
647;47.0;"2022-10-24 22:37:33"
648;42.0;"2022-10-24 22:37:34"
649;44.0;"2022-10-24 22:37:36"
650;37.0;"2022-10-24 22:37:37"
651;37.0;"2022-10-24 22:37:38"
652;44.0;"2022-10-24 22:37:39"
653;46.0;"2022-10-24 22:37:40"
654;41.0;"2022-10-24 22:37:41"
655;44.0;"2022-10-24 22:37:42"
656;43.0;"2022-10-24 22:37:44"
657;38.0;"2022-10-24 22:37:45"
658;37.0;"2022-10-24 22:37:46"
659;37.0;"2022-10-24 22:37:47"
660;40.0;"2022-10-24 22:37:48"
661;43.0;"2022-10-24 22:37:49"
662;40.0;"2022-10-24 22:37:50"
663;37.0;"2022-10-24 22:37:51"
664;37.0;"2022-10-24 22:37:53"
665;35.0;"2022-10-24 22:37:54"
666;37.0;"2022-10-24 22:37:55"
667;37.0;"2022-10-24 22:37:56"
668;37.0;"2022-10-24 22:37:57"
669;38.0;"2022-10-24 22:37:58"
670;38.0;"2022-10-24 22:37:59"
671;37.0;"2022-10-24 22:38:00"
672;36.0;"2022-10-24 22:38:01"
673;38.0;"2022-10-24 22:38:02"
674;37.0;"2022-10-24 22:38:04"
675;36.0;"2022-10-24 22:38:05"
676;36.0;"2022-10-24 22:38:06"
677;36.0;"2022-10-24 22:38:07"
678;36.0;"2022-10-24 22:38:08"
679;36.0;"2022-10-24 22:38:09"
680;36.0;"2022-10-24 22:38:10"
681;36.0;"2022-10-24 22:38:11"
682;36.0;"2022-10-24 22:38:12"
683;36.0;"2022-10-24 22:38:13"
684;36.0;"2022-10-24 22:38:14"
685;36.0;"2022-10-24 22:38:15"
686;39.0;"2022-10-24 22:38:17"
687;36.0;"2022-10-24 22:38:18"
688;36.0;"2022-10-24 22:38:19"
689;36.0;"2022-10-24 22:38:20"
690;36.0;"2022-10-24 22:38:21"
691;36.0;"2022-10-24 22:38:22"
692;35.0;"2022-10-24 22:38:23"
693;36.0;"2022-10-24 22:38:24"
694;34.0;"2022-10-24 22:38:26"
695;37.0;"2022-10-24 22:38:27"
696;34.0;"2022-10-24 22:38:28"
697;35.0;"2022-10-24 22:38:29"
698;36.0;"2022-10-24 22:38:30"
699;36.0;"2022-10-24 22:38:31"
700;38.0;"2022-10-24 22:38:32"
701;39.0;"2022-10-24 22:38:33"
702;45.0;"2022-10-24 22:38:34"
703;40.0;"2022-10-24 22:38:35"
704;44.0;"2022-10-24 22:38:36"
705;40.0;"2022-10-24 22:38:37"
706;47.0;"2022-10-24 22:38:39"
707;46.0;"2022-10-24 22:38:40"
708;38.0;"2022-10-24 22:38:41"
709;40.0;"2022-10-24 22:38:42"
710;43.0;"2022-10-24 22:38:43"
711;39.0;"2022-10-24 22:38:44"
712;38.0;"2022-10-24 22:38:45"
713;38.0;"2022-10-24 22:38:46"
714;38.0;"2022-10-24 22:38:47"
715;38.0;"2022-10-24 22:38:49"
716;39.0;"2022-10-24 22:38:50"
717;43.0;"2022-10-24 22:38:51"
718;42.0;"2022-10-24 22:38:52"
719;41.0;"2022-10-24 22:38:53"
720;42.0;"2022-10-24 22:38:54"
721;43.0;"2022-10-24 22:38:55"
722;43.0;"2022-10-24 22:38:56"
723;37.0;"2022-10-24 22:38:57"
724;38.0;"2022-10-24 22:38:59"
725;40.0;"2022-10-24 22:39:00"
726;38.0;"2022-10-24 22:39:01"
727;44.0;"2022-10-24 22:39:02"
728;37.0;"2022-10-24 22:39:03"
729;42.0;"2022-10-24 22:39:04"
730;40.0;"2022-10-24 22:39:05"
731;42.0;"2022-10-24 22:39:06"
732;37.0;"2022-10-24 22:39:07"
733;37.0;"2022-10-24 22:39:08"
734;41.0;"2022-10-24 22:39:09"
735;47.0;"2022-10-24 22:39:11"
736;39.0;"2022-10-24 22:39:12"
737;39.0;"2022-10-24 22:39:13"
738;43.0;"2022-10-24 22:39:14"
739;45.0;"2022-10-24 22:39:15"
740;39.0;"2022-10-24 22:39:17"
741;38.0;"2022-10-24 22:39:18"
742;42.0;"2022-10-24 22:39:19"
743;37.0;"2022-10-24 22:39:20"
744;37.0;"2022-10-24 22:39:21"
745;37.0;"2022-10-24 22:39:22"
746;36.0;"2022-10-24 22:39:23"
747;37.0;"2022-10-24 22:39:24"
748;39.0;"2022-10-24 22:39:25"
749;38.0;"2022-10-24 22:39:26"
750;38.0;"2022-10-24 22:39:27"
751;38.0;"2022-10-24 22:39:29"
752;37.0;"2022-10-24 22:39:30"
753;36.0;"2022-10-24 22:39:31"
754;47.0;"2022-10-24 22:39:32"
755;39.0;"2022-10-24 22:39:33"
756;42.0;"2022-10-24 22:39:34"
757;43.0;"2022-10-24 22:39:35"
758;42.0;"2022-10-24 22:39:36"
759;39.0;"2022-10-24 22:39:37"
760;36.0;"2022-10-24 22:39:38"
761;41.0;"2022-10-24 22:39:39"
762;37.0;"2022-10-24 22:39:41"
763;38.0;"2022-10-24 22:39:42"
764;38.0;"2022-10-24 22:39:43"
765;36.0;"2022-10-24 22:39:44"
766;36.0;"2022-10-24 22:39:45"
767;37.0;"2022-10-24 22:39:46"
768;41.0;"2022-10-24 22:39:47"
769;43.0;"2022-10-24 22:39:48"
770;45.0;"2022-10-24 22:39:49"
771;45.0;"2022-10-24 22:39:50"
772;41.0;"2022-10-24 22:39:51"
773;39.0;"2022-10-24 22:39:52"
774;37.0;"2022-10-24 22:39:54"
775;37.0;"2022-10-24 22:39:55"
776;38.0;"2022-10-24 22:39:56"
777;37.0;"2022-10-24 22:39:57"
778;36.0;"2022-10-24 22:39:58"
779;37.0;"2022-10-24 22:39:59"
780;38.0;"2022-10-24 22:40:00"
781;36.0;"2022-10-24 22:40:01"
782;36.0;"2022-10-24 22:40:02"
783;36.0;"2022-10-24 22:40:03"
784;36.0;"2022-10-24 22:40:04"
785;36.0;"2022-10-24 22:40:05"
786;35.0;"2022-10-24 22:40:07"
787;36.0;"2022-10-24 22:40:08"
788;40.0;"2022-10-24 22:40:09"
789;36.0;"2022-10-24 22:40:10"
790;36.0;"2022-10-24 22:40:11"
791;36.0;"2022-10-24 22:40:12"
792;35.0;"2022-10-24 22:40:13"
793;36.0;"2022-10-24 22:40:14"
794;46.0;"2022-10-24 22:40:15"
795;40.0;"2022-10-24 22:40:16"
796;37.0;"2022-10-24 22:40:17"
797;36.0;"2022-10-24 22:40:18"
798;37.0;"2022-10-24 22:40:20"
799;37.0;"2022-10-24 22:40:21"
800;37.0;"2022-10-24 22:40:22"
801;36.0;"2022-10-24 22:40:23"
802;37.0;"2022-10-24 22:40:24"
803;36.0;"2022-10-24 22:40:25"
804;35.0;"2022-10-24 22:40:26"
805;43.0;"2022-10-24 22:40:27"
806;44.0;"2022-10-24 22:40:28"
807;38.0;"2022-10-24 22:40:29"
808;38.0;"2022-10-24 22:40:30"
809;38.0;"2022-10-24 22:40:31"
810;42.0;"2022-10-24 22:40:33"
811;43.0;"2022-10-24 22:40:34"
812;44.0;"2022-10-24 22:40:36"
813;44.0;"2022-10-24 22:40:38"
814;38.0;"2022-10-24 22:40:39"
815;41.0;"2022-10-24 22:40:40"
816;43.0;"2022-10-24 22:40:42"
817;47.0;"2022-10-24 22:40:43"
818;42.0;"2022-10-24 22:40:44"
819;38.0;"2022-10-24 22:40:45"
820;39.0;"2022-10-24 22:40:46"
821;37.0;"2022-10-24 22:40:47"
822;36.0;"2022-10-24 22:40:48"
823;38.0;"2022-10-24 22:40:49"
824;40.0;"2022-10-24 22:40:51"
825;38.0;"2022-10-24 22:40:52"
826;38.0;"2022-10-24 22:40:53"
827;37.0;"2022-10-24 22:40:54"
828;38.0;"2022-10-24 22:40:55"
829;36.0;"2022-10-24 22:40:56"
830;37.0;"2022-10-24 22:40:57"
831;37.0;"2022-10-24 22:40:58"
832;37.0;"2022-10-24 22:41:00"
833;39.0;"2022-10-24 22:41:01"
834;37.0;"2022-10-24 22:41:02"
835;36.0;"2022-10-24 22:41:03"
836;37.0;"2022-10-24 22:41:04"
837;37.0;"2022-10-24 22:41:05"
838;36.0;"2022-10-24 22:41:06"
839;36.0;"2022-10-24 22:41:07"
840;36.0;"2022-10-24 22:41:08"
841;36.0;"2022-10-24 22:41:09"
842;36.0;"2022-10-24 22:41:10"
843;35.0;"2022-10-24 22:41:11"
844;35.0;"2022-10-24 22:41:13"
845;37.0;"2022-10-24 22:41:14"
846;36.0;"2022-10-24 22:41:15"
847;36.0;"2022-10-24 22:41:16"
848;36.0;"2022-10-24 22:41:17"
849;36.0;"2022-10-24 22:41:18"
850;37.0;"2022-10-24 22:41:19"
851;35.0;"2022-10-24 22:41:20"
852;36.0;"2022-10-24 22:41:21"
853;36.0;"2022-10-24 22:41:22"
854;36.0;"2022-10-24 22:41:23"
855;36.0;"2022-10-24 22:41:24"
856;36.0;"2022-10-24 22:41:25"
857;36.0;"2022-10-24 22:41:27"
858;36.0;"2022-10-24 22:41:28"
859;37.0;"2022-10-24 22:41:29"
860;39.0;"2022-10-24 22:41:30"
861;40.0;"2022-10-24 22:41:31"
862;44.0;"2022-10-24 22:41:32"
863;41.0;"2022-10-24 22:41:33"
864;43.0;"2022-10-24 22:41:34"
865;47.0;"2022-10-24 22:41:35"
866;47.0;"2022-10-24 22:41:36"
867;45.0;"2022-10-24 22:41:37"
868;40.0;"2022-10-24 22:41:38"
869;40.0;"2022-10-24 22:41:40"
870;41.0;"2022-10-24 22:41:41"
871;43.0;"2022-10-24 22:41:42"
872;43.0;"2022-10-24 22:41:43"
873;43.0;"2022-10-24 22:41:44"
874;40.0;"2022-10-24 22:41:45"
875;41.0;"2022-10-24 22:41:46"
876;43.0;"2022-10-24 22:41:47"
877;44.0;"2022-10-24 22:41:48"
878;42.0;"2022-10-24 22:41:49"
879;43.0;"2022-10-24 22:41:50"
880;39.0;"2022-10-24 22:41:52"
881;41.0;"2022-10-24 22:41:53"
882;41.0;"2022-10-24 22:41:54"
883;46.0;"2022-10-24 22:41:55"
884;38.0;"2022-10-24 22:41:56"
885;41.0;"2022-10-24 22:41:57"
886;42.0;"2022-10-24 22:41:58"
887;41.0;"2022-10-24 22:41:59"
888;42.0;"2022-10-24 22:42:00"
889;45.0;"2022-10-24 22:42:01"
890;41.0;"2022-10-24 22:42:02"
891;41.0;"2022-10-24 22:42:03"
892;39.0;"2022-10-24 22:42:05"
893;43.0;"2022-10-24 22:42:06"
894;42.0;"2022-10-24 22:42:07"
895;46.0;"2022-10-24 22:42:08"
896;39.0;"2022-10-24 22:42:09"
897;41.0;"2022-10-24 22:42:10"
898;42.0;"2022-10-24 22:42:11"
899;42.0;"2022-10-24 22:42:12"
900;43.0;"2022-10-24 22:42:13"
901;42.0;"2022-10-24 22:42:14"
902;41.0;"2022-10-24 22:42:15"
903;39.0;"2022-10-24 22:42:17"
904;41.0;"2022-10-24 22:42:18"
905;39.0;"2022-10-24 22:42:19"
906;42.0;"2022-10-24 22:42:20"
907;42.0;"2022-10-24 22:42:21"
908;41.0;"2022-10-24 22:42:22"
909;39.0;"2022-10-24 22:42:23"
910;42.0;"2022-10-24 22:42:24"
911;38.0;"2022-10-24 22:42:25"
912;46.0;"2022-10-24 22:42:26"
913;41.0;"2022-10-24 22:42:27"
914;40.0;"2022-10-24 22:42:29"
915;41.0;"2022-10-24 22:42:30"
916;44.0;"2022-10-24 22:42:31"
917;44.0;"2022-10-24 22:42:32"
918;43.0;"2022-10-24 22:42:33"
919;44.0;"2022-10-24 22:42:34"
920;42.0;"2022-10-24 22:42:35"
921;41.0;"2022-10-24 22:42:36"
922;41.0;"2022-10-24 22:42:37"
923;41.0;"2022-10-24 22:42:38"
924;40.0;"2022-10-24 22:42:39"
925;40.0;"2022-10-24 22:42:40"
926;40.0;"2022-10-24 22:42:42"
927;41.0;"2022-10-24 22:42:43"
928;47.0;"2022-10-24 22:42:44"
929;42.0;"2022-10-24 22:42:45"
930;43.0;"2022-10-24 22:42:46"
931;43.0;"2022-10-24 22:42:47"
932;46.0;"2022-10-24 22:42:48"
933;44.0;"2022-10-24 22:42:49"
934;44.0;"2022-10-24 22:42:50"
935;47.0;"2022-10-24 22:42:51"
936;45.0;"2022-10-24 22:42:52"
937;47.0;"2022-10-24 22:42:53"
938;44.0;"2022-10-24 22:42:55"
939;44.0;"2022-10-24 22:42:56"
940;40.0;"2022-10-24 22:42:57"
941;42.0;"2022-10-24 22:42:58"
942;40.0;"2022-10-24 22:42:59"
943;39.0;"2022-10-24 22:43:00"
944;40.0;"2022-10-24 22:43:01"
945;44.0;"2022-10-24 22:43:02"
946;47.0;"2022-10-24 22:43:03"
947;47.0;"2022-10-24 22:43:04"
948;49.0;"2022-10-24 22:43:05"
949;42.0;"2022-10-24 22:43:06"
950;43.0;"2022-10-24 22:43:07"
951;43.0;"2022-10-24 22:43:09"
952;40.0;"2022-10-24 22:43:10"
953;38.0;"2022-10-24 22:43:11"
954;40.0;"2022-10-24 22:43:12"
955;39.0;"2022-10-24 22:43:13"
956;40.0;"2022-10-24 22:43:14"
957;39.0;"2022-10-24 22:43:15"
958;39.0;"2022-10-24 22:43:16"
959;40.0;"2022-10-24 22:43:17"
960;41.0;"2022-10-24 22:43:18"
961;39.0;"2022-10-24 22:43:19"
962;37.0;"2022-10-24 22:43:21"
963;36.0;"2022-10-24 22:43:22"
964;37.0;"2022-10-24 22:43:23"
965;39.0;"2022-10-24 22:43:24"
966;37.0;"2022-10-24 22:43:25"
967;41.0;"2022-10-24 22:43:26"
968;39.0;"2022-10-24 22:43:27"
969;36.0;"2022-10-24 22:43:28"
970;37.0;"2022-10-24 22:43:29"
971;47.0;"2022-10-24 22:43:30"
972;42.0;"2022-10-24 22:43:31"
973;41.0;"2022-10-24 22:43:32"
974;40.0;"2022-10-24 22:43:33"
975;45.0;"2022-10-24 22:43:34"
976;38.0;"2022-10-24 22:43:36"
977;39.0;"2022-10-24 22:43:37"
978;43.0;"2022-10-24 22:43:38"
979;40.0;"2022-10-24 22:43:39"
980;40.0;"2022-10-24 22:43:40"
981;41.0;"2022-10-24 22:43:41"
982;38.0;"2022-10-24 22:43:42"
983;40.0;"2022-10-24 22:43:43"
984;37.0;"2022-10-24 22:43:44"
985;40.0;"2022-10-24 22:43:45"
986;40.0;"2022-10-24 22:43:46"
987;39.0;"2022-10-24 22:43:47"
988;39.0;"2022-10-24 22:43:48"
989;41.0;"2022-10-24 22:43:49"
990;39.0;"2022-10-24 22:43:51"
991;41.0;"2022-10-24 22:43:52"
992;40.0;"2022-10-24 22:43:53"
993;42.0;"2022-10-24 22:43:54"
994;38.0;"2022-10-24 22:43:55"
995;46.0;"2022-10-24 22:43:56"
996;40.0;"2022-10-24 22:43:57"
997;40.0;"2022-10-24 22:43:58"
998;40.0;"2022-10-24 22:43:59"
999;41.0;"2022-10-24 22:44:00"
1000;38.0;"2022-10-24 22:44:01"
1001;41.0;"2022-10-24 22:44:02"
1002;41.0;"2022-10-24 22:44:03"
1003;39.0;"2022-10-24 22:44:04"
1004;41.0;"2022-10-24 22:44:06"
1005;37.0;"2022-10-24 22:44:07"
1006;39.0;"2022-10-24 22:44:08"
1007;38.0;"2022-10-24 22:44:09"
1008;47.0;"2022-10-24 22:44:10"
1009;41.0;"2022-10-24 22:44:11"
1010;39.0;"2022-10-24 22:44:12"
1011;46.0;"2022-10-24 22:44:13"
1012;47.0;"2022-10-24 22:44:14"
1013;37.0;"2022-10-24 22:44:15"
1014;40.0;"2022-10-24 22:44:17"
1015;43.0;"2022-10-24 22:44:18"
1016;41.0;"2022-10-24 22:44:19"
1017;44.0;"2022-10-24 22:44:20"
1018;42.0;"2022-10-24 22:44:21"
1019;46.0;"2022-10-24 22:44:22"
1020;38.0;"2022-10-24 22:44:23"
1021;37.0;"2022-10-24 22:44:24"
1022;36.0;"2022-10-24 22:44:25"
1023;36.0;"2022-10-24 22:44:26"
1024;37.0;"2022-10-24 22:44:28"
1025;37.0;"2022-10-24 22:44:29"
1026;41.0;"2022-10-24 22:44:30"
1027;38.0;"2022-10-24 22:44:31"
1028;37.0;"2022-10-24 22:44:32"
1029;41.0;"2022-10-24 22:44:33"
1030;43.0;"2022-10-24 22:44:34"
1031;45.0;"2022-10-24 22:44:35"
1032;46.0;"2022-10-24 22:44:36"
1033;40.0;"2022-10-24 22:44:37"
1034;41.0;"2022-10-24 22:44:38"
1035;38.0;"2022-10-24 22:44:39"
1036;38.0;"2022-10-24 22:44:40"
1037;38.0;"2022-10-24 22:44:41"
1038;39.0;"2022-10-24 22:44:42"
1039;44.0;"2022-10-24 22:44:44"
1040;38.0;"2022-10-24 22:44:45"
1041;35.0;"2022-10-24 22:44:46"
1042;39.0;"2022-10-24 22:44:47"
1043;39.0;"2022-10-24 22:44:48"
1044;40.0;"2022-10-24 22:44:49"
1045;39.0;"2022-10-24 22:44:50"
1046;38.0;"2022-10-24 22:44:51"
1047;48.0;"2022-10-24 22:44:52"
1048;40.0;"2022-10-24 22:44:53"
1049;41.0;"2022-10-24 22:44:54"
1050;40.0;"2022-10-24 22:44:56"
1051;39.0;"2022-10-24 22:44:57"
1052;47.0;"2022-10-24 22:44:58"
1053;47.0;"2022-10-24 22:44:59"
1054;45.0;"2022-10-24 22:45:00"
1055;43.0;"2022-10-24 22:45:01"
1056;41.0;"2022-10-24 22:45:02"
1057;39.0;"2022-10-24 22:45:03"
1058;48.0;"2022-10-24 22:45:04"
1059;40.0;"2022-10-24 22:45:05"
1060;40.0;"2022-10-24 22:45:07"
1061;38.0;"2022-10-24 22:45:08"
1062;45.0;"2022-10-24 22:45:09"
1063;42.0;"2022-10-24 22:45:10"
1064;43.0;"2022-10-24 22:45:11"
1065;41.0;"2022-10-24 22:45:12"
1066;38.0;"2022-10-24 22:45:13"
1067;38.0;"2022-10-24 22:45:15"
1068;38.0;"2022-10-24 22:45:16"
1069;40.0;"2022-10-24 22:45:17"
1070;38.0;"2022-10-24 22:45:18"
1071;44.0;"2022-10-24 22:45:19"
1072;42.0;"2022-10-24 22:45:20"
1073;39.0;"2022-10-24 22:45:21"
1074;44.0;"2022-10-24 22:45:22"
1075;43.0;"2022-10-24 22:45:23"
1076;39.0;"2022-10-24 22:45:25"
1077;39.0;"2022-10-24 22:45:26"
1078;44.0;"2022-10-24 22:45:27"
1079;38.0;"2022-10-24 22:45:28"
1080;38.0;"2022-10-24 22:45:29"
1081;40.0;"2022-10-24 22:45:30"
1082;37.0;"2022-10-24 22:45:31"
1083;38.0;"2022-10-24 22:45:32"
1084;37.0;"2022-10-24 22:45:33"
1085;37.0;"2022-10-24 22:45:34"
1086;41.0;"2022-10-24 22:45:35"
1087;40.0;"2022-10-24 22:45:36"
1088;38.0;"2022-10-24 22:45:38"
1089;37.0;"2022-10-24 22:45:39"
1090;38.0;"2022-10-24 22:45:40"
1091;36.0;"2022-10-24 22:45:41"
1092;41.0;"2022-10-24 22:45:42"
1093;38.0;"2022-10-24 22:45:43"
1094;36.0;"2022-10-24 22:45:44"
1095;37.0;"2022-10-24 22:45:45"
1096;43.0;"2022-10-24 22:45:47"
1097;42.0;"2022-10-24 22:45:48"
1098;43.0;"2022-10-24 22:45:49"
1099;45.0;"2022-10-24 22:45:50"
1100;38.0;"2022-10-24 22:45:51"
1101;42.0;"2022-10-24 22:45:52"
1102;48.0;"2022-10-24 22:45:53"
1103;45.0;"2022-10-24 22:45:54"
1104;44.0;"2022-10-24 22:45:55"
1105;43.0;"2022-10-24 22:45:56"
1106;37.0;"2022-10-24 22:45:57"
1107;46.0;"2022-10-24 22:45:58"
1108;38.0;"2022-10-24 22:45:59"
1109;46.0;"2022-10-24 22:46:01"
1110;46.0;"2022-10-24 22:46:02"
1111;45.0;"2022-10-24 22:46:03"
1112;37.0;"2022-10-24 22:46:04"
1113;37.0;"2022-10-24 22:46:05"
1114;37.0;"2022-10-24 22:46:06"
1115;39.0;"2022-10-24 22:46:07"
1116;39.0;"2022-10-24 22:46:08"
1117;37.0;"2022-10-24 22:46:10"
1118;44.0;"2022-10-24 22:46:11"
1119;41.0;"2022-10-24 22:46:12"
1120;40.0;"2022-10-24 22:46:13"
1121;36.0;"2022-10-24 22:46:14"
1122;37.0;"2022-10-24 22:46:15"
1123;39.0;"2022-10-24 22:46:16"
1124;46.0;"2022-10-24 22:46:17"
1125;43.0;"2022-10-24 22:46:18"
1126;46.0;"2022-10-24 22:46:19"
1127;45.0;"2022-10-24 22:46:20"
1128;46.0;"2022-10-24 22:46:21"
1129;46.0;"2022-10-24 22:46:22"
1130;48.0;"2022-10-24 22:46:24"
1131;45.0;"2022-10-24 22:46:25"
1132;38.0;"2022-10-24 22:46:26"
1133;38.0;"2022-10-24 22:46:27"
1134;38.0;"2022-10-24 22:46:28"
1135;38.0;"2022-10-24 22:46:29"
1136;41.0;"2022-10-24 22:46:30"
1137;38.0;"2022-10-24 22:46:31"
1138;41.0;"2022-10-24 22:46:32"
1139;40.0;"2022-10-24 22:46:33"
1140;43.0;"2022-10-24 22:46:34"
1141;39.0;"2022-10-24 22:46:35"
1142;38.0;"2022-10-24 22:46:36"
1143;40.0;"2022-10-24 22:46:37"
1144;40.0;"2022-10-24 22:46:39"
1145;43.0;"2022-10-24 22:46:40"
1146;45.0;"2022-10-24 22:46:41"
1147;38.0;"2022-10-24 22:46:42"
1148;38.0;"2022-10-24 22:46:43"
1149;37.0;"2022-10-24 22:46:44"
1150;38.0;"2022-10-24 22:46:45"
1151;40.0;"2022-10-24 22:46:46"
1152;39.0;"2022-10-24 22:46:47"
1153;40.0;"2022-10-24 22:46:48"
1154;36.0;"2022-10-24 22:46:49"
1155;37.0;"2022-10-24 22:46:50"
1156;40.0;"2022-10-24 22:46:51"
1157;39.0;"2022-10-24 22:46:52"
1158;37.0;"2022-10-24 22:46:54"
1159;37.0;"2022-10-24 22:46:55"
1160;36.0;"2022-10-24 22:46:56"
1161;36.0;"2022-10-24 22:46:57"
1162;45.0;"2022-10-24 22:46:58"
1163;38.0;"2022-10-24 22:46:59"
1164;40.0;"2022-10-24 22:47:00"
1165;39.0;"2022-10-24 22:47:01"
1166;37.0;"2022-10-24 22:47:02"
1167;38.0;"2022-10-24 22:47:03"
1168;37.0;"2022-10-24 22:47:04"
1169;44.0;"2022-10-24 22:47:05"
1170;46.0;"2022-10-24 22:47:07"
1171;46.0;"2022-10-24 22:47:08"
1172;45.0;"2022-10-24 22:47:09"
1173;41.0;"2022-10-24 22:47:10"
1174;41.0;"2022-10-24 22:47:11"
1175;43.0;"2022-10-24 22:47:12"
1176;43.0;"2022-10-24 22:47:13"
1177;41.0;"2022-10-24 22:47:14"
1178;41.0;"2022-10-24 22:47:15"
1179;41.0;"2022-10-24 22:47:16"
1180;42.0;"2022-10-24 22:47:17"
1181;40.0;"2022-10-24 22:47:18"
1182;41.0;"2022-10-24 22:47:20"
1183;41.0;"2022-10-24 22:47:21"
1184;41.0;"2022-10-24 22:47:22"
1185;40.0;"2022-10-24 22:47:23"
1186;41.0;"2022-10-24 22:47:24"
1187;43.0;"2022-10-24 22:47:25"
1188;42.0;"2022-10-24 22:47:26"
1189;44.0;"2022-10-24 22:47:27"
1190;45.0;"2022-10-24 22:47:28"
1191;38.0;"2022-10-24 22:47:29"
1192;43.0;"2022-10-24 22:47:30"
1193;40.0;"2022-10-24 22:47:32"
1194;37.0;"2022-10-24 22:47:33"
1195;41.0;"2022-10-24 22:47:34"
1196;41.0;"2022-10-24 22:47:35"
1197;40.0;"2022-10-24 22:47:36"
1198;44.0;"2022-10-24 22:47:37"
1199;40.0;"2022-10-24 22:47:38"
1200;38.0;"2022-10-24 22:47:39"
1201;40.0;"2022-10-24 22:47:40"
1202;47.0;"2022-10-24 22:47:41"
1203;40.0;"2022-10-24 22:47:42"
1204;41.0;"2022-10-24 22:47:44"
1205;42.0;"2022-10-24 22:47:45"
1206;42.0;"2022-10-24 22:47:46"
1207;47.0;"2022-10-24 22:47:47"
1208;45.0;"2022-10-24 22:47:48"
1209;47.0;"2022-10-24 22:47:49"
1210;44.0;"2022-10-24 22:47:50"
1211;43.0;"2022-10-24 22:47:52"
1212;39.0;"2022-10-24 22:47:53"
1213;38.0;"2022-10-24 22:47:54"
1214;46.0;"2022-10-24 22:47:55"
1215;47.0;"2022-10-24 22:47:56"
1216;38.0;"2022-10-24 22:47:57"
1217;38.0;"2022-10-24 22:47:58"
1218;43.0;"2022-10-24 22:47:59"
1219;47.0;"2022-10-24 22:48:00"
1220;39.0;"2022-10-24 22:48:01"
1221;46.0;"2022-10-24 22:48:02"
1222;46.0;"2022-10-24 22:48:03"
1223;41.0;"2022-10-24 22:48:04"
1224;38.0;"2022-10-24 22:48:05"
1225;38.0;"2022-10-24 22:48:07"
1226;37.0;"2022-10-24 22:48:08"
1227;36.0;"2022-10-24 22:48:09"
1228;36.0;"2022-10-24 22:48:10"
1229;36.0;"2022-10-24 22:48:11"
1230;36.0;"2022-10-24 22:48:12"
1231;37.0;"2022-10-24 22:48:13"
1232;37.0;"2022-10-24 22:48:14"
1233;40.0;"2022-10-24 22:48:15"
1234;36.0;"2022-10-24 22:48:16"
1235;37.0;"2022-10-24 22:48:18"
1236;36.0;"2022-10-24 22:48:19"
1237;36.0;"2022-10-24 22:48:20"
1238;37.0;"2022-10-24 22:48:21"
1239;37.0;"2022-10-24 22:48:22"
1240;38.0;"2022-10-24 22:48:23"
1241;37.0;"2022-10-24 22:48:24"
1242;39.0;"2022-10-24 22:48:25"
1243;45.0;"2022-10-24 22:48:26"
1244;40.0;"2022-10-24 22:48:27"
1245;44.0;"2022-10-24 22:48:28"
1246;41.0;"2022-10-24 22:48:29"
1247;40.0;"2022-10-24 22:48:30"
1248;43.0;"2022-10-24 22:48:31"
1249;38.0;"2022-10-24 22:48:32"
1250;39.0;"2022-10-24 22:48:34"
1251;37.0;"2022-10-24 22:48:35"
1252;38.0;"2022-10-24 22:48:36"
1253;38.0;"2022-10-24 22:48:37"
1254;41.0;"2022-10-24 22:48:38"
1255;41.0;"2022-10-24 22:48:39"
1256;45.0;"2022-10-24 22:48:40"
1257;42.0;"2022-10-24 22:48:41"
1258;39.0;"2022-10-24 22:48:42"
1259;41.0;"2022-10-24 22:48:43"
1260;38.0;"2022-10-24 22:48:45"
1261;37.0;"2022-10-24 22:48:46"
1262;41.0;"2022-10-24 22:48:47"
1263;38.0;"2022-10-24 22:48:48"
1264;38.0;"2022-10-24 22:48:49"
1265;38.0;"2022-10-24 22:48:50"
1266;37.0;"2022-10-24 22:48:51"
1267;36.0;"2022-10-24 22:48:52"
1268;39.0;"2022-10-24 22:48:53"
1269;37.0;"2022-10-24 22:48:54"
1270;39.0;"2022-10-24 22:48:55"
1271;38.0;"2022-10-24 22:48:57"
1272;37.0;"2022-10-24 22:48:58"
1273;37.0;"2022-10-24 22:48:59"
1274;39.0;"2022-10-24 22:49:00"
1275;44.0;"2022-10-24 22:49:01"
1276;39.0;"2022-10-24 22:49:02"
1277;38.0;"2022-10-24 22:49:03"
1278;38.0;"2022-10-24 22:49:04"
1279;40.0;"2022-10-24 22:49:05"
1280;47.0;"2022-10-24 22:49:06"
1281;46.0;"2022-10-24 22:49:07"
1282;39.0;"2022-10-24 22:49:08"
1283;40.0;"2022-10-24 22:49:09"
1284;41.0;"2022-10-24 22:49:10"
1285;40.0;"2022-10-24 22:49:12"
1286;38.0;"2022-10-24 22:49:13"
1287;37.0;"2022-10-24 22:49:14"
1288;36.0;"2022-10-24 22:49:15"
1289;36.0;"2022-10-24 22:49:16"
1290;36.0;"2022-10-24 22:49:17"
1291;38.0;"2022-10-24 22:49:18"
1292;37.0;"2022-10-24 22:49:19"
1293;38.0;"2022-10-24 22:49:20"
1294;36.0;"2022-10-24 22:49:21"
1295;36.0;"2022-10-24 22:49:22"
1296;38.0;"2022-10-24 22:49:23"
1297;37.0;"2022-10-24 22:49:24"
1298;38.0;"2022-10-24 22:49:26"
1299;37.0;"2022-10-24 22:49:27"
1300;41.0;"2022-10-24 22:49:28"
1301;38.0;"2022-10-24 22:49:29"
1302;38.0;"2022-10-24 22:49:30"
1303;37.0;"2022-10-24 22:49:31"
1304;43.0;"2022-10-24 22:49:32"
1305;44.0;"2022-10-24 22:49:33"
1306;40.0;"2022-10-24 22:49:34"
1307;39.0;"2022-10-24 22:49:35"
1308;38.0;"2022-10-24 22:49:37"
1309;42.0;"2022-10-24 22:49:38"
1310;43.0;"2022-10-24 22:49:39"
1311;37.0;"2022-10-24 22:49:40"
1312;36.0;"2022-10-24 22:49:41"
1313;40.0;"2022-10-24 22:49:42"
1314;38.0;"2022-10-24 22:49:43"
1315;41.0;"2022-10-24 22:49:44"
1316;37.0;"2022-10-24 22:49:45"
1317;36.0;"2022-10-24 22:49:46"
1318;35.0;"2022-10-24 22:49:47"
1319;40.0;"2022-10-24 22:49:48"
1320;37.0;"2022-10-24 22:49:49"
1321;38.0;"2022-10-24 22:49:51"
1322;39.0;"2022-10-24 22:49:52"
1323;41.0;"2022-10-24 22:49:53"
1324;37.0;"2022-10-24 22:49:54"
1325;37.0;"2022-10-24 22:49:55"
1326;38.0;"2022-10-24 22:49:56"
1327;38.0;"2022-10-24 22:49:57"
1328;41.0;"2022-10-24 22:49:58"
1329;38.0;"2022-10-24 22:49:59"
1330;37.0;"2022-10-24 22:50:00"
1331;45.0;"2022-10-24 22:50:01"
1332;43.0;"2022-10-24 22:50:02"
1333;39.0;"2022-10-24 22:50:03"
1334;36.0;"2022-10-24 22:50:04"
1335;37.0;"2022-10-24 22:50:05"
1336;37.0;"2022-10-24 22:50:07"
1337;45.0;"2022-10-24 22:50:08"
1338;44.0;"2022-10-24 22:50:09"
1339;37.0;"2022-10-24 22:50:10"
1340;40.0;"2022-10-24 22:50:11"
1341;41.0;"2022-10-24 22:50:12"
1342;38.0;"2022-10-24 22:50:13"
1343;44.0;"2022-10-24 22:50:14"
1344;36.0;"2022-10-24 22:50:15"
1345;41.0;"2022-10-24 22:50:16"
1346;46.0;"2022-10-24 22:50:17"
1347;39.0;"2022-10-24 22:50:18"
1348;39.0;"2022-10-24 22:50:19"
1349;39.0;"2022-10-24 22:50:21"
1350;41.0;"2022-10-24 22:50:22"
1351;43.0;"2022-10-24 22:50:23"
1352;38.0;"2022-10-24 22:50:24"
1353;39.0;"2022-10-24 22:50:25"
1354;42.0;"2022-10-24 22:50:26"
1355;47.0;"2022-10-24 22:50:27"
1356;45.0;"2022-10-24 22:50:28"
1357;44.0;"2022-10-24 22:50:29"
1358;44.0;"2022-10-24 22:50:30"
1359;46.0;"2022-10-24 22:50:31"
1360;39.0;"2022-10-24 22:50:32"
1361;42.0;"2022-10-24 22:50:33"
1362;44.0;"2022-10-24 22:50:34"
1363;41.0;"2022-10-24 22:50:36"
1364;43.0;"2022-10-24 22:50:37"
1365;42.0;"2022-10-24 22:50:38"
1366;39.0;"2022-10-24 22:50:39"
1367;43.0;"2022-10-24 22:50:40"
1368;43.0;"2022-10-24 22:50:41"
1369;38.0;"2022-10-24 22:50:42"
1370;39.0;"2022-10-24 22:50:43"
1371;37.0;"2022-10-24 22:50:44"
1372;43.0;"2022-10-24 22:50:45"
1373;47.0;"2022-10-24 22:50:46"
1374;45.0;"2022-10-24 22:50:47"
1375;44.0;"2022-10-24 22:50:49"
1376;40.0;"2022-10-24 22:50:50"
1377;48.0;"2022-10-24 22:50:51"
1378;37.0;"2022-10-24 22:50:52"
1379;37.0;"2022-10-24 22:50:53"
1380;40.0;"2022-10-24 22:50:54"
1381;44.0;"2022-10-24 22:50:55"
1382;44.0;"2022-10-24 22:50:56"
1383;44.0;"2022-10-24 22:50:57"
1384;48.0;"2022-10-24 22:50:59"
1385;41.0;"2022-10-24 22:51:00"
1386;38.0;"2022-10-24 22:51:01"
1387;37.0;"2022-10-24 22:51:02"
1388;37.0;"2022-10-24 22:51:03"
1389;40.0;"2022-10-24 22:51:04"
1390;40.0;"2022-10-24 22:51:05"
1391;44.0;"2022-10-24 22:51:06"
1392;42.0;"2022-10-24 22:51:08"
1393;44.0;"2022-10-24 22:51:09"
1394;43.0;"2022-10-24 22:51:10"
1395;41.0;"2022-10-24 22:51:11"
1396;40.0;"2022-10-24 22:51:12"
1397;40.0;"2022-10-24 22:51:13"
1398;42.0;"2022-10-24 22:51:14"
1399;46.0;"2022-10-24 22:51:15"
1400;42.0;"2022-10-24 22:51:16"
1401;46.0;"2022-10-24 22:51:17"
1402;40.0;"2022-10-24 22:51:18"
1403;38.0;"2022-10-24 22:51:19"
1404;38.0;"2022-10-24 22:51:20"
1405;37.0;"2022-10-24 22:51:21"
1406;38.0;"2022-10-24 22:51:23"
1407;37.0;"2022-10-24 22:51:24"
1408;38.0;"2022-10-24 22:51:25"
1409;36.0;"2022-10-24 22:51:26"
1410;38.0;"2022-10-24 22:51:27"
1411;37.0;"2022-10-24 22:51:28"
1412;36.0;"2022-10-24 22:51:29"
1413;38.0;"2022-10-24 22:51:30"
1414;40.0;"2022-10-24 22:51:31"
1415;39.0;"2022-10-24 22:51:33"
1416;38.0;"2022-10-24 22:51:34"
1417;37.0;"2022-10-24 22:51:35"
1418;36.0;"2022-10-24 22:51:36"
1419;36.0;"2022-10-24 22:51:37"
1420;37.0;"2022-10-24 22:51:38"
1421;37.0;"2022-10-24 22:51:39"
1422;36.0;"2022-10-24 22:51:40"
1423;37.0;"2022-10-24 22:51:41"
1424;37.0;"2022-10-24 22:51:42"
1425;37.0;"2022-10-24 22:51:43"
1426;44.0;"2022-10-24 22:51:45"
1427;41.0;"2022-10-24 22:51:46"
1428;40.0;"2022-10-24 22:51:47"
1429;37.0;"2022-10-24 22:51:48"
1430;38.0;"2022-10-24 22:51:49"
1431;39.0;"2022-10-24 22:51:50"
1432;37.0;"2022-10-24 22:51:51"
1433;36.0;"2022-10-24 22:51:52"
1434;37.0;"2022-10-24 22:51:53"
1435;38.0;"2022-10-24 22:51:54"
1436;38.0;"2022-10-24 22:51:55"
1437;37.0;"2022-10-24 22:51:57"
1438;38.0;"2022-10-24 22:51:58"
1439;37.0;"2022-10-24 22:51:59"
1440;38.0;"2022-10-24 22:52:00"
1441;39.0;"2022-10-24 22:52:01"
1442;41.0;"2022-10-24 22:52:02"
1443;41.0;"2022-10-24 22:52:03"
1444;39.0;"2022-10-24 22:52:04"
1445;43.0;"2022-10-24 22:52:06"
1446;40.0;"2022-10-24 22:52:07"
1447;39.0;"2022-10-24 22:52:08"
1448;40.0;"2022-10-24 22:52:09"
1449;39.0;"2022-10-24 22:52:10"
1450;47.0;"2022-10-24 22:52:12"
1451;44.0;"2022-10-24 22:52:13"
1452;45.0;"2022-10-24 22:52:14"
1453;41.0;"2022-10-24 22:52:15"
1454;45.0;"2022-10-24 22:52:16"
1455;38.0;"2022-10-24 22:52:17"
1456;38.0;"2022-10-24 22:52:19"
1457;46.0;"2022-10-24 22:52:20"
1458;46.0;"2022-10-24 22:52:21"
1459;39.0;"2022-10-24 22:52:22"
1460;39.0;"2022-10-24 22:52:23"
1461;37.0;"2022-10-24 22:52:24"
1462;38.0;"2022-10-24 22:52:25"
1463;42.0;"2022-10-24 22:52:26"
1464;39.0;"2022-10-24 22:52:27"
1465;37.0;"2022-10-24 22:52:29"
1466;37.0;"2022-10-24 22:52:30"
1467;37.0;"2022-10-24 22:52:31"
1468;36.0;"2022-10-24 22:52:32"
1469;37.0;"2022-10-24 22:52:33"
1470;36.0;"2022-10-24 22:52:34"
1471;36.0;"2022-10-24 22:52:35"
1472;39.0;"2022-10-24 22:52:36"
1473;36.0;"2022-10-24 22:52:37"
1474;38.0;"2022-10-24 22:52:38"
1475;35.0;"2022-10-24 22:52:39"
1476;37.0;"2022-10-24 22:52:40"
1477;36.0;"2022-10-24 22:52:42"
1478;38.0;"2022-10-24 22:52:43"
1479;35.0;"2022-10-24 22:52:44"
1480;36.0;"2022-10-24 22:52:45"
1481;35.0;"2022-10-24 22:52:46"
1482;39.0;"2022-10-24 22:52:47"
1483;38.0;"2022-10-24 22:52:48"
1484;36.0;"2022-10-24 22:52:49"
1485;38.0;"2022-10-24 22:52:50"
1486;36.0;"2022-10-24 22:52:51"
1487;39.0;"2022-10-24 22:52:52"
1488;43.0;"2022-10-24 22:52:54"
1489;44.0;"2022-10-24 22:52:55"
1490;43.0;"2022-10-24 22:52:56"
1491;47.0;"2022-10-24 22:52:57"
1492;46.0;"2022-10-24 22:52:58"
1493;43.0;"2022-10-24 22:52:59"
1494;46.0;"2022-10-24 22:53:00"
1495;46.0;"2022-10-24 22:53:01"
1496;42.0;"2022-10-24 22:53:02"
1497;39.0;"2022-10-24 22:53:03"
1498;47.0;"2022-10-24 22:53:04"
1499;43.0;"2022-10-24 22:53:06"
1500;37.0;"2022-10-24 22:53:07"
1501;37.0;"2022-10-24 22:53:08"
1502;36.0;"2022-10-24 22:53:09"
1503;42.0;"2022-10-24 22:53:10"
1504;46.0;"2022-10-24 22:53:11"
1505;43.0;"2022-10-24 22:53:12"
1506;44.0;"2022-10-24 22:53:13"
1507;43.0;"2022-10-24 22:53:14"
1508;42.0;"2022-10-24 22:53:15"
1509;46.0;"2022-10-24 22:53:16"
1510;37.0;"2022-10-24 22:53:17"
1511;40.0;"2022-10-24 22:53:18"
1512;38.0;"2022-10-24 22:53:19"
1513;43.0;"2022-10-24 22:53:20"
1514;39.0;"2022-10-24 22:53:22"
1515;38.0;"2022-10-24 22:53:23"
1516;38.0;"2022-10-24 22:53:24"
1517;38.0;"2022-10-24 22:53:25"
1518;39.0;"2022-10-24 22:53:26"
1519;38.0;"2022-10-24 22:53:27"
1520;37.0;"2022-10-24 22:53:28"
1521;38.0;"2022-10-24 22:53:29"
1522;37.0;"2022-10-24 22:53:30"
1523;38.0;"2022-10-24 22:53:31"
1524;38.0;"2022-10-24 22:53:32"
1525;37.0;"2022-10-24 22:53:33"
1526;36.0;"2022-10-24 22:53:34"
1527;35.0;"2022-10-24 22:53:35"
1528;36.0;"2022-10-24 22:53:37"
1529;37.0;"2022-10-24 22:53:38"
1530;38.0;"2022-10-24 22:53:39"
1531;40.0;"2022-10-24 22:53:40"
1532;38.0;"2022-10-24 22:53:41"
1533;36.0;"2022-10-24 22:53:42"
1534;37.0;"2022-10-24 22:53:43"
1535;39.0;"2022-10-24 22:53:45"
1536;40.0;"2022-10-24 22:53:46"
1537;48.0;"2022-10-24 22:53:47"
1538;42.0;"2022-10-24 22:53:48"
1539;40.0;"2022-10-24 22:53:49"
1540;38.0;"2022-10-24 22:53:50"
1541;41.0;"2022-10-24 22:53:51"
1542;37.0;"2022-10-24 22:53:52"
1543;38.0;"2022-10-24 22:53:54"
1544;36.0;"2022-10-24 22:53:55"
1545;37.0;"2022-10-24 22:53:56"
1546;41.0;"2022-10-24 22:53:57"
1547;38.0;"2022-10-24 22:53:58"
1548;37.0;"2022-10-24 22:53:59"
1549;37.0;"2022-10-24 22:54:00"
1550;38.0;"2022-10-24 22:54:01"
1551;37.0;"2022-10-24 22:54:02"
1552;37.0;"2022-10-24 22:54:03"
1553;36.0;"2022-10-24 22:54:04"
1554;37.0;"2022-10-24 22:54:06"
1555;39.0;"2022-10-24 22:54:07"
1556;38.0;"2022-10-24 22:54:08"
1557;36.0;"2022-10-24 22:54:09"
1558;37.0;"2022-10-24 22:54:10"
1559;43.0;"2022-10-24 22:54:11"
1560;36.0;"2022-10-24 22:54:12"
1561;36.0;"2022-10-24 22:54:13"
1562;36.0;"2022-10-24 22:54:14"
1563;36.0;"2022-10-24 22:54:15"
1564;40.0;"2022-10-24 22:54:16"
1565;36.0;"2022-10-24 22:54:17"
1566;36.0;"2022-10-24 22:54:18"
1567;35.0;"2022-10-24 22:54:19"
1568;36.0;"2022-10-24 22:54:21"
1569;38.0;"2022-10-24 22:54:22"
1570;37.0;"2022-10-24 22:54:23"
1571;36.0;"2022-10-24 22:54:24"
1572;39.0;"2022-10-24 22:54:25"
1573;36.0;"2022-10-24 22:54:26"
1574;38.0;"2022-10-24 22:54:27"
1575;37.0;"2022-10-24 22:54:29"
1576;36.0;"2022-10-24 22:54:30"
1577;35.0;"2022-10-24 22:54:31"
1578;41.0;"2022-10-24 22:54:32"
1579;39.0;"2022-10-24 22:54:33"
1580;38.0;"2022-10-24 22:54:34"
1581;46.0;"2022-10-24 22:54:35"
1582;41.0;"2022-10-24 22:54:36"
1583;37.0;"2022-10-24 22:54:37"
1584;39.0;"2022-10-24 22:54:38"
1585;38.0;"2022-10-24 22:54:39"
1586;37.0;"2022-10-24 22:54:41"
1587;36.0;"2022-10-24 22:54:42"
1588;38.0;"2022-10-24 22:54:43"
1589;37.0;"2022-10-24 22:54:44"
1590;39.0;"2022-10-24 22:54:45"
1591;38.0;"2022-10-24 22:54:46"
1592;37.0;"2022-10-24 22:54:47"
1593;41.0;"2022-10-24 22:54:48"
1594;45.0;"2022-10-24 22:54:49"
1595;43.0;"2022-10-24 22:54:50"
1596;38.0;"2022-10-24 22:54:52"
1597;39.0;"2022-10-24 22:54:53"
1598;37.0;"2022-10-24 22:54:55"
1599;46.0;"2022-10-24 22:54:56"
1600;37.0;"2022-10-24 22:54:57"
1601;37.0;"2022-10-24 22:54:58"
1602;46.0;"2022-10-24 22:54:59"
1603;37.0;"2022-10-24 22:55:01"
1604;42.0;"2022-10-24 22:55:02"
1605;37.0;"2022-10-24 22:55:03"
1606;37.0;"2022-10-24 22:55:04"
1607;36.0;"2022-10-24 22:55:05"
1608;41.0;"2022-10-24 22:55:06"
1609;42.0;"2022-10-24 22:55:07"
1610;42.0;"2022-10-24 22:55:08"
1611;39.0;"2022-10-24 22:55:09"
1612;37.0;"2022-10-24 22:55:11"
1613;36.0;"2022-10-24 22:55:12"
1614;36.0;"2022-10-24 22:55:13"
1615;35.0;"2022-10-24 22:55:14"
1616;37.0;"2022-10-24 22:55:15"
1617;37.0;"2022-10-24 22:55:16"
1618;37.0;"2022-10-24 22:55:17"
1619;38.0;"2022-10-24 22:55:18"
1620;46.0;"2022-10-24 22:55:19"
1621;41.0;"2022-10-24 22:55:20"
1622;44.0;"2022-10-24 22:55:21"
1623;49.0;"2022-10-24 22:55:23"
1624;39.0;"2022-10-24 22:55:24"
1625;44.0;"2022-10-24 22:55:25"
1626;39.0;"2022-10-24 22:55:27"
1627;36.0;"2022-10-24 22:55:28"
1628;37.0;"2022-10-24 22:55:29"
1629;37.0;"2022-10-24 22:55:30"
1630;46.0;"2022-10-24 22:55:31"
1631;41.0;"2022-10-24 22:55:33"
1632;46.0;"2022-10-24 22:55:34"
1633;40.0;"2022-10-24 22:55:35"
1634;38.0;"2022-10-24 22:55:36"
1635;37.0;"2022-10-24 22:55:37"
1636;43.0;"2022-10-24 22:55:38"
1637;38.0;"2022-10-24 22:55:39"
1638;37.0;"2022-10-24 22:55:41"
1639;37.0;"2022-10-24 22:55:42"
1640;44.0;"2022-10-24 22:55:43"
1641;41.0;"2022-10-24 22:55:44"
1642;45.0;"2022-10-24 22:55:45"
1643;44.0;"2022-10-24 22:55:46"
1644;40.0;"2022-10-24 22:55:47"
1645;45.0;"2022-10-24 22:55:48"
1646;45.0;"2022-10-24 22:55:49"
1647;47.0;"2022-10-24 22:55:50"
1648;46.0;"2022-10-24 22:55:52"
1649;47.0;"2022-10-24 22:55:53"
1650;47.0;"2022-10-24 22:55:54"
1651;47.0;"2022-10-24 22:55:55"
1652;45.0;"2022-10-24 22:55:56"
1653;41.0;"2022-10-24 22:55:57"
1654;41.0;"2022-10-24 22:55:58"
1655;39.0;"2022-10-24 22:55:59"
1656;45.0;"2022-10-24 22:56:00"
1657;46.0;"2022-10-24 22:56:01"
1658;42.0;"2022-10-24 22:56:03"
1659;46.0;"2022-10-24 22:56:04"
1660;44.0;"2022-10-24 22:56:05"
1661;46.0;"2022-10-24 22:56:06"
1662;42.0;"2022-10-24 22:56:07"
1663;42.0;"2022-10-24 22:56:08"
1664;43.0;"2022-10-24 22:56:09"
1665;46.0;"2022-10-24 22:56:11"
1666;44.0;"2022-10-24 22:56:12"
1667;45.0;"2022-10-24 22:56:13"
1668;44.0;"2022-10-24 22:56:14"
1669;47.0;"2022-10-24 22:56:15"
1670;44.0;"2022-10-24 22:56:16"
1671;42.0;"2022-10-24 22:56:17"
1672;43.0;"2022-10-24 22:56:18"
1673;41.0;"2022-10-24 22:56:19"
1674;46.0;"2022-10-24 22:56:20"
1675;43.0;"2022-10-24 22:56:21"
1676;39.0;"2022-10-24 22:56:22"
1677;47.0;"2022-10-24 22:56:24"
1678;40.0;"2022-10-24 22:56:25"
1679;45.0;"2022-10-24 22:56:26"
1680;48.0;"2022-10-24 22:56:27"
1681;40.0;"2022-10-24 22:56:28"
1682;40.0;"2022-10-24 22:56:29"
1683;44.0;"2022-10-24 22:56:30"
1684;42.0;"2022-10-24 22:56:31"
1685;44.0;"2022-10-24 22:56:32"
1686;40.0;"2022-10-24 22:56:33"
1687;38.0;"2022-10-24 22:56:34"
1688;38.0;"2022-10-24 22:56:35"
1689;40.0;"2022-10-24 22:56:36"
1690;38.0;"2022-10-24 22:56:37"
1691;48.0;"2022-10-24 22:56:39"
1692;49.0;"2022-10-24 22:56:40"
1693;49.0;"2022-10-24 22:56:41"
1694;46.0;"2022-10-24 22:56:42"
1695;40.0;"2022-10-24 22:56:43"
1696;42.0;"2022-10-24 22:56:44"
1697;47.0;"2022-10-24 22:56:45"
1698;48.0;"2022-10-24 22:56:46"
1699;48.0;"2022-10-24 22:56:48"
1700;50.0;"2022-10-24 22:56:49"
1701;47.0;"2022-10-24 22:56:50"
1702;44.0;"2022-10-24 22:56:51"
1703;45.0;"2022-10-24 22:56:52"
1704;42.0;"2022-10-24 22:56:53"
1705;45.0;"2022-10-24 22:56:54"
1706;47.0;"2022-10-24 22:56:56"
1707;47.0;"2022-10-24 22:56:57"
1708;41.0;"2022-10-24 22:56:58"
1709;45.0;"2022-10-24 22:56:59"
1710;45.0;"2022-10-24 22:57:00"
1711;46.0;"2022-10-24 22:57:01"
1712;41.0;"2022-10-24 22:57:02"
1713;40.0;"2022-10-24 22:57:03"
1714;42.0;"2022-10-24 22:57:05"
1715;46.0;"2022-10-24 22:57:06"
1716;42.0;"2022-10-24 22:57:07"
1717;44.0;"2022-10-24 22:57:08"
1718;40.0;"2022-10-24 22:57:09"
1719;39.0;"2022-10-24 22:57:11"
1720;39.0;"2022-10-24 22:57:12"
1721;39.0;"2022-10-24 22:57:13"
1722;39.0;"2022-10-24 22:57:14"
1723;40.0;"2022-10-24 22:57:15"
1724;40.0;"2022-10-24 22:57:16"
1725;39.0;"2022-10-24 22:57:17"
1726;39.0;"2022-10-24 22:57:18"
1727;39.0;"2022-10-24 22:57:19"
1728;43.0;"2022-10-24 22:57:20"
1729;40.0;"2022-10-24 22:57:21"
1730;40.0;"2022-10-24 22:57:23"
1731;38.0;"2022-10-24 22:57:24"
1732;38.0;"2022-10-24 22:57:25"
1733;39.0;"2022-10-24 22:57:26"
1734;38.0;"2022-10-24 22:57:27"
1735;39.0;"2022-10-24 22:57:28"
1736;40.0;"2022-10-24 22:57:29"
1737;48.0;"2022-10-24 22:57:31"
1738;40.0;"2022-10-24 22:57:32"
1739;39.0;"2022-10-24 22:57:33"
1740;38.0;"2022-10-24 22:57:34"
1741;40.0;"2022-10-24 22:57:35"
1742;43.0;"2022-10-24 22:57:36"
1743;41.0;"2022-10-24 22:57:37"
1744;40.0;"2022-10-24 22:57:38"
1745;38.0;"2022-10-24 22:57:39"
1746;39.0;"2022-10-24 22:57:40"
1747;40.0;"2022-10-24 22:57:42"
1748;38.0;"2022-10-24 22:57:43"
1749;38.0;"2022-10-24 22:57:44"
1750;38.0;"2022-10-24 22:57:45"
1751;38.0;"2022-10-24 22:57:46"
1752;39.0;"2022-10-24 22:57:47"
1753;42.0;"2022-10-24 22:57:48"
1754;38.0;"2022-10-24 22:57:49"
1755;41.0;"2022-10-24 22:57:50"
1756;38.0;"2022-10-24 22:57:51"
1757;38.0;"2022-10-24 22:57:52"
1758;38.0;"2022-10-24 22:57:53"
1759;37.0;"2022-10-24 22:57:54"
1760;39.0;"2022-10-24 22:57:56"
1761;37.0;"2022-10-24 22:57:57"
1762;44.0;"2022-10-24 22:57:58"
1763;45.0;"2022-10-24 22:57:59"
1764;47.0;"2022-10-24 22:58:00"
1765;47.0;"2022-10-24 22:58:01"
1766;43.0;"2022-10-24 22:58:02"
1767;43.0;"2022-10-24 22:58:03"
1768;45.0;"2022-10-24 22:58:05"
1769;43.0;"2022-10-24 22:58:06"
1770;39.0;"2022-10-24 22:58:07"
1771;39.0;"2022-10-24 22:58:08"
1772;42.0;"2022-10-24 22:58:09"
1773;41.0;"2022-10-24 22:58:10"
1774;43.0;"2022-10-24 22:58:11"
1775;40.0;"2022-10-24 22:58:12"
1776;42.0;"2022-10-24 22:58:13"
1777;40.0;"2022-10-24 22:58:14"
1778;47.0;"2022-10-24 22:58:15"
1779;46.0;"2022-10-24 22:58:17"
1780;43.0;"2022-10-24 22:58:18"
1781;44.0;"2022-10-24 22:58:19"
1782;40.0;"2022-10-24 22:58:20"
1783;45.0;"2022-10-24 22:58:21"
1784;47.0;"2022-10-24 22:58:22"
1785;49.0;"2022-10-24 22:58:23"
1786;48.0;"2022-10-24 22:58:24"
1787;46.0;"2022-10-24 22:58:25"
1788;43.0;"2022-10-24 22:58:26"
1789;42.0;"2022-10-24 22:58:27"
1790;41.0;"2022-10-24 22:58:28"
1791;43.0;"2022-10-24 22:58:30"
1792;43.0;"2022-10-24 22:58:31"
1793;44.0;"2022-10-24 22:58:32"
1794;43.0;"2022-10-24 22:58:33"
1795;43.0;"2022-10-24 22:58:34"
1796;45.0;"2022-10-24 22:58:35"
1797;45.0;"2022-10-24 22:58:36"
1798;40.0;"2022-10-24 22:58:37"
1799;40.0;"2022-10-24 22:58:38"
1800;40.0;"2022-10-24 22:58:39"
1801;40.0;"2022-10-24 22:58:40"
1802;40.0;"2022-10-24 22:58:42"
1803;43.0;"2022-10-24 22:58:43"
1804;45.0;"2022-10-24 22:58:44"
1805;42.0;"2022-10-24 22:58:45"
1806;40.0;"2022-10-24 22:58:46"
1807;39.0;"2022-10-24 22:58:47"
1808;40.0;"2022-10-24 22:58:48"
1809;42.0;"2022-10-24 22:58:50"
1810;42.0;"2022-10-24 22:58:51"
1811;38.0;"2022-10-24 22:58:52"
1812;38.0;"2022-10-24 22:58:53"
1813;38.0;"2022-10-24 22:58:54"
1814;38.0;"2022-10-24 22:58:55"
1815;38.0;"2022-10-24 22:58:56"
1816;38.0;"2022-10-24 22:58:57"
1817;37.0;"2022-10-24 22:58:58"
1818;37.0;"2022-10-24 22:58:59"
1819;38.0;"2022-10-24 22:59:00"
1820;37.0;"2022-10-24 22:59:01"
1821;37.0;"2022-10-24 22:59:02"
1822;39.0;"2022-10-24 22:59:04"
1823;38.0;"2022-10-24 22:59:05"
1824;37.0;"2022-10-24 22:59:06"
1825;40.0;"2022-10-24 22:59:07"
1826;46.0;"2022-10-24 22:59:08"
1827;40.0;"2022-10-24 22:59:09"
1828;39.0;"2022-10-24 22:59:10"
1829;38.0;"2022-10-24 22:59:11"
1830;37.0;"2022-10-24 22:59:12"
1831;37.0;"2022-10-24 22:59:13"
1832;42.0;"2022-10-24 22:59:14"
1833;37.0;"2022-10-24 22:59:15"
1834;37.0;"2022-10-24 22:59:16"
1835;45.0;"2022-10-24 22:59:18"
1836;37.0;"2022-10-24 22:59:19"
1837;38.0;"2022-10-24 22:59:20"
1838;43.0;"2022-10-24 22:59:21"
1839;46.0;"2022-10-24 22:59:22"
1840;44.0;"2022-10-24 22:59:23"
1841;48.0;"2022-10-24 22:59:24"
1842;49.0;"2022-10-24 22:59:26"
1843;45.0;"2022-10-24 22:59:27"
1844;44.0;"2022-10-24 22:59:28"
1845;42.0;"2022-10-24 22:59:29"
1846;44.0;"2022-10-24 22:59:30"
1847;46.0;"2022-10-24 22:59:31"
1848;45.0;"2022-10-24 22:59:32"
1849;41.0;"2022-10-24 22:59:34"
1850;41.0;"2022-10-24 22:59:35"
1851;45.0;"2022-10-24 22:59:36"
1852;48.0;"2022-10-24 22:59:37"
1853;41.0;"2022-10-24 22:59:38"
1854;40.0;"2022-10-24 22:59:39"
1855;41.0;"2022-10-24 22:59:40"
1856;38.0;"2022-10-24 22:59:41"
1857;40.0;"2022-10-24 22:59:42"
1858;39.0;"2022-10-24 22:59:43"
1859;37.0;"2022-10-24 22:59:45"
1860;45.0;"2022-10-24 22:59:46"
1861;42.0;"2022-10-24 22:59:47"
1862;39.0;"2022-10-24 22:59:48"
1863;38.0;"2022-10-24 22:59:49"
1864;37.0;"2022-10-24 22:59:51"
1865;42.0;"2022-10-24 22:59:52"
1866;43.0;"2022-10-24 22:59:53"
1867;39.0;"2022-10-24 22:59:54"
1868;41.0;"2022-10-24 22:59:55"
1869;38.0;"2022-10-24 22:59:56"
1870;38.0;"2022-10-24 22:59:57"
1871;36.0;"2022-10-24 22:59:58"
1872;41.0;"2022-10-24 22:59:59"
1873;39.0;"2022-10-24 23:00:00"
1874;37.0;"2022-10-24 23:00:01"
1875;37.0;"2022-10-24 23:00:02"
1876;38.0;"2022-10-24 23:00:04"
1877;38.0;"2022-10-24 23:00:05"
1878;38.0;"2022-10-24 23:00:06"
1879;36.0;"2022-10-24 23:00:07"
1880;38.0;"2022-10-24 23:00:08"
1881;39.0;"2022-10-24 23:00:09"
1882;37.0;"2022-10-24 23:00:10"
1883;39.0;"2022-10-24 23:00:11"
1884;37.0;"2022-10-24 23:00:12"
1885;38.0;"2022-10-24 23:00:13"
1886;37.0;"2022-10-24 23:00:14"
1887;40.0;"2022-10-24 23:00:16"
1888;39.0;"2022-10-24 23:00:17"
1889;37.0;"2022-10-24 23:00:18"
1890;39.0;"2022-10-24 23:00:19"
1891;38.0;"2022-10-24 23:00:20"
1892;38.0;"2022-10-24 23:00:21"
1893;43.0;"2022-10-24 23:00:22"
1894;42.0;"2022-10-24 23:00:23"
1895;45.0;"2022-10-24 23:00:24"
1896;37.0;"2022-10-24 23:00:25"
1897;42.0;"2022-10-24 23:00:26"
1898;39.0;"2022-10-24 23:00:27"
1899;38.0;"2022-10-24 23:00:29"
1900;41.0;"2022-10-24 23:00:30"
1901;39.0;"2022-10-24 23:00:31"
1902;40.0;"2022-10-24 23:00:32"
1903;40.0;"2022-10-24 23:00:33"
1904;39.0;"2022-10-24 23:00:34"
1905;40.0;"2022-10-24 23:00:36"
1906;41.0;"2022-10-24 23:00:37"
1907;37.0;"2022-10-24 23:00:38"
1908;38.0;"2022-10-24 23:00:39"
1909;38.0;"2022-10-24 23:00:40"
1910;39.0;"2022-10-24 23:00:41"
1911;37.0;"2022-10-24 23:00:42"
1912;38.0;"2022-10-24 23:00:43"
1913;47.0;"2022-10-24 23:00:44"
1914;39.0;"2022-10-24 23:00:45"
1915;40.0;"2022-10-24 23:00:47"
1916;38.0;"2022-10-24 23:00:48"
1917;44.0;"2022-10-24 23:00:49"
1918;41.0;"2022-10-24 23:00:50"
1919;42.0;"2022-10-24 23:00:51"
1920;41.0;"2022-10-24 23:00:52"
1921;39.0;"2022-10-24 23:00:53"
1922;38.0;"2022-10-24 23:00:54"
1923;40.0;"2022-10-24 23:00:55"
1924;37.0;"2022-10-24 23:00:56"
1925;37.0;"2022-10-24 23:00:57"
1926;39.0;"2022-10-24 23:00:58"
1927;42.0;"2022-10-24 23:01:00"
1928;46.0;"2022-10-24 23:01:01"
1929;40.0;"2022-10-24 23:01:02"
1930;43.0;"2022-10-24 23:01:03"
1931;43.0;"2022-10-24 23:01:04"
1932;45.0;"2022-10-24 23:01:05"
1933;46.0;"2022-10-24 23:01:06"
1934;40.0;"2022-10-24 23:01:08"
1935;41.0;"2022-10-24 23:01:09"
1936;45.0;"2022-10-24 23:01:10"
1937;39.0;"2022-10-24 23:01:11"
1938;39.0;"2022-10-24 23:01:12"
1939;47.0;"2022-10-24 23:01:13"
1940;47.0;"2022-10-24 23:01:14"
1941;48.0;"2022-10-24 23:01:16"
1942;43.0;"2022-10-24 23:01:17"
1943;44.0;"2022-10-24 23:01:18"
1944;43.0;"2022-10-24 23:01:19"
1945;44.0;"2022-10-24 23:01:20"
1946;43.0;"2022-10-24 23:01:21"
1947;43.0;"2022-10-24 23:01:22"
1948;43.0;"2022-10-24 23:01:23"
1949;43.0;"2022-10-24 23:01:24"
1950;43.0;"2022-10-24 23:01:25"
1951;41.0;"2022-10-24 23:01:26"
1952;44.0;"2022-10-24 23:01:27"
1953;46.0;"2022-10-24 23:01:28"
1954;47.0;"2022-10-24 23:01:30"
1955;44.0;"2022-10-24 23:01:31"
1956;41.0;"2022-10-24 23:01:32"
1957;43.0;"2022-10-24 23:01:33"
1958;46.0;"2022-10-24 23:01:34"
1959;45.0;"2022-10-24 23:01:35"
1960;45.0;"2022-10-24 23:01:36"
1961;44.0;"2022-10-24 23:01:37"
1962;42.0;"2022-10-24 23:01:38"
1963;43.0;"2022-10-24 23:01:39"
1964;48.0;"2022-10-24 23:01:40"
1965;41.0;"2022-10-24 23:01:41"
1966;42.0;"2022-10-24 23:01:43"
1967;44.0;"2022-10-24 23:01:44"
1968;47.0;"2022-10-24 23:01:45"
1969;48.0;"2022-10-24 23:01:46"
1970;44.0;"2022-10-24 23:01:47"
1971;41.0;"2022-10-24 23:01:48"
1972;42.0;"2022-10-24 23:01:49"
1973;42.0;"2022-10-24 23:01:50"
1974;45.0;"2022-10-24 23:01:51"
1975;45.0;"2022-10-24 23:01:52"
1976;42.0;"2022-10-24 23:01:54"
1977;44.0;"2022-10-24 23:01:55"
1978;45.0;"2022-10-24 23:01:56"
1979;44.0;"2022-10-24 23:01:57"
1980;45.0;"2022-10-24 23:01:58"
1981;42.0;"2022-10-24 23:01:59"
1982;44.0;"2022-10-24 23:02:00"
1983;43.0;"2022-10-24 23:02:01"
1984;44.0;"2022-10-24 23:02:02"
1985;46.0;"2022-10-24 23:02:03"
1986;44.0;"2022-10-24 23:02:04"
1987;44.0;"2022-10-24 23:02:06"
1988;41.0;"2022-10-24 23:02:07"
1989;42.0;"2022-10-24 23:02:08"
1990;40.0;"2022-10-24 23:02:09"
1991;44.0;"2022-10-24 23:02:10"
1992;40.0;"2022-10-24 23:02:11"
1993;41.0;"2022-10-24 23:02:12"
1994;42.0;"2022-10-24 23:02:13"
1995;40.0;"2022-10-24 23:02:14"
1996;45.0;"2022-10-24 23:02:15"
1997;45.0;"2022-10-24 23:02:16"
1998;39.0;"2022-10-24 23:02:18"
1999;38.0;"2022-10-24 23:02:19"
2000;38.0;"2022-10-24 23:02:20"
2001;38.0;"2022-10-24 23:02:21"
2002;41.0;"2022-10-24 23:02:22"
2003;41.0;"2022-10-24 23:02:23"
2004;37.0;"2022-10-24 23:02:24"
2005;37.0;"2022-10-24 23:02:25"
2006;38.0;"2022-10-24 23:02:26"
2007;37.0;"2022-10-24 23:02:28"
2008;36.0;"2022-10-24 23:02:29"
2009;39.0;"2022-10-24 23:02:30"
2010;41.0;"2022-10-24 23:02:31"
2011;41.0;"2022-10-24 23:02:32"
2012;37.0;"2022-10-24 23:02:33"
2013;36.0;"2022-10-24 23:02:34"
2014;37.0;"2022-10-24 23:02:36"
2015;45.0;"2022-10-24 23:02:37"
2016;39.0;"2022-10-24 23:02:38"
2017;36.0;"2022-10-24 23:02:39"
2018;37.0;"2022-10-24 23:02:40"
2019;38.0;"2022-10-24 23:02:41"
2020;37.0;"2022-10-24 23:02:42"
2021;36.0;"2022-10-24 23:02:43"
2022;39.0;"2022-10-24 23:02:44"
2023;41.0;"2022-10-24 23:02:45"
2024;42.0;"2022-10-24 23:02:46"
2025;36.0;"2022-10-24 23:02:47"
2026;38.0;"2022-10-24 23:02:49"
2027;46.0;"2022-10-24 23:02:50"
2028;39.0;"2022-10-24 23:02:51"
2029;44.0;"2022-10-24 23:02:52"
2030;39.0;"2022-10-24 23:02:53"
2031;35.0;"2022-10-24 23:02:54"
2032;40.0;"2022-10-24 23:02:55"
2033;40.0;"2022-10-24 23:02:56"
